<?xml version="1.0" encoding="UTF-8" standalone="no"?>
<!DOCTYPE Modell SYSTEM "https://a-herzog.github.io/Warteschlangensimulator/Simulator.dtd">
<Modell xmlns="https://a-herzog.github.io" xmlns:xsi="http://www.w3.org/2001/XMLSchema-instance" xsi:schemaLocation="https://a-herzog.github.io https://a-herzog.github.io/Warteschlangensimulator/Simulator.xsd">
  <!-- Diese Datei wurde mit Warteschlangensimulator erstellt. Download-Adresse: https://github.com/A-Herzog/Warteschlangensimulator -->
  <ModellVersion>5.3.0</ModellVersion>
  <ModellAutor>Alexander Herzog</ModellAutor>
  <ModellKunden Aktiv="1">10000000</ModellKunden>
  <ModellAufwaermphase>0</ModellAufwaermphase>
  <ModellWiederholungen>1000</ModellWiederholungen>
  <ModellAbbruchzeit Aktiv="0">10:00:00:00</ModellAbbruchzeit>
  <ModellElemente>
    <ModellElementQuelle id="1">
      <ModellElementName>Generator</ModellElementName>
      <ModellElementGroesse h="50" w="100" x="100" y="300"/>
      <ModellElementVerbindung Element="9" Typ="Auslaufend"/>
      <ModellElementVerteilung Anzahl="500" Zeitbasis="Sekunden">Exponentialverteilung (1)</ModellElementVerteilung>
      <ModellElementBatch Groesse="1"/>
      <ModellElementStartZeitpunkt>1</ModellElementStartZeitpunkt>
    </ModellElementQuelle>
    <ModellElementEnde id="2">
      <ModellElementGroesse h="50" w="100" x="1000" y="300"/>
      <ModellElementVerbindung Element="20" Typ="Einlaufend"/>
    </ModellElementEnde>
    <ModellElementBedienstation id="3">
      <ModellElementName>A</ModellElementName>
      <ModellElementGroesse h="50" w="100" x="550" y="150"/>
      <ModellElementVerbindung Element="10" Typ="Einlaufend"/>
      <ModellElementVerbindung Element="13" Typ="Auslaufend"/>
      <ModellElementVerteilung Status="Bedienzeit" Typ="Bedienzeiten" Zeitbasis="Sekunden">Dreiecksverteilung (2.5;4.5;6.5)</ModellElementVerteilung>
      <ModellElementPrioritaet Kundentyp="Generator">w</ModellElementPrioritaet>
      <ModellElementBediener Alternative="1" Anzahl="1" Gruppe="operatorA"/>
      <ModellElementBedienerPrioritaet>1</ModellElementBedienerPrioritaet>
    </ModellElementBedienstation>
    <ModellElementBedienstation id="5">
      <ModellElementName>B</ModellElementName>
      <ModellElementGroesse h="50" w="100" x="550" y="250"/>
      <ModellElementVerbindung Element="11" Typ="Einlaufend"/>
      <ModellElementVerbindung Element="14" Typ="Auslaufend"/>
      <ModellElementVerteilung Status="Bedienzeit" Typ="Bedienzeiten" Zeitbasis="Sekunden">Dreiecksverteilung (2.5;4.5;6.5)</ModellElementVerteilung>
      <ModellElementPrioritaet Kundentyp="Generator">w</ModellElementPrioritaet>
      <ModellElementBediener Alternative="1" Anzahl="1" Gruppe="operatorB"/>
      <ModellElementBedienerPrioritaet>1</ModellElementBedienerPrioritaet>
    </ModellElementBedienstation>
    <ModellElementBedienstation id="6">
      <ModellElementName>C</ModellElementName>
      <ModellElementGroesse h="50" w="100" x="550" y="350"/>
      <ModellElementVerbindung Element="12" Typ="Einlaufend"/>
      <ModellElementVerbindung Element="15" Typ="Auslaufend"/>
      <ModellElementVerteilung Status="Bedienzeit" Typ="Bedienzeiten" Zeitbasis="Sekunden">Dreiecksverteilung (2.5;4.5;6.5)</ModellElementVerteilung>
      <ModellElementPrioritaet Kundentyp="Generator">w</ModellElementPrioritaet>
      <ModellElementBediener Alternative="1" Anzahl="1" Gruppe="operatorC"/>
      <ModellElementBedienerPrioritaet>1</ModellElementBedienerPrioritaet>
    </ModellElementBedienstation>
    <ModellElementBedienstation id="7">
      <ModellElementName>D</ModellElementName>
      <ModellElementGroesse h="50" w="100" x="550" y="450"/>
      <ModellElementVerbindung Element="17" Typ="Einlaufend"/>
      <ModellElementVerbindung Element="16" Typ="Auslaufend"/>
      <ModellElementVerteilung Status="Bedienzeit" Typ="Bedienzeiten" Zeitbasis="Sekunden">Dreiecksverteilung (2.5;4.5;6.5)</ModellElementVerteilung>
      <ModellElementPrioritaet Kundentyp="Generator">w</ModellElementPrioritaet>
      <ModellElementBediener Alternative="1" Anzahl="1" Gruppe="operatorD"/>
      <ModellElementBedienerPrioritaet>1</ModellElementBedienerPrioritaet>
    </ModellElementBedienstation>
    <ModellElementEcke id="19">
      <ModellElementGroesse h="10" w="10" x="790" y="320"/>
      <ModellElementVerbindung Element="13" Typ="Einlaufend"/>
      <ModellElementVerbindung Element="14" Typ="Einlaufend"/>
      <ModellElementVerbindung Element="15" Typ="Einlaufend"/>
      <ModellElementVerbindung Element="16" Typ="Einlaufend"/>
      <ModellElementVerbindung Element="20" Typ="Auslaufend"/>
    </ModellElementEcke>
    <ModellElementKante id="13">
      <ModellElementVerbindung Element1="3" Element2="19" Typ="Kante"/>
      <ModellElementVerbindungsdarstellungsart>Direkt</ModellElementVerbindungsdarstellungsart>
    </ModellElementKante>
    <ModellElementKante id="14">
      <ModellElementVerbindung Element1="5" Element2="19" Typ="Kante"/>
      <ModellElementVerbindungsdarstellungsart>Direkt</ModellElementVerbindungsdarstellungsart>
    </ModellElementKante>
    <ModellElementKante id="15">
      <ModellElementVerbindung Element1="6" Element2="19" Typ="Kante"/>
      <ModellElementVerbindungsdarstellungsart>Direkt</ModellElementVerbindungsdarstellungsart>
    </ModellElementKante>
    <ModellElementKante id="16">
      <ModellElementVerbindung Element1="7" Element2="19" Typ="Kante"/>
      <ModellElementVerbindungsdarstellungsart>Direkt</ModellElementVerbindungsdarstellungsart>
    </ModellElementKante>
    <ModellElementKante id="20">
      <ModellElementVerbindung Element1="19" Element2="2" Typ="Kante"/>
    </ModellElementKante>
    <ModellElementText id="21">
      <ModellElementGroesse h="21" w="611" x="85" y="80"/>
      <ModellElementTextzeile>C22 - Non-standard Queueing Policies (Basic queueing system; stochastic case)</ModellElementTextzeile>
      <ModellElementSchriftgrosse Symbole="1" fett="1">16</ModellElementSchriftgrosse>
      <ModellElementFarbe>0,0,0</ModellElementFarbe>
    </ModellElementText>
    <ModellElementText id="22">
      <ModellElementGroesse h="30" w="200" x="800" y="375"/>
      <ModellElementTextzeile>Average and maximum queue lengths are</ModellElementTextzeile>
      <ModellElementTextzeile>directly available in the statistics.</ModellElementTextzeile>
      <ModellElementSchriftgrosse Symbole="1">11</ModellElementSchriftgrosse>
      <ModellElementFarbe>60,60,60</ModellElementFarbe>
    </ModellElementText>
    <ModellElementVerzweigen id="4">
      <ModellElementGroesse h="50" w="100" x="300" y="300"/>
      <ModellElementVerzweigungsmodus>MinimumN</ModellElementVerzweigungsmodus>
      <ModellElementVerzweigBeiGleichstand>Erster</ModellElementVerzweigBeiGleichstand>
      <ModellElementVerbindung Element="9" Typ="Einlaufend"/>
      <ModellElementVerbindung Element="10" Typ="Auslaufend"/>
      <ModellElementVerbindung Element="11" Typ="Auslaufend"/>
      <ModellElementVerbindung Element="12" Typ="Auslaufend"/>
      <ModellElementVerbindung Element="17" Typ="Auslaufend"/>
    </ModellElementVerzweigen>
    <ModellElementText id="8">
      <ModellElementGroesse h="30" w="135" x="300" y="370"/>
      <ModellElementTextzeile>Choose station with smallest</ModellElementTextzeile>
      <ModellElementTextzeile>WIP. Go top down on tie.</ModellElementTextzeile>
      <ModellElementSchriftgrosse Symbole="1">11</ModellElementSchriftgrosse>
      <ModellElementFarbe>60,60,60</ModellElementFarbe>
    </ModellElementText>
    <ModellElementKante id="9">
      <ModellElementName>Ankünfte (Generator)</ModellElementName>
      <ModellElementVerbindung Element1="1" Element2="4" Typ="Kante"/>
    </ModellElementKante>
    <ModellElementKante id="10">
      <ModellElementVerbindung Element1="4" Element2="3" Typ="Kante"/>
      <ModellElementVerbindungsdarstellungsart>Direkt</ModellElementVerbindungsdarstellungsart>
    </ModellElementKante>
    <ModellElementKante id="11">
      <ModellElementVerbindung Element1="4" Element2="5" Typ="Kante"/>
      <ModellElementVerbindungsdarstellungsart>Direkt</ModellElementVerbindungsdarstellungsart>
    </ModellElementKante>
    <ModellElementKante id="12">
      <ModellElementVerbindung Element1="4" Element2="6" Typ="Kante"/>
      <ModellElementVerbindungsdarstellungsart>Direkt</ModellElementVerbindungsdarstellungsart>
    </ModellElementKante>
    <ModellElementKante id="17">
      <ModellElementVerbindung Element1="4" Element2="7" Typ="Kante"/>
      <ModellElementVerbindungsdarstellungsart>Direkt</ModellElementVerbindungsdarstellungsart>
    </ModellElementKante>
  </ModellElemente>
  <Ressourcen UntergeordnetePrioritaet="Zufaellig">
    <Ressource Name="operatorA" Typ="Anzahl" Wert="1"/>
    <Ressource Icon="status_online" Name="operatorB" Typ="Anzahl" Wert="1"/>
    <Ressource Name="operatorC" Typ="Anzahl" Wert="1"/>
    <Ressource Name="operatorD" Typ="Anzahl" Wert="1"/>
  </Ressourcen>
  <KundentypenDaten/>
  <ModellZusatzStatistik Schrittweite="1"/>
  <ModellKantenNormal Breite="1" Farbe="0,0,0" Typ="0"/>
  <ModellKantenSelektiert Breite="1" Typ="0"/>
  <ModellElementVerbindungsdarstellungsart>Abgerundet abgewinkelt</ModellElementVerbindungsdarstellungsart>
</Modell>
