<?xml version="1.0" encoding="UTF-8" standalone="no"?>
<!DOCTYPE Modell SYSTEM "https://a-herzog.github.io/Warteschlangensimulator/Simulator.dtd">
<Modell xmlns="https://a-herzog.github.io" xmlns:xsi="http://www.w3.org/2001/XMLSchema-instance" xsi:schemaLocation="https://a-herzog.github.io https://a-herzog.github.io/Warteschlangensimulator/Simulator.xsd">
  <!-- Diese Datei wurde mit Warteschlangensimulator erstellt. Download-Adresse: https://github.com/A-Herzog/Warteschlangensimulator -->
  <ModellVersion>5.5.0</ModellVersion>
  <ModellName>C06 - Emergency Department - Follow-up Treatment</ModellName>
  <ModellBeschreibung>See:
https://www.sne-journal.org/benchmarks/c06</ModellBeschreibung>
  <ModellAutor>Alexander Herzog</ModellAutor>
  <ModellKunden Aktiv="1">10000000</ModellKunden>
  <ModellAufwaermphase>0</ModellAufwaermphase>
  <ModellAbbruchzeit Aktiv="0">10:00:00:00</ModellAbbruchzeit>
  <ModellElemente>
    <ModellElementQuelle id="1">
      <ModellElementName>Patients</ModellElementName>
      <ModellElementGroesse h="50" w="100" x="100" y="150"/>
      <ModellElementVerbindung Element="3" Typ="Auslaufend"/>
      <ModellElementZeitplan>Arrivals</ModellElementZeitplan>
      <ModellElementBatch Groesse="1"/>
    </ModellElementQuelle>
    <ModellElementUntermodell id="2">
      <ModellElementName>Assign type</ModellElementName>
      <ModellElementGroesse h="50" w="100" x="300" y="150"/>
      <ModellElementUntermodellVerbindungen auslaufend="1" einlaufend="1"/>
      <ModellElementVerbindung Element="3" Typ="Einlaufend"/>
      <ModellElementVerbindung Element="21" Typ="Auslaufend"/>
      <ModellElemente>
        <ModellElementUntermodellEingang id="4">
          <ModellElementName>Von id=1</ModellElementName>
          <ModellElementGroesse h="50" w="100" x="50" y="200"/>
          <ModellElementVerbindung Element="7" Typ="Auslaufend"/>
        </ModellElementUntermodellEingang>
        <ModellElementUntermodellAusgang id="5">
          <ModellElementName>Zu id=20</ModellElementName>
          <ModellElementGroesse h="50" w="100" x="700" y="200"/>
          <ModellElementVerbindung Element="66" Typ="Einlaufend"/>
          <ModellElementVerbindung Element="67" Typ="Einlaufend"/>
          <ModellElementVerbindung Element="68" Typ="Einlaufend"/>
          <ModellElementVerbindung Element="69" Typ="Einlaufend"/>
        </ModellElementUntermodellAusgang>
        <ModellElementVerzweigen id="6">
          <ModellElementGroesse h="50" w="100" x="200" y="200"/>
          <ModellElementVerzweigungsmodus>Zufall</ModellElementVerzweigungsmodus>
          <ModellElementVerbindung Element="7" Typ="Einlaufend"/>
          <ModellElementVerbindung Element="62" Rate="35" Typ="Auslaufend"/>
          <ModellElementVerbindung Element="63" Rate="20" Typ="Auslaufend"/>
          <ModellElementVerbindung Element="64" Rate="5" Typ="Auslaufend"/>
          <ModellElementVerbindung Element="65" Rate="40" Typ="Auslaufend"/>
        </ModellElementVerzweigen>
        <ModellElementKante id="7">
          <ModellElementVerbindung Element1="4" Element2="6" Typ="Kante"/>
        </ModellElementKante>
        <ModellElementZuweisung id="58">
          <ModellElementName>Patients type 1</ModellElementName>
          <ModellElementGroesse h="50" w="100" x="400" y="50"/>
          <ModellElementVerbindung Element="62" Typ="Einlaufend"/>
          <ModellElementVerbindung Element="66" Typ="Auslaufend"/>
        </ModellElementZuweisung>
        <ModellElementZuweisung id="59">
          <ModellElementName>Patients type 2</ModellElementName>
          <ModellElementGroesse h="50" w="100" x="400" y="150"/>
          <ModellElementVerbindung Element="63" Typ="Einlaufend"/>
          <ModellElementVerbindung Element="67" Typ="Auslaufend"/>
        </ModellElementZuweisung>
        <ModellElementZuweisung id="60">
          <ModellElementName>Patients type 3</ModellElementName>
          <ModellElementGroesse h="50" w="100" x="400" y="250"/>
          <ModellElementVerbindung Element="64" Typ="Einlaufend"/>
          <ModellElementVerbindung Element="68" Typ="Auslaufend"/>
        </ModellElementZuweisung>
        <ModellElementZuweisung id="61">
          <ModellElementName>Patients type 4</ModellElementName>
          <ModellElementGroesse h="50" w="100" x="400" y="350"/>
          <ModellElementVerbindung Element="65" Typ="Einlaufend"/>
          <ModellElementVerbindung Element="69" Typ="Auslaufend"/>
        </ModellElementZuweisung>
        <ModellElementKante id="62">
          <ModellElementName>Rate 35 (35%)</ModellElementName>
          <ModellElementVerbindung Element1="6" Element2="58" Typ="Kante"/>
          <ModellElementVerbindungsdarstellungsart>Direkt</ModellElementVerbindungsdarstellungsart>
        </ModellElementKante>
        <ModellElementKante id="63">
          <ModellElementName>Rate 20 (20%)</ModellElementName>
          <ModellElementVerbindung Element1="6" Element2="59" Typ="Kante"/>
          <ModellElementVerbindungsdarstellungsart>Direkt</ModellElementVerbindungsdarstellungsart>
        </ModellElementKante>
        <ModellElementKante id="64">
          <ModellElementName>Rate 5 (5%)</ModellElementName>
          <ModellElementVerbindung Element1="6" Element2="60" Typ="Kante"/>
          <ModellElementVerbindungsdarstellungsart>Direkt</ModellElementVerbindungsdarstellungsart>
        </ModellElementKante>
        <ModellElementKante id="65">
          <ModellElementName>Rate 40 (40%)</ModellElementName>
          <ModellElementVerbindung Element1="6" Element2="61" Typ="Kante"/>
          <ModellElementVerbindungsdarstellungsart>Direkt</ModellElementVerbindungsdarstellungsart>
        </ModellElementKante>
        <ModellElementKante id="66">
          <ModellElementName>Neuer Kundentyp: Patients type 1</ModellElementName>
          <ModellElementVerbindung Element1="58" Element2="5" Typ="Kante"/>
          <ModellElementVerbindungsdarstellungsart>Direkt</ModellElementVerbindungsdarstellungsart>
        </ModellElementKante>
        <ModellElementKante id="67">
          <ModellElementName>Neuer Kundentyp: Patients type 2</ModellElementName>
          <ModellElementVerbindung Element1="59" Element2="5" Typ="Kante"/>
          <ModellElementVerbindungsdarstellungsart>Direkt</ModellElementVerbindungsdarstellungsart>
        </ModellElementKante>
        <ModellElementKante id="68">
          <ModellElementName>Neuer Kundentyp: Patients type 3</ModellElementName>
          <ModellElementVerbindung Element1="60" Element2="5" Typ="Kante"/>
          <ModellElementVerbindungsdarstellungsart>Direkt</ModellElementVerbindungsdarstellungsart>
        </ModellElementKante>
        <ModellElementKante id="69">
          <ModellElementName>Neuer Kundentyp: Patients type 4</ModellElementName>
          <ModellElementVerbindung Element1="61" Element2="5" Typ="Kante"/>
          <ModellElementVerbindungsdarstellungsart>Direkt</ModellElementVerbindungsdarstellungsart>
        </ModellElementKante>
      </ModellElemente>
    </ModellElementUntermodell>
    <ModellElementKante id="3">
      <ModellElementName>Ankünfte (Patients)</ModellElementName>
      <ModellElementVerbindung Element1="1" Element2="2" Typ="Kante"/>
    </ModellElementKante>
    <ModellElementBedienstation id="20">
      <ModellElementName>Registration</ModellElementName>
      <ModellElementGroesse h="50" w="100" x="500" y="150"/>
      <ModellElementVerbindung Element="21" Typ="Einlaufend"/>
      <ModellElementVerbindung Element="27" Typ="Auslaufend"/>
      <ModellElementVerteilung Status="Bedienzeit" Typ="Bedienzeiten" Zeitbasis="Minuten">Dreiecksverteilung (0.2;0.5;1)</ModellElementVerteilung>
      <ModellElementPrioritaet Kundentyp="Arrivals">w</ModellElementPrioritaet>
      <ModellElementPrioritaet Kundentyp="Patients">w</ModellElementPrioritaet>
      <ModellElementBediener Alternative="1" Anzahl="1" Gruppe="Registration"/>
      <ModellElementBedienerPrioritaet>1</ModellElementBedienerPrioritaet>
    </ModellElementBedienstation>
    <ModellElementKante id="21">
      <ModellElementName>Ausgang 1</ModellElementName>
      <ModellElementVerbindung Element1="2" Element2="20" Typ="Kante"/>
    </ModellElementKante>
    <ModellElementTeleportZiel id="23">
      <ModellElementName>CW</ModellElementName>
      <ModellElementGroesse h="30" w="30" x="100" y="360"/>
      <ModellElementVerbindung Element="30" Typ="Auslaufend"/>
    </ModellElementTeleportZiel>
    <ModellElementVerzweigen id="24">
      <ModellElementGroesse h="50" w="100" x="200" y="350"/>
      <ModellElementVerzweigungsmodus>Zufall</ModellElementVerzweigungsmodus>
      <ModellElementVerbindung Element="30" Typ="Einlaufend"/>
      <ModellElementVerbindung Element="28" Rate="3" Typ="Auslaufend"/>
      <ModellElementVerbindung Element="29" Rate="2" Typ="Auslaufend"/>
    </ModellElementVerzweigen>
    <ModellElementBedienstation id="25">
      <ModellElementName>CW1</ModellElementName>
      <ModellElementGroesse h="50" w="100" x="400" y="300"/>
      <ModellElementVerbindung Element="28" Typ="Einlaufend"/>
      <ModellElementVerbindung Element="45" Typ="Auslaufend"/>
      <ModellElementVerteilung Status="Bedienzeit" Typ="Bedienzeiten" Zeitbasis="Minuten">Dreiecksverteilung (1.5;3.2;5)</ModellElementVerteilung>
      <ModellElementPrioritaet Kundentyp="Arrivals">w</ModellElementPrioritaet>
      <ModellElementPrioritaet Kundentyp="Patients">w</ModellElementPrioritaet>
      <ModellElementPrioritaet Kundentyp="Patients type 1">w*(ClientData(1)+1)</ModellElementPrioritaet>
      <ModellElementPrioritaet Kundentyp="Patients type 2">w*(ClientData(1)+1)</ModellElementPrioritaet>
      <ModellElementPrioritaet Kundentyp="Patients type 3">w*(ClientData(1)+1)</ModellElementPrioritaet>
      <ModellElementPrioritaet Kundentyp="Patients type 4">w*(ClientData(1)+1)</ModellElementPrioritaet>
      <ModellElementBediener Alternative="1" Anzahl="1" Gruppe="Doctors CW1"/>
      <ModellElementBedienerPrioritaet>1</ModellElementBedienerPrioritaet>
    </ModellElementBedienstation>
    <ModellElementBedienstation id="26">
      <ModellElementName>CW2</ModellElementName>
      <ModellElementGroesse h="50" w="100" x="400" y="400"/>
      <ModellElementVerbindung Element="29" Typ="Einlaufend"/>
      <ModellElementVerbindung Element="46" Typ="Auslaufend"/>
      <ModellElementVerteilung Status="Bedienzeit" Typ="Bedienzeiten" Zeitbasis="Minuten">Dreiecksverteilung (2.8;4.1;6.3)</ModellElementVerteilung>
      <ModellElementPrioritaet Kundentyp="Arrivals">w</ModellElementPrioritaet>
      <ModellElementPrioritaet Kundentyp="Patients">w</ModellElementPrioritaet>
      <ModellElementPrioritaet Kundentyp="Patients type 1">w*(ClientData(1)+1)</ModellElementPrioritaet>
      <ModellElementPrioritaet Kundentyp="Patients type 2">w*(ClientData(1)+1)</ModellElementPrioritaet>
      <ModellElementPrioritaet Kundentyp="Patients type 3">w*(ClientData(1)+1)</ModellElementPrioritaet>
      <ModellElementPrioritaet Kundentyp="Patients type 4">w*(ClientData(1)+1)</ModellElementPrioritaet>
      <ModellElementBediener Alternative="1" Anzahl="1" Gruppe="Doctors CW2"/>
      <ModellElementBedienerPrioritaet>1</ModellElementBedienerPrioritaet>
    </ModellElementBedienstation>
    <ModellElementKante id="28">
      <ModellElementName>Rate 3 (60%)</ModellElementName>
      <ModellElementVerbindung Element1="24" Element2="25" Typ="Kante"/>
    </ModellElementKante>
    <ModellElementKante id="29">
      <ModellElementName>Rate 2 (40%)</ModellElementName>
      <ModellElementVerbindung Element1="24" Element2="26" Typ="Kante"/>
    </ModellElementKante>
    <ModellElementKante id="30">
      <ModellElementVerbindung Element1="23" Element2="24" Typ="Kante"/>
    </ModellElementKante>
    <ModellElementTeleportZiel id="31">
      <ModellElementName>X-ray</ModellElementName>
      <ModellElementGroesse h="30" w="30" x="100" y="560"/>
      <ModellElementVerbindung Element="35" Typ="Auslaufend"/>
    </ModellElementTeleportZiel>
    <ModellElementTeleportZiel id="32">
      <ModellElementName>Plaster</ModellElementName>
      <ModellElementGroesse h="30" w="30" x="100" y="710"/>
      <ModellElementVerbindung Element="36" Typ="Auslaufend"/>
    </ModellElementTeleportZiel>
    <ModellElementBedienstation id="33">
      <ModellElementName>X-raying</ModellElementName>
      <ModellElementGroesse h="50" w="100" x="250" y="550"/>
      <ModellElementVerbindung Element="35" Typ="Einlaufend"/>
      <ModellElementVerbindung Element="86" Typ="Auslaufend"/>
      <ModellElementVerteilung Status="Bedienzeit" Typ="Bedienzeiten" Zeitbasis="Minuten">Dreiecksverteilung (2;2.8;4.1)</ModellElementVerteilung>
      <ModellElementPrioritaet Kundentyp="Arrivals">w</ModellElementPrioritaet>
      <ModellElementPrioritaet Kundentyp="Patients">w</ModellElementPrioritaet>
      <ModellElementPrioritaet Kundentyp="Patients type 1">w*(ClientData(1)+1)</ModellElementPrioritaet>
      <ModellElementPrioritaet Kundentyp="Patients type 2">w*(ClientData(1)+1)</ModellElementPrioritaet>
      <ModellElementPrioritaet Kundentyp="Patients type 3">w*(ClientData(1)+1)</ModellElementPrioritaet>
      <ModellElementPrioritaet Kundentyp="Patients type 4">w*(ClientData(1)+1)</ModellElementPrioritaet>
      <ModellElementBediener Alternative="1" Anzahl="1" Gruppe="X-raying"/>
      <ModellElementBedienerPrioritaet>1</ModellElementBedienerPrioritaet>
    </ModellElementBedienstation>
    <ModellElementBedienstation id="34">
      <ModellElementName>Plaster room</ModellElementName>
      <ModellElementGroesse h="50" w="100" x="250" y="700"/>
      <ModellElementVerbindung Element="36" Typ="Einlaufend"/>
      <ModellElementVerbindung Element="87" Typ="Auslaufend"/>
      <ModellElementVerteilung Status="Bedienzeit" Typ="Bedienzeiten" Zeitbasis="Minuten">Dreiecksverteilung (3;3.8;4.7)</ModellElementVerteilung>
      <ModellElementPrioritaet Kundentyp="Arrivals">w</ModellElementPrioritaet>
      <ModellElementPrioritaet Kundentyp="Patients">w</ModellElementPrioritaet>
      <ModellElementPrioritaet Kundentyp="Patients type 1">w*(ClientData(1)+1)</ModellElementPrioritaet>
      <ModellElementPrioritaet Kundentyp="Patients type 2">w*(ClientData(1)+1)</ModellElementPrioritaet>
      <ModellElementPrioritaet Kundentyp="Patients type 3">w*(ClientData(1)+1)</ModellElementPrioritaet>
      <ModellElementPrioritaet Kundentyp="Patients type 4">w*(ClientData(1)+1)</ModellElementPrioritaet>
      <ModellElementBediener Alternative="1" Anzahl="1" Gruppe="Plaster room"/>
      <ModellElementBedienerPrioritaet>1</ModellElementBedienerPrioritaet>
    </ModellElementBedienstation>
    <ModellElementKante id="35">
      <ModellElementVerbindung Element1="31" Element2="33" Typ="Kante"/>
    </ModellElementKante>
    <ModellElementKante id="36">
      <ModellElementVerbindung Element1="32" Element2="34" Typ="Kante"/>
    </ModellElementKante>
    <ModellElementTeleportStart id="22">
      <ModellElementGroesse h="30" w="30" x="650" y="160"/>
      <ModellElementVerbindung Element="27" Typ="Einlaufend"/>
      <ModellElementTeleportStartZuZiel>CW</ModellElementTeleportStartZuZiel>
    </ModellElementTeleportStart>
    <ModellElementKante id="27">
      <ModellElementVerbindung Element1="20" Element2="22" Typ="Kante"/>
    </ModellElementKante>
    <ModellElementText id="37">
      <ModellElementGroesse h="23" w="457" x="100" y="50"/>
      <ModellElementTextzeile>C06 - Emergency Department - Follow-up Treatment</ModellElementTextzeile>
      <ModellElementSchriftgrosse Symbole="1" fett="1">18</ModellElementSchriftgrosse>
      <ModellElementFarbe>0,0,0</ModellElementFarbe>
    </ModellElementText>
    <ModellElementText id="38">
      <ModellElementGroesse h="19" w="140" x="100" y="120"/>
      <ModellElementTextzeile>Arrival and registration</ModellElementTextzeile>
      <ModellElementSchriftgrosse Symbole="1">14</ModellElementSchriftgrosse>
      <ModellElementFarbe>0,0,0</ModellElementFarbe>
    </ModellElementText>
    <ModellElementText id="39">
      <ModellElementGroesse h="19" w="100" x="100" y="300"/>
      <ModellElementTextzeile>Casualty Wards</ModellElementTextzeile>
      <ModellElementSchriftgrosse Symbole="1">14</ModellElementSchriftgrosse>
      <ModellElementFarbe>0,0,0</ModellElementFarbe>
    </ModellElementText>
    <ModellElementText id="40">
      <ModellElementGroesse h="19" w="87" x="100" y="525"/>
      <ModellElementTextzeile>X-raying room</ModellElementTextzeile>
      <ModellElementSchriftgrosse Symbole="1">14</ModellElementSchriftgrosse>
      <ModellElementFarbe>0,0,0</ModellElementFarbe>
    </ModellElementText>
    <ModellElementText id="41">
      <ModellElementGroesse h="19" w="79" x="100" y="675"/>
      <ModellElementTextzeile>Plaster room</ModellElementTextzeile>
      <ModellElementSchriftgrosse Symbole="1">14</ModellElementSchriftgrosse>
      <ModellElementFarbe>0,0,0</ModellElementFarbe>
    </ModellElementText>
    <ModellElementText id="42">
      <ModellElementGroesse h="95" w="251" x="750" y="105"/>
      <ModellElementTextzeile>Patient types:</ModellElementTextzeile>
      <ModellElementTextzeile>1: CW -&gt; x-ray -&gt; CW</ModellElementTextzeile>
      <ModellElementTextzeile>2: CW -&gt; plaster</ModellElementTextzeile>
      <ModellElementTextzeile>3: CW -&gt; x-ray -&gt; plaster -&gt; x-ray -&gt; CW</ModellElementTextzeile>
      <ModellElementTextzeile>4: CW</ModellElementTextzeile>
      <ModellElementSchriftgrosse Symbole="1">14</ModellElementSchriftgrosse>
      <ModellElementFarbe>0,0,0</ModellElementFarbe>
    </ModellElementText>
    <ModellElementEnde id="43">
      <ModellElementGroesse h="50" w="100" x="1150" y="695"/>
      <ModellElementVerbindung Element="128" Typ="Einlaufend"/>
    </ModellElementEnde>
    <ModellElementTeleportStart id="47">
      <ModellElementGroesse h="30" w="30" x="800" y="270"/>
      <ModellElementVerbindung Element="49" Typ="Einlaufend"/>
      <ModellElementTeleportStartZuZiel>X-ray</ModellElementTeleportStartZuZiel>
    </ModellElementTeleportStart>
    <ModellElementTeleportStart id="48">
      <ModellElementGroesse h="30" w="30" x="800" y="360"/>
      <ModellElementVerbindung Element="50" Typ="Einlaufend"/>
      <ModellElementTeleportStartZuZiel>Plaster</ModellElementTeleportStartZuZiel>
    </ModellElementTeleportStart>
    <ModellElementUntermodell id="44">
      <ModellElementName>Next step</ModellElementName>
      <ModellElementGroesse h="50" w="100" x="600" y="350"/>
      <ModellElementUntermodellVerbindungen auslaufend="3" einlaufend="2"/>
      <ModellElementVerbindung Element="45" Typ="Einlaufend"/>
      <ModellElementVerbindung Element="46" Typ="Einlaufend"/>
      <ModellElementVerbindung Element="49" Typ="Auslaufend"/>
      <ModellElementVerbindung Element="50" Typ="Auslaufend"/>
      <ModellElementVerbindung Element="51" Typ="Auslaufend"/>
      <ModellElemente>
        <ModellElementUntermodellEingang id="52">
          <ModellElementName>Von id=25</ModellElementName>
          <ModellElementGroesse h="50" w="100" x="50" y="50"/>
          <ModellElementVerbindung Element="12" Typ="Auslaufend"/>
        </ModellElementUntermodellEingang>
        <ModellElementUntermodellEingang id="53">
          <ModellElementName>Von id=26</ModellElementName>
          <ModellElementGroesse h="50" w="100" x="50" y="250"/>
          <ModellElementVerbindung Element="13" Typ="Auslaufend"/>
        </ModellElementUntermodellEingang>
        <ModellElementUntermodellAusgang id="54">
          <ModellElementName>Zu id=47</ModellElementName>
          <ModellElementGroesse h="50" w="100" x="850" y="150"/>
          <ModellElementVerbindung Element="71" Typ="Einlaufend"/>
          <ModellElementVerbindung Element="80" Typ="Einlaufend"/>
        </ModellElementUntermodellAusgang>
        <ModellElementUntermodellAusgang id="55">
          <ModellElementName>Zu id=48</ModellElementName>
          <ModellElementGroesse h="50" w="100" x="550" y="150"/>
          <ModellElementVerbindung Element="16" Typ="Einlaufend"/>
        </ModellElementUntermodellAusgang>
        <ModellElementUntermodellAusgang id="56">
          <ModellElementName>Zu id=111</ModellElementName>
          <ModellElementGroesse h="50" w="100" x="850" y="305"/>
          <ModellElementVerbindung Element="19" Typ="Einlaufend"/>
          <ModellElementVerbindung Element="75" Typ="Einlaufend"/>
          <ModellElementVerbindung Element="81" Typ="Einlaufend"/>
        </ModellElementUntermodellAusgang>
        <ModellElementVerzweigen id="57">
          <ModellElementGroesse h="50" w="100" x="300" y="150"/>
          <ModellElementVerzweigungsmodus>Kundentyp</ModellElementVerzweigungsmodus>
          <ModellElementVerbindung Element="14" Typ="Einlaufend"/>
          <ModellElementVerbindung Element="15" Kundentyp="Patients type 1" Typ="Auslaufend"/>
          <ModellElementVerbindung Element="16" Kundentyp="Patients type 2" Typ="Auslaufend"/>
          <ModellElementVerbindung Element="17" Kundentyp="Patients type 3" Typ="Auslaufend"/>
          <ModellElementVerbindung Element="18" Typ="Auslaufend"/>
        </ModellElementVerzweigen>
        <ModellElementVariable id="8">
          <ModellElementName>Step++</ModellElementName>
          <ModellElementGroesse h="50" w="100" x="150" y="150"/>
          <ModellElementVerbindung Element="12" Typ="Einlaufend"/>
          <ModellElementVerbindung Element="13" Typ="Einlaufend"/>
          <ModellElementVerbindung Element="14" Typ="Auslaufend"/>
          <ModellElementVariablenzuweisung Variable="ClientData(1)">ClientData(1)+1</ModellElementVariablenzuweisung>
        </ModellElementVariable>
        <ModellElementVerzweigen id="9">
          <ModellElementGroesse h="50" w="100" x="550" y="50"/>
          <ModellElementVerzweigungsmodus>Bedingung</ModellElementVerzweigungsmodus>
          <ModellElementVerbindung Element="15" Typ="Einlaufend"/>
          <ModellElementVerbindung Bedingung="ClientData(1)&lt;3" Element="71" Typ="Auslaufend"/>
          <ModellElementVerbindung Element="72" Typ="Auslaufend"/>
        </ModellElementVerzweigen>
        <ModellElementVerzweigen id="10">
          <ModellElementGroesse h="50" w="100" x="550" y="250"/>
          <ModellElementVerzweigungsmodus>Bedingung</ModellElementVerzweigungsmodus>
          <ModellElementVerbindung Element="17" Typ="Einlaufend"/>
          <ModellElementVerbindung Bedingung="ClientData(1)&lt;5" Element="80" Typ="Auslaufend"/>
          <ModellElementVerbindung Element="81" Typ="Auslaufend"/>
        </ModellElementVerzweigen>
        <ModellElementEcke id="11">
          <ModellElementGroesse h="10" w="10" x="345" y="325"/>
          <ModellElementVerbindung Element="18" Typ="Einlaufend"/>
          <ModellElementVerbindung Element="19" Typ="Auslaufend"/>
        </ModellElementEcke>
        <ModellElementKante id="12">
          <ModellElementVerbindung Element1="52" Element2="8" Typ="Kante"/>
        </ModellElementKante>
        <ModellElementKante id="13">
          <ModellElementVerbindung Element1="53" Element2="8" Typ="Kante"/>
        </ModellElementKante>
        <ModellElementKante id="14">
          <ModellElementVerbindung Element1="8" Element2="57" Typ="Kante"/>
        </ModellElementKante>
        <ModellElementKante id="15">
          <ModellElementName>Patients type 1</ModellElementName>
          <ModellElementVerbindung Element1="57" Element2="9" Typ="Kante"/>
          <ModellElementVerbindungsdarstellungsart>Direkt</ModellElementVerbindungsdarstellungsart>
        </ModellElementKante>
        <ModellElementKante id="16">
          <ModellElementName>Patients type 2</ModellElementName>
          <ModellElementVerbindung Element1="57" Element2="55" Typ="Kante"/>
          <ModellElementVerbindungsdarstellungsart>Direkt</ModellElementVerbindungsdarstellungsart>
        </ModellElementKante>
        <ModellElementKante id="17">
          <ModellElementName>Patients type 3</ModellElementName>
          <ModellElementVerbindung Element1="57" Element2="10" Typ="Kante"/>
          <ModellElementVerbindungsdarstellungsart>Direkt</ModellElementVerbindungsdarstellungsart>
        </ModellElementKante>
        <ModellElementKante id="18">
          <ModellElementName>alle anderen Kundentypen</ModellElementName>
          <ModellElementVerbindung Element1="57" Element2="11" Typ="Kante"/>
          <ModellElementVerbindungsdarstellungsart>Direkt</ModellElementVerbindungsdarstellungsart>
        </ModellElementKante>
        <ModellElementKante id="19">
          <ModellElementVerbindung Element1="11" Element2="56" Typ="Kante"/>
        </ModellElementKante>
        <ModellElementEcke id="70">
          <ModellElementGroesse h="10" w="10" x="1045" y="70"/>
          <ModellElementVerbindung Element="72" Typ="Einlaufend"/>
          <ModellElementVerbindung Element="74" Typ="Auslaufend"/>
        </ModellElementEcke>
        <ModellElementKante id="71">
          <ModellElementName>Bedingung 1</ModellElementName>
          <ModellElementVerbindung Element1="9" Element2="54" Typ="Kante"/>
          <ModellElementVerbindungsdarstellungsart>Direkt</ModellElementVerbindungsdarstellungsart>
        </ModellElementKante>
        <ModellElementKante id="72">
          <ModellElementName>Fall "sonst"</ModellElementName>
          <ModellElementVerbindung Element1="9" Element2="70" Typ="Kante"/>
          <ModellElementVerbindungsdarstellungsart>Direkt</ModellElementVerbindungsdarstellungsart>
        </ModellElementKante>
        <ModellElementEcke id="73">
          <ModellElementGroesse h="10" w="10" x="1045" y="325"/>
          <ModellElementVerbindung Element="74" Typ="Einlaufend"/>
          <ModellElementVerbindung Element="75" Typ="Auslaufend"/>
        </ModellElementEcke>
        <ModellElementKante id="74">
          <ModellElementVerbindung Element1="70" Element2="73" Typ="Kante"/>
        </ModellElementKante>
        <ModellElementKante id="75">
          <ModellElementVerbindung Element1="73" Element2="56" Typ="Kante"/>
        </ModellElementKante>
        <ModellElementText id="76">
          <ModellElementGroesse h="19" w="168" x="520" y="25"/>
          <ModellElementTextzeile>Patient type 1: x-ray or exit</ModellElementTextzeile>
          <ModellElementSchriftgrosse Symbole="1">14</ModellElementSchriftgrosse>
          <ModellElementFarbe>0,0,0</ModellElementFarbe>
        </ModellElementText>
        <ModellElementText id="77">
          <ModellElementGroesse h="19" w="116" x="340" y="355"/>
          <ModellElementTextzeile>Patient type 4: exit</ModellElementTextzeile>
          <ModellElementSchriftgrosse Symbole="1">14</ModellElementSchriftgrosse>
          <ModellElementFarbe>0,0,0</ModellElementFarbe>
        </ModellElementText>
        <ModellElementText id="78">
          <ModellElementGroesse h="19" w="138" x="535" y="125"/>
          <ModellElementTextzeile>Patient type 2: plaster</ModellElementTextzeile>
          <ModellElementSchriftgrosse Symbole="1">14</ModellElementSchriftgrosse>
          <ModellElementFarbe>0,0,0</ModellElementFarbe>
        </ModellElementText>
        <ModellElementText id="79">
          <ModellElementGroesse h="19" w="168" x="520" y="225"/>
          <ModellElementTextzeile>Patient type 3: x-ray or exit</ModellElementTextzeile>
          <ModellElementSchriftgrosse Symbole="1">14</ModellElementSchriftgrosse>
          <ModellElementFarbe>0,0,0</ModellElementFarbe>
        </ModellElementText>
        <ModellElementKante id="80">
          <ModellElementName>Bedingung 1</ModellElementName>
          <ModellElementVerbindung Element1="10" Element2="54" Typ="Kante"/>
          <ModellElementVerbindungsdarstellungsart>Direkt</ModellElementVerbindungsdarstellungsart>
        </ModellElementKante>
        <ModellElementKante id="81">
          <ModellElementName>Fall "sonst"</ModellElementName>
          <ModellElementVerbindung Element1="10" Element2="56" Typ="Kante"/>
          <ModellElementVerbindungsdarstellungsart>Direkt</ModellElementVerbindungsdarstellungsart>
        </ModellElementKante>
        <ModellElementText id="83">
          <ModellElementGroesse h="19" w="48" x="875" y="215"/>
          <ModellElementTextzeile>-&gt; x-ray</ModellElementTextzeile>
          <ModellElementSchriftgrosse Symbole="1">14</ModellElementSchriftgrosse>
          <ModellElementFarbe>0,0,0</ModellElementFarbe>
        </ModellElementText>
        <ModellElementText id="84">
          <ModellElementGroesse h="19" w="38" x="880" y="370"/>
          <ModellElementTextzeile>-&gt; exit</ModellElementTextzeile>
          <ModellElementSchriftgrosse Symbole="1">14</ModellElementSchriftgrosse>
          <ModellElementFarbe>0,0,0</ModellElementFarbe>
        </ModellElementText>
      </ModellElemente>
    </ModellElementUntermodell>
    <ModellElementKante id="45">
      <ModellElementVerbindung Element1="25" Element2="44" Typ="Kante"/>
    </ModellElementKante>
    <ModellElementKante id="46">
      <ModellElementVerbindung Element1="26" Element2="44" Typ="Kante"/>
    </ModellElementKante>
    <ModellElementKante id="49">
      <ModellElementName>Ausgang 1</ModellElementName>
      <ModellElementVerbindung Element1="44" Element2="47" Typ="Kante"/>
    </ModellElementKante>
    <ModellElementKante id="50">
      <ModellElementName>Ausgang 2</ModellElementName>
      <ModellElementVerbindung Element1="44" Element2="48" Typ="Kante"/>
    </ModellElementKante>
    <ModellElementUntermodell id="82">
      <ModellElementName>Next step</ModellElementName>
      <ModellElementGroesse h="50" w="100" x="450" y="550"/>
      <ModellElementUntermodellVerbindungen auslaufend="2" einlaufend="1"/>
      <ModellElementVerbindung Element="86" Typ="Einlaufend"/>
      <ModellElementVerbindung Element="90" Typ="Auslaufend"/>
      <ModellElementVerbindung Element="91" Typ="Auslaufend"/>
      <ModellElemente>
        <ModellElementUntermodellEingang id="92">
          <ModellElementName>Von id=33</ModellElementName>
          <ModellElementGroesse h="50" w="100" x="50" y="150"/>
          <ModellElementVerbindung Element="96" Typ="Auslaufend"/>
        </ModellElementUntermodellEingang>
        <ModellElementUntermodellAusgang id="93">
          <ModellElementName>Zu id=88</ModellElementName>
          <ModellElementGroesse h="50" w="100" x="550" y="50"/>
          <ModellElementVerbindung Element="99" Typ="Einlaufend"/>
          <ModellElementVerbindung Element="106" Typ="Einlaufend"/>
        </ModellElementUntermodellAusgang>
        <ModellElementUntermodellAusgang id="94">
          <ModellElementName>Zu id=89</ModellElementName>
          <ModellElementGroesse h="50" w="100" x="750" y="250"/>
          <ModellElementVerbindung Element="105" Typ="Einlaufend"/>
        </ModellElementUntermodellAusgang>
        <ModellElementVariable id="95">
          <ModellElementName>Step++</ModellElementName>
          <ModellElementGroesse h="50" w="100" x="200" y="150"/>
          <ModellElementVerbindung Element="96" Typ="Einlaufend"/>
          <ModellElementVerbindung Element="98" Typ="Auslaufend"/>
          <ModellElementVariablenzuweisung Variable="ClientData(1)">ClientData(1)+1</ModellElementVariablenzuweisung>
        </ModellElementVariable>
        <ModellElementKante id="96">
          <ModellElementVerbindung Element1="92" Element2="95" Typ="Kante"/>
        </ModellElementKante>
        <ModellElementVerzweigen id="97">
          <ModellElementGroesse h="50" w="100" x="350" y="150"/>
          <ModellElementVerzweigungsmodus>Kundentyp</ModellElementVerzweigungsmodus>
          <ModellElementVerbindung Element="98" Typ="Einlaufend"/>
          <ModellElementVerbindung Element="99" Kundentyp="Patients type 1" Typ="Auslaufend"/>
          <ModellElementVerbindung Element="104" Typ="Auslaufend"/>
        </ModellElementVerzweigen>
        <ModellElementKante id="98">
          <ModellElementVerbindung Element1="95" Element2="97" Typ="Kante"/>
        </ModellElementKante>
        <ModellElementKante id="99">
          <ModellElementName>Patients type 1</ModellElementName>
          <ModellElementVerbindung Element1="97" Element2="93" Typ="Kante"/>
        </ModellElementKante>
        <ModellElementText id="101">
          <ModellElementGroesse h="19" w="40" x="610" y="110"/>
          <ModellElementTextzeile>-&gt; CW</ModellElementTextzeile>
          <ModellElementSchriftgrosse Symbole="1">14</ModellElementSchriftgrosse>
          <ModellElementFarbe>0,0,0</ModellElementFarbe>
        </ModellElementText>
        <ModellElementText id="102">
          <ModellElementGroesse h="19" w="60" x="790" y="310"/>
          <ModellElementTextzeile>-&gt; plaster</ModellElementTextzeile>
          <ModellElementSchriftgrosse Symbole="1">14</ModellElementSchriftgrosse>
          <ModellElementFarbe>0,0,0</ModellElementFarbe>
        </ModellElementText>
        <ModellElementVerzweigen id="103">
          <ModellElementGroesse h="50" w="100" x="550" y="250"/>
          <ModellElementVerzweigungsmodus>Bedingung</ModellElementVerzweigungsmodus>
          <ModellElementVerbindung Element="104" Typ="Einlaufend"/>
          <ModellElementVerbindung Bedingung="ClientData(1)==2" Element="105" Typ="Auslaufend"/>
          <ModellElementVerbindung Element="106" Typ="Auslaufend"/>
        </ModellElementVerzweigen>
        <ModellElementKante id="104">
          <ModellElementName>alle anderen Kundentypen</ModellElementName>
          <ModellElementVerbindung Element1="97" Element2="103" Typ="Kante"/>
        </ModellElementKante>
        <ModellElementKante id="105">
          <ModellElementName>Bedingung 1</ModellElementName>
          <ModellElementVerbindung Element1="103" Element2="94" Typ="Kante"/>
        </ModellElementKante>
        <ModellElementKante id="106">
          <ModellElementName>Fall "sonst"</ModellElementName>
          <ModellElementVerbindung Element1="103" Element2="93" Typ="Kante"/>
        </ModellElementKante>
        <ModellElementText id="107">
          <ModellElementGroesse h="38" w="155" x="700" y="50"/>
          <ModellElementTextzeile>Patient type 1 will always</ModellElementTextzeile>
          <ModellElementTextzeile>go to CW after x-raying.</ModellElementTextzeile>
          <ModellElementSchriftgrosse Symbole="1">14</ModellElementSchriftgrosse>
          <ModellElementFarbe>0,0,0</ModellElementFarbe>
        </ModellElementText>
        <ModellElementText id="108">
          <ModellElementGroesse h="57" w="235" x="550" y="350"/>
          <ModellElementTextzeile>Patient type 3 will go to plaster after</ModellElementTextzeile>
          <ModellElementTextzeile>first x-ray (after step 2) and go to CW</ModellElementTextzeile>
          <ModellElementTextzeile>after second x-ray (after step 4).</ModellElementTextzeile>
          <ModellElementSchriftgrosse Symbole="1">14</ModellElementSchriftgrosse>
          <ModellElementFarbe>0,0,0</ModellElementFarbe>
        </ModellElementText>
      </ModellElemente>
    </ModellElementUntermodell>
    <ModellElementUntermodell id="85">
      <ModellElementName>Next step</ModellElementName>
      <ModellElementGroesse h="50" w="100" x="450" y="700"/>
      <ModellElementUntermodellVerbindungen auslaufend="2" einlaufend="1"/>
      <ModellElementVerbindung Element="87" Typ="Einlaufend"/>
      <ModellElementVerbindung Element="110" Typ="Auslaufend"/>
      <ModellElementVerbindung Element="125" Typ="Auslaufend"/>
      <ModellElemente>
        <ModellElementUntermodellEingang id="112">
          <ModellElementName>Von id=34</ModellElementName>
          <ModellElementGroesse h="50" w="100" x="50" y="100"/>
          <ModellElementVerbindung Element="116" Typ="Auslaufend"/>
        </ModellElementUntermodellEingang>
        <ModellElementUntermodellAusgang id="113">
          <ModellElementName>Zu id=100</ModellElementName>
          <ModellElementGroesse h="50" w="100" x="600" y="50"/>
          <ModellElementVerbindung Element="119" Typ="Einlaufend"/>
        </ModellElementUntermodellAusgang>
        <ModellElementUntermodellAusgang id="114">
          <ModellElementName>Zu id=123</ModellElementName>
          <ModellElementGroesse h="50" w="100" x="600" y="150"/>
          <ModellElementVerbindung Element="120" Typ="Einlaufend"/>
        </ModellElementUntermodellAusgang>
        <ModellElementVariable id="115">
          <ModellElementName>Step++</ModellElementName>
          <ModellElementGroesse h="50" w="100" x="200" y="100"/>
          <ModellElementVerbindung Element="116" Typ="Einlaufend"/>
          <ModellElementVerbindung Element="118" Typ="Auslaufend"/>
          <ModellElementVariablenzuweisung Variable="ClientData(1)">ClientData(1)+1</ModellElementVariablenzuweisung>
        </ModellElementVariable>
        <ModellElementKante id="116">
          <ModellElementVerbindung Element1="112" Element2="115" Typ="Kante"/>
        </ModellElementKante>
        <ModellElementVerzweigen id="117">
          <ModellElementGroesse h="50" w="100" x="350" y="100"/>
          <ModellElementVerzweigungsmodus>Kundentyp</ModellElementVerzweigungsmodus>
          <ModellElementVerbindung Element="118" Typ="Einlaufend"/>
          <ModellElementVerbindung Element="119" Kundentyp="Patients type 3" Typ="Auslaufend"/>
          <ModellElementVerbindung Element="120" Typ="Auslaufend"/>
        </ModellElementVerzweigen>
        <ModellElementKante id="118">
          <ModellElementVerbindung Element1="115" Element2="117" Typ="Kante"/>
        </ModellElementKante>
        <ModellElementKante id="119">
          <ModellElementName>Patients type 3</ModellElementName>
          <ModellElementVerbindung Element1="117" Element2="113" Typ="Kante"/>
          <ModellElementVerbindungsdarstellungsart>Direkt</ModellElementVerbindungsdarstellungsart>
        </ModellElementKante>
        <ModellElementKante id="120">
          <ModellElementName>alle anderen Kundentypen</ModellElementName>
          <ModellElementVerbindung Element1="117" Element2="114" Typ="Kante"/>
          <ModellElementVerbindungsdarstellungsart>Direkt</ModellElementVerbindungsdarstellungsart>
        </ModellElementKante>
        <ModellElementText id="121">
          <ModellElementGroesse h="19" w="48" x="625" y="115"/>
          <ModellElementTextzeile>-&gt; x-ray</ModellElementTextzeile>
          <ModellElementSchriftgrosse Symbole="1">14</ModellElementSchriftgrosse>
          <ModellElementFarbe>0,0,0</ModellElementFarbe>
        </ModellElementText>
        <ModellElementText id="122">
          <ModellElementGroesse h="19" w="38" x="630" y="215"/>
          <ModellElementTextzeile>-&gt; exit</ModellElementTextzeile>
          <ModellElementSchriftgrosse Symbole="1">14</ModellElementSchriftgrosse>
          <ModellElementFarbe>0,0,0</ModellElementFarbe>
        </ModellElementText>
      </ModellElemente>
    </ModellElementUntermodell>
    <ModellElementKante id="86">
      <ModellElementVerbindung Element1="33" Element2="82" Typ="Kante"/>
    </ModellElementKante>
    <ModellElementKante id="87">
      <ModellElementVerbindung Element1="34" Element2="85" Typ="Kante"/>
    </ModellElementKante>
    <ModellElementTeleportStart id="88">
      <ModellElementGroesse h="30" w="30" x="650" y="520"/>
      <ModellElementVerbindung Element="90" Typ="Einlaufend"/>
      <ModellElementTeleportStartZuZiel>CW</ModellElementTeleportStartZuZiel>
    </ModellElementTeleportStart>
    <ModellElementTeleportStart id="89">
      <ModellElementGroesse h="30" w="30" x="650" y="600"/>
      <ModellElementVerbindung Element="91" Typ="Einlaufend"/>
      <ModellElementTeleportStartZuZiel>Plaster</ModellElementTeleportStartZuZiel>
    </ModellElementTeleportStart>
    <ModellElementKante id="90">
      <ModellElementName>Ausgang 1</ModellElementName>
      <ModellElementVerbindung Element1="82" Element2="88" Typ="Kante"/>
    </ModellElementKante>
    <ModellElementKante id="91">
      <ModellElementName>Ausgang 2</ModellElementName>
      <ModellElementVerbindung Element1="82" Element2="89" Typ="Kante"/>
    </ModellElementKante>
    <ModellElementTeleportStart id="100">
      <ModellElementGroesse h="30" w="30" x="650" y="670"/>
      <ModellElementVerbindung Element="110" Typ="Einlaufend"/>
      <ModellElementTeleportStartZuZiel>X-ray</ModellElementTeleportStartZuZiel>
    </ModellElementTeleportStart>
    <ModellElementEnde id="109">
      <ModellElementName>Stop simulation</ModellElementName>
      <ModellElementGroesse h="50" w="100" x="1150" y="795"/>
      <ModellElementEndeStopp>1</ModellElementEndeStopp>
      <ModellElementVerbindung Element="129" Typ="Einlaufend"/>
    </ModellElementEnde>
    <ModellElementKante id="110">
      <ModellElementName>Ausgang 1</ModellElementName>
      <ModellElementVerbindung Element1="85" Element2="100" Typ="Kante"/>
    </ModellElementKante>
    <ModellElementZaehler id="123">
      <ModellElementName>Count</ModellElementName>
      <ModellElementGroesse h="50" w="100" x="800" y="750"/>
      <ModellElementVerbindung Element="124" Typ="Einlaufend"/>
      <ModellElementVerbindung Element="125" Typ="Einlaufend"/>
      <ModellElementVerbindung Element="127" Typ="Auslaufend"/>
      <ModellElementZaehlerGruppe>Zählergruppe</ModellElementZaehlerGruppe>
    </ModellElementZaehler>
    <ModellElementEcke id="111">
      <ModellElementGroesse h="10" w="10" x="845" y="475"/>
      <ModellElementVerbindung Element="51" Typ="Einlaufend"/>
      <ModellElementVerbindung Element="124" Typ="Auslaufend"/>
    </ModellElementEcke>
    <ModellElementKante id="51">
      <ModellElementName>Ausgang 3</ModellElementName>
      <ModellElementVerbindung Element1="44" Element2="111" Typ="Kante"/>
    </ModellElementKante>
    <ModellElementKante id="124">
      <ModellElementVerbindung Element1="111" Element2="123" Typ="Kante"/>
    </ModellElementKante>
    <ModellElementKante id="125">
      <ModellElementName>Ausgang 2</ModellElementName>
      <ModellElementVerbindung Element1="85" Element2="123" Typ="Kante"/>
    </ModellElementKante>
    <ModellElementVerzweigen id="126">
      <ModellElementGroesse h="50" w="100" x="950" y="750"/>
      <ModellElementVerzweigungsmodus>Bedingung</ModellElementVerzweigungsmodus>
      <ModellElementVerbindung Element="127" Typ="Einlaufend"/>
      <ModellElementVerbindung Bedingung="Counter($(&quot;Count&quot;))&lt;250" Element="128" Typ="Auslaufend"/>
      <ModellElementVerbindung Element="129" Typ="Auslaufend"/>
    </ModellElementVerzweigen>
    <ModellElementKante id="127">
      <ModellElementVerbindung Element1="123" Element2="126" Typ="Kante"/>
    </ModellElementKante>
    <ModellElementKante id="128">
      <ModellElementName>Bedingung 1</ModellElementName>
      <ModellElementVerbindung Element1="126" Element2="43" Typ="Kante"/>
    </ModellElementKante>
    <ModellElementKante id="129">
      <ModellElementName>Fall "sonst"</ModellElementName>
      <ModellElementVerbindung Element1="126" Element2="109" Typ="Kante"/>
    </ModellElementKante>
  </ModellElemente>
  <Ressourcen UntergeordnetePrioritaet="Zufaellig">
    <Ressource Name="Registration" Typ="Anzahl" Wert="1"/>
    <Ressource Name="X-raying" Typ="Anzahl" Wert="2"/>
    <Ressource Name="Plaster room" Typ="Anzahl" Wert="1"/>
    <Ressource Icon="status_online" Name="Doctors CW1" Typ="Zeitplan" Wert="Doctor Shiftplan"/>
    <Ressource Icon="status_online" Name="Doctors CW2" Typ="Zeitplan" Wert="Doctor Shiftplan"/>
  </Ressourcen>
  <KundentypenDaten>
    <KundenDaten Icon="user_red" Name="Patients type 1"/>
    <KundenDaten Icon="user_orange" Name="Patients type 2"/>
    <KundenDaten Icon="user_green" Name="Patients type 3"/>
    <KundenDaten Icon="user_gray" Name="Patients type 4"/>
  </KundentypenDaten>
  <ModellZeitplaene>
    <ModellZeitplan DauerProSlot="1800" EditorMaxY="250" Name="Arrivals" PlanFortsetzen="TageweiseWiederholen">0;0;0;0;0;0;0;0;0;0;0;0;0;0;0;100;100;100;100</ModellZeitplan>
    <ModellZeitplan DauerProSlot="3600" EditorMaxY="10" Name="Doctor Shiftplan" PlanFortsetzen="TageweiseWiederholen">0;0;0;0;0;0;0;0;2;2;2;2;2;2;2;2;2;2</ModellZeitplan>
  </ModellZeitplaene>
  <ModellStatistikVerteilungStunden>0</ModellStatistikVerteilungStunden>
  <ModellKantenNormal Breite="1" Farbe="0,0,0" Typ="0"/>
  <ModellKantenSelektiert Breite="1" Typ="0"/>
  <ModellElementVerbindungsdarstellungsart>Abgerundet abgewinkelt</ModellElementVerbindungsdarstellungsart>
  <ModellElementVerbindungspfeil>Mittel</ModellElementVerbindungspfeil>
</Modell>
