<?xml version="1.0" encoding="UTF-8" standalone="no"?>
<!DOCTYPE Modell SYSTEM "https://qs.highfives.io/xml/Simulator.dtd">
<Modell xmlns="https://qs.highfives.io" xmlns:xsi="http://www.w3.org/2001/XMLSchema-instance" xsi:schemaLocation="https://qs.highfives.io https://qs.highfives.io/xml/Simulator.xsd">
  <ModellVersion>2.7.0</ModellVersion>
  <ModellAutor>Alexa</ModellAutor>
  <ModellKunden Aktiv="1">10000000</ModellKunden>
  <ModellAufwaermphase>0.05</ModellAufwaermphase>
  <ModellAbbruchzeit Aktiv="0">10:00:00:00</ModellAbbruchzeit>
  <ModellElemente>
    <ModellElementAktion id="1">
      <ModellElementGroesse h="50" w="100" x="100" y="150"/>
      <ModellElementAktionDatensatz Aktionstyp="Signal" Bedingungstyp="Signal" Signal="A">B</ModellElementAktionDatensatz>
    </ModellElementAktion>
    <ModellElementSignal id="2">
      <ModellElementName>A</ModellElementName>
      <ModellElementGroesse h="50" w="100" x="250" y="50"/>
      <ModellElementVerbindung Element="5" Typ="Einlaufend"/>
      <ModellElementVerbindung Element="6" Typ="Auslaufend"/>
    </ModellElementSignal>
    <ModellElementQuelle id="3">
      <ModellElementName>Kunden</ModellElementName>
      <ModellElementGroesse h="50" w="100" x="50" y="50"/>
      <ModellElementVerbindung Element="5" Typ="Auslaufend"/>
      <ModellElementVerteilung Zeitbasis="Sekunden">Exponentialverteilung (60)</ModellElementVerteilung>
      <ModellElementBatch Groesse="1"/>
    </ModellElementQuelle>
    <ModellElementEnde id="4">
      <ModellElementGroesse h="50" w="100" x="400" y="50"/>
      <ModellElementVerbindung Element="6" Typ="Einlaufend"/>
    </ModellElementEnde>
    <ModellElementKante id="5">
      <ModellElementName>Ankünfte (Kunden)</ModellElementName>
      <ModellElementVerbindung Element1="3" Element2="2" Typ="Kante"/>
    </ModellElementKante>
    <ModellElementKante id="6">
      <ModellElementVerbindung Element1="2" Element2="4" Typ="Kante"/>
    </ModellElementKante>
    <ModellElementQuelle id="7">
      <ModellElementName>Kunden</ModellElementName>
      <ModellElementGroesse h="50" w="100" x="50" y="250"/>
      <ModellElementVerbindung Element="9" Typ="Auslaufend"/>
      <ModellElementAnkunftssignal>B</ModellElementAnkunftssignal>
      <ModellElementBatch Groesse="1"/>
    </ModellElementQuelle>
    <ModellElementEnde id="8">
      <ModellElementGroesse h="50" w="100" x="250" y="250"/>
      <ModellElementVerbindung Element="9" Typ="Einlaufend"/>
    </ModellElementEnde>
    <ModellElementKante id="9">
      <ModellElementName>Ankünfte (Kunden)</ModellElementName>
      <ModellElementVerbindung Element1="7" Element2="8" Typ="Kante"/>
    </ModellElementKante>
  </ModellElemente>
  <Ressourcen UntergeordnetePrioritaet="Zufaellig"/>
  <KundentypenDaten/>
</Modell>
