<?xml version="1.0" encoding="UTF-8" standalone="no"?>
<!DOCTYPE Modell SYSTEM "https://qs.highfives.io/xml/Simulator.dtd">
<Modell xmlns="https://qs.highfives.io" xmlns:xsi="http://www.w3.org/2001/XMLSchema-instance" xsi:schemaLocation="https://qs.highfives.io https://qs.highfives.io/xml/Simulator.xsd">
  <ModellVersion>1.6.0</ModellVersion>
  <ModellName/>
  <ModellBeschreibung/>
  <ModellAutor>Alexander Herzog</ModellAutor>
  <ModellKunden Aktiv="1">10000000</ModellKunden>
  <ModellAufwaermphase>0.05</ModellAufwaermphase>
  <ModellAbbruchbedingung Aktiv="0"/>
  <ModellAbbruchzeit Aktiv="0">10:00:00:00</ModellAbbruchzeit>
  <ModellZufallszahlenStartwert Aktiv="0">0</ModellZufallszahlenStartwert>
  <ModellElemente>
    <ModellElementQuelle id="1">
      <ModellElementName>Kunden</ModellElementName>
      <ModellElementGroesse h="50" w="100" x="50" y="50"/>
      <ModellElementVerbindung Element="3" Typ="Auslaufend"/>
      <ModellElementAusdruck Zeitbasis="Sekunden">60</ModellElementAusdruck>
    </ModellElementQuelle>
    <ModellElementEnde id="2">
      <ModellElementGroesse h="50" w="100" x="350" y="50"/>
      <ModellElementVerbindung Element="3" Typ="Einlaufend"/>
      <ModellElementVerbindung Element="8" Typ="Einlaufend"/>
    </ModellElementEnde>
    <ModellElementKante id="3">
      <ModellElementName>Ankünfte (Kunden)</ModellElementName>
      <ModellElementVerbindung Element1="1" Element2="2" Typ="Kante"/>
    </ModellElementKante>
    <ModellElementAktion id="4">
      <ModellElementGroesse h="50" w="100" x="50" y="150"/>
      <ModellElementAktionDatensatz Aktionstyp="Zuweisung" Bedingung="TNow()&gt;300" BedingungMindestabstand="10" Bedingungstyp="Bedingung" Variable="a">a+1</ModellElementAktionDatensatz>
      <ModellElementAktionDatensatz Aktionstyp="AnalogerWert" AnalogID="6" Bedingung="TNow()&gt;60" BedingungMindestabstand="30" Bedingungstyp="Bedingung">AnalogWert(6)+1</ModellElementAktionDatensatz>
      <ModellElementAktionDatensatz Aktionstyp="Signal" Bedingung="TNow()&gt;240" BedingungMindestabstand="30" Bedingungstyp="Bedingung">Sig</ModellElementAktionDatensatz>
    </ModellElementAktion>
    <ModellElementAnimationText id="5">
      <ModellElementName>a=</ModellElementName>
      <ModellElementGroesse h="30" w="69" x="200" y="150"/>
      <ModellElementSchriftgrosse>14</ModellElementSchriftgrosse>
      <ModellElementFarbe>0,0,0</ModellElementFarbe>
      <ModellElementAnimationsmodus Art="Zahlenwert">a</ModellElementAnimationsmodus>
    </ModellElementAnimationText>
    <ModellElementAnalogerWert id="6">
      <ModellElementGroesse h="50" w="100" x="350" y="150"/>
      <ModellElementAnalogerWertStartwert>0</ModellElementAnalogerWertStartwert>
      <ModellElementAnalogerWertRate>0</ModellElementAnalogerWertRate>
      <ModellElementAnalogerWertAktualisierungsschrittweite>60</ModellElementAnalogerWertAktualisierungsschrittweite>
    </ModellElementAnalogerWert>
    <ModellElementQuelle id="7">
      <ModellElementName>Kunden</ModellElementName>
      <ModellElementGroesse h="50" w="100" x="550" y="50"/>
      <ModellElementVerbindung Element="8" Typ="Auslaufend"/>
      <ModellElementAnkunftssignal>Sig</ModellElementAnkunftssignal>
    </ModellElementQuelle>
    <ModellElementKante id="8">
      <ModellElementName>Ankünfte (Kunden)</ModellElementName>
      <ModellElementVerbindung Element1="7" Element2="2" Typ="Kante"/>
    </ModellElementKante>
  </ModellElemente>
  <KundentypenDaten/>
</Modell>
