<?xml version="1.0" encoding="UTF-8" standalone="no"?>
<!DOCTYPE Modell SYSTEM "https://qs.highfives.io/xml/Simulator.dtd">
<Modell xmlns="https://qs.highfives.io" xmlns:xsi="http://www.w3.org/2001/XMLSchema-instance" xsi:schemaLocation="https://qs.highfives.io https://qs.highfives.io/xml/Simulator.xsd">
  <ModellVersion>1.6.0</ModellVersion>
  <ModellName/>
  <ModellBeschreibung/>
  <ModellAutor>Alexander Herzog</ModellAutor>
  <ModellKunden Aktiv="1">10000000</ModellKunden>
  <ModellAufwaermphase>0.05</ModellAufwaermphase>
  <ModellAbbruchbedingung Aktiv="0"/>
  <ModellAbbruchzeit Aktiv="0">10:00:00:00</ModellAbbruchzeit>
  <ModellZufallszahlenStartwert Aktiv="0">0</ModellZufallszahlenStartwert>
  <ModellElemente>
    <ModellElementQuelle id="1">
      <ModellElementName>Kunden</ModellElementName>
      <ModellElementGroesse h="50" w="100" x="50" y="50"/>
      <ModellElementVerbindung Element="3" Typ="Auslaufend"/>
      <ModellElementAusdruck Zeitbasis="Sekunden">60</ModellElementAusdruck>
    </ModellElementQuelle>
    <ModellElementBedienstation id="2">
      <ModellElementGroesse h="50" w="100" x="350" y="50"/>
      <ModellElementVerbindung Element="3" Typ="Einlaufend"/>
      <ModellElementVerbindung Element="5" Typ="Auslaufend"/>
      <ModellElementAusdruck Status="Bedienzeit" Typ="Bedienzeiten" Zeitbasis="Sekunden">a</ModellElementAusdruck>
      <ModellElementPrioritaet Kundentyp="Kunden">w</ModellElementPrioritaet>
      <ModellElementBediener Alternative="1" Anzahl="1" Gruppe="Neue Bedienergruppe"/>
      <ModellElementBedienerPrioritaet>1</ModellElementBedienerPrioritaet>
    </ModellElementBedienstation>
    <ModellElementKante id="3">
      <ModellElementName>Ankünfte (Kunden)</ModellElementName>
      <ModellElementVerbindung Element1="1" Element2="2" Typ="Kante"/>
    </ModellElementKante>
    <ModellElementEnde id="4">
      <ModellElementGroesse h="50" w="100" x="600" y="50"/>
      <ModellElementVerbindung Element="5" Typ="Einlaufend"/>
    </ModellElementEnde>
    <ModellElementKante id="5">
      <ModellElementVerbindung Element1="2" Element2="4" Typ="Kante"/>
    </ModellElementKante>
    <ModellElementAnimationText id="6">
      <ModellElementName>a=</ModellElementName>
      <ModellElementGroesse h="30" w="69" x="355" y="150"/>
      <ModellElementSchriftgrosse>14</ModellElementSchriftgrosse>
      <ModellElementFarbe>0,0,0</ModellElementFarbe>
      <ModellElementAnimationsmodus Art="Zahlenwert">a</ModellElementAnimationsmodus>
    </ModellElementAnimationText>
    <ModellElementAktion id="7">
      <ModellElementGroesse h="50" w="100" x="50" y="150"/>
      <ModellElementAktionDatensatz Aktionstyp="Zuweisung" Bedingungstyp="Schwellenwert" Schwellenwert="NQ(2)" SchwellenwertRichtung="NachOben" Variable="a" Wert="10">10</ModellElementAktionDatensatz>
      <ModellElementAktionDatensatz Aktionstyp="Zuweisung" Bedingungstyp="Schwellenwert" Schwellenwert="NQ(2)" SchwellenwertRichtung="NachUnten" Variable="a" Wert="2">100</ModellElementAktionDatensatz>
    </ModellElementAktion>
  </ModellElemente>
  <Ressourcen>
    <Ressource Name="Neue Bedienergruppe" Typ="Anzahl" Wert="1"/>
  </Ressourcen>
  <KundentypenDaten/>
  <InitialeVariable Name="a">100</InitialeVariable>
</Modell>
