<?xml version="1.0" encoding="UTF-8" standalone="no"?>
<!DOCTYPE Modell SYSTEM "https://qs.highfives.io/xml/Simulator.dtd">
<Modell xmlns="https://qs.highfives.io" xmlns:xsi="http://www.w3.org/2001/XMLSchema-instance" xsi:schemaLocation="https://qs.highfives.io https://qs.highfives.io/xml/Simulator.xsd">
  <ModellVersion>1.6.0</ModellVersion>
  <ModellName/>
  <ModellBeschreibung/>
  <ModellAutor>Alexander Herzog</ModellAutor>
  <ModellKunden Aktiv="1">10000000</ModellKunden>
  <ModellAufwaermphase>0.05</ModellAufwaermphase>
  <ModellAbbruchbedingung Aktiv="0"/>
  <ModellAbbruchzeit Aktiv="0">10:00:00:00</ModellAbbruchzeit>
  <ModellZufallszahlenStartwert Aktiv="0">0</ModellZufallszahlenStartwert>
  <ModellElemente>
    <ModellElementQuelle id="1">
      <ModellElementName>Kunden</ModellElementName>
      <ModellElementGroesse h="50" w="100" x="50" y="50"/>
      <ModellElementVerbindung Element="3" Typ="Auslaufend"/>
      <ModellElementAusdruck Zeitbasis="Sekunden">90</ModellElementAusdruck>
    </ModellElementQuelle>
    <ModellElementAnalogWertZuweisung id="2">
      <ModellElementGroesse h="50" w="100" x="250" y="50"/>
      <ModellElementVerbindung Element="3" Typ="Einlaufend"/>
      <ModellElementVerbindung Element="5" Typ="Auslaufend"/>
      <ModellElementAnalogWertZuweisungWert ZielID="10">50</ModellElementAnalogWertZuweisungWert>
    </ModellElementAnalogWertZuweisung>
    <ModellElementKante id="3">
      <ModellElementName>Ankünfte (Kunden)</ModellElementName>
      <ModellElementVerbindung Element1="1" Element2="2" Typ="Kante"/>
    </ModellElementKante>
    <ModellElementVerzoegerung id="4">
      <ModellElementGroesse h="50" w="100" x="450" y="50"/>
      <ModellElementVerbindung Element="5" Typ="Einlaufend"/>
      <ModellElementVerbindung Element="7" Typ="Auslaufend"/>
      <ModellElementAusdruck Typ="Bedienzeit" Zeitbasis="Sekunden">30</ModellElementAusdruck>
    </ModellElementVerzoegerung>
    <ModellElementKante id="5">
      <ModellElementVerbindung Element1="2" Element2="4" Typ="Kante"/>
    </ModellElementKante>
    <ModellElementAnalogWertZuweisung id="6">
      <ModellElementGroesse h="50" w="100" x="650" y="50"/>
      <ModellElementVerbindung Element="7" Typ="Einlaufend"/>
      <ModellElementVerbindung Element="9" Typ="Auslaufend"/>
      <ModellElementAnalogWertZuweisungWert ZielID="10">0</ModellElementAnalogWertZuweisungWert>
    </ModellElementAnalogWertZuweisung>
    <ModellElementKante id="7">
      <ModellElementVerbindung Element1="4" Element2="6" Typ="Kante"/>
    </ModellElementKante>
    <ModellElementEnde id="8">
      <ModellElementGroesse h="50" w="100" x="850" y="50"/>
      <ModellElementVerbindung Element="9" Typ="Einlaufend"/>
    </ModellElementEnde>
    <ModellElementKante id="9">
      <ModellElementVerbindung Element1="6" Element2="8" Typ="Kante"/>
    </ModellElementKante>
    <ModellElementTank id="10">
      <ModellElementGroesse h="50" w="100" x="50" y="150"/>
      <ModellElementTankKapazitaet>100</ModellElementTankKapazitaet>
      <ModellElementTankStartwert>0</ModellElementTankStartwert>
      <ModellElementTankVentil Zeiteinheit="ProSekunde">0</ModellElementTankVentil>
      <ModellElementTankAktualisierungsschrittweite>60</ModellElementTankAktualisierungsschrittweite>
    </ModellElementTank>
    <ModellElementAnimationLinienDiagramm id="11">
      <ModellElementGroesse h="100" w="700" x="250" y="150"/>
      <ModellElementLinienBreite>1</ModellElementLinienBreite>
      <ModellElementLinienFarbe>0,0,0</ModellElementLinienFarbe>
      <ModellElementDiagrammElement Linienbreite="2" Linienfarbe="0,0,255" Maximum="55" Minimum="-5">AnalogWert(10)</ModellElementDiagrammElement>
      <ModellElementDiagrammZeitbereich>300</ModellElementDiagrammZeitbereich>
    </ModellElementAnimationLinienDiagramm>
  </ModellElemente>
  <KundentypenDaten/>
</Modell>
