<?xml version="1.0" encoding="UTF-8" standalone="no"?>
<!DOCTYPE Modell SYSTEM "https://qs.highfives.io/xml/Simulator.dtd">
<Modell xmlns="https://qs.highfives.io" xmlns:xsi="http://www.w3.org/2001/XMLSchema-instance" xsi:schemaLocation="https://qs.highfives.io https://qs.highfives.io/xml/Simulator.xsd">
  <ModellVersion>1.5.0</ModellVersion>
  <ModellName/>
  <ModellBeschreibung/>
  <ModellAutor>Alexander Herzog</ModellAutor>
  <ModellKunden Aktiv="1">1000000</ModellKunden>
  <ModellAufwaermphase>0.05</ModellAufwaermphase>
  <ModellAbbruchbedingung Aktiv="0"/>
  <ModellAbbruchzeit Aktiv="0">10:00:00:00</ModellAbbruchzeit>
  <ModellZufallszahlenStartwert Aktiv="0">0</ModellZufallszahlenStartwert>
  <ModellElemente>
    <ModellElementQuelle id="1">
      <ModellElementName>Kunden</ModellElementName>
      <ModellElementGroesse h="50" w="100" x="50" y="50"/>
      <ModellElementVerbindung Element="3" Typ="Auslaufend"/>
      <ModellElementAusdruck Zeitbasis="Sekunden">60</ModellElementAusdruck>
    </ModellElementQuelle>
    <ModellElementEnde id="2">
      <ModellElementGroesse h="50" w="100" x="405" y="50"/>
      <ModellElementVerbindung Element="3" Typ="Einlaufend"/>
    </ModellElementEnde>
    <ModellElementKante id="3">
      <ModellElementName>Ankünfte (Kunden)</ModellElementName>
      <ModellElementVerbindung Element1="1" Element2="2" Typ="Kante"/>
    </ModellElementKante>
    <ModellElementQuelle id="4">
      <ModellElementName>Kunden</ModellElementName>
      <ModellElementGroesse h="50" w="100" x="50" y="150"/>
      <ModellElementVerbindung Element="6" Typ="Auslaufend"/>
      <ModellElementAusdruck Anzahl="1" Zeitbasis="Sekunden">1200</ModellElementAusdruck>
    </ModellElementQuelle>
    <ModellElementFluss id="5">
      <ModellElementGroesse h="50" w="100" x="245" y="150"/>
      <ModellElementVerbindung Element="6" Typ="Einlaufend"/>
      <ModellElementVerbindung Element="8" Typ="Auslaufend"/>
      <ModellElementFlussZiel Id="9" Ventil="1"/>
      <ModellElementFlussMenge>80</ModellElementFlussMenge>
    </ModellElementFluss>
    <ModellElementKante id="6">
      <ModellElementName>Ankünfte (Kunden)</ModellElementName>
      <ModellElementVerbindung Element1="4" Element2="5" Typ="Kante"/>
    </ModellElementKante>
    <ModellElementEnde id="7">
      <ModellElementGroesse h="50" w="100" x="400" y="150"/>
      <ModellElementVerbindung Element="8" Typ="Einlaufend"/>
    </ModellElementEnde>
    <ModellElementKante id="8">
      <ModellElementVerbindung Element1="5" Element2="7" Typ="Kante"/>
    </ModellElementKante>
    <ModellElementTank id="9">
      <ModellElementGroesse h="50" w="100" x="250" y="250"/>
      <ModellElementTankKapazitaet>100</ModellElementTankKapazitaet>
      <ModellElementTankStartwert>0</ModellElementTankStartwert>
      <ModellElementTankVentil Zeiteinheit="ProSekunde">0</ModellElementTankVentil>
      <ModellElementTankAktualisierungsschrittweite>6</ModellElementTankAktualisierungsschrittweite>
    </ModellElementTank>
    <ModellElementQuelle id="10">
      <ModellElementName>Kunden</ModellElementName>
      <ModellElementGroesse h="50" w="100" x="50" y="350"/>
      <ModellElementVerbindung Element="12" Typ="Auslaufend"/>
      <ModellElementAusdruck Anzahl="1" Zeitbasis="Sekunden">1800</ModellElementAusdruck>
    </ModellElementQuelle>
    <ModellElementJavascript id="11">
      <ModellElementGroesse h="50" w="100" x="250" y="350"/>
      <ModellElementVerbindung Element="12" Typ="Einlaufend"/>
      <ModellElementVerbindung Element="14" Typ="Auslaufend"/>
      <ModellElementSkript>Simulation.setValveMaxFlow(9,1,1/60);</ModellElementSkript>
    </ModellElementJavascript>
    <ModellElementKante id="12">
      <ModellElementName>Ankünfte (Kunden)</ModellElementName>
      <ModellElementVerbindung Element1="10" Element2="11" Typ="Kante"/>
    </ModellElementKante>
    <ModellElementEnde id="13">
      <ModellElementGroesse h="50" w="100" x="400" y="350"/>
      <ModellElementVerbindung Element="14" Typ="Einlaufend"/>
    </ModellElementEnde>
    <ModellElementKante id="14">
      <ModellElementVerbindung Element1="11" Element2="13" Typ="Kante"/>
    </ModellElementKante>
    <ModellElementAnimationText id="15">
      <ModellElementName>Ventil 1 (pro Min)</ModellElementName>
      <ModellElementGroesse h="30" w="70" x="425" y="270"/>
      <ModellElementSchriftgrosse>14</ModellElementSchriftgrosse>
      <ModellElementFarbe>0,0,0</ModellElementFarbe>
      <ModellElementAnimationsmodus Art="Zahlenwert">VentilMaximalDurchfluss(9;1)*60</ModellElementAnimationsmodus>
    </ModellElementAnimationText>
  </ModellElemente>
  <KundentypenDaten/>
</Modell>
