<?xml version="1.0" encoding="UTF-8" standalone="no"?>
<!DOCTYPE Modell SYSTEM "https://qs.highfives.io/xml/Simulator.dtd">
<Modell xmlns="https://qs.highfives.io" xmlns:xsi="http://www.w3.org/2001/XMLSchema-instance" xsi:schemaLocation="https://qs.highfives.io https://qs.highfives.io/xml/Simulator.xsd">
  <ModellVersion>1.5.0</ModellVersion>
  <ModellName/>
  <ModellBeschreibung/>
  <ModellAutor>Alexa</ModellAutor>
  <ModellKunden Aktiv="1">10000000</ModellKunden>
  <ModellAufwaermphase>0.05</ModellAufwaermphase>
  <ModellAbbruchbedingung Aktiv="0"/>
  <ModellAbbruchzeit Aktiv="0">10:00:00:00</ModellAbbruchzeit>
  <ModellZufallszahlenStartwert Aktiv="0">0</ModellZufallszahlenStartwert>
  <ModellElemente>
    <ModellElementQuelle id="1">
      <ModellElementName>Kunden</ModellElementName>
      <ModellElementGroesse h="50" w="100" x="50" y="50"/>
      <ModellElementVerbindung Element="3" Typ="Auslaufend"/>
      <ModellElementAusdruck Zeitbasis="Sekunden">60</ModellElementAusdruck>
    </ModellElementQuelle>
    <ModellElementEnde id="2">
      <ModellElementGroesse h="50" w="100" x="400" y="50"/>
      <ModellElementVerbindung Element="3" Typ="Einlaufend"/>
    </ModellElementEnde>
    <ModellElementKante id="3">
      <ModellElementName>Ankünfte (Kunden)</ModellElementName>
      <ModellElementVerbindung Element1="1" Element2="2" Typ="Kante"/>
    </ModellElementKante>
    <ModellElementQuelle id="4">
      <ModellElementName>Kunden</ModellElementName>
      <ModellElementGroesse h="50" w="100" x="50" y="150"/>
      <ModellElementVerbindung Element="13" Typ="Auslaufend"/>
      <ModellElementAusdruck Zeitbasis="Sekunden">900</ModellElementAusdruck>
    </ModellElementQuelle>
    <ModellElementEnde id="5">
      <ModellElementGroesse h="50" w="100" x="400" y="150"/>
      <ModellElementVerbindung Element="14" Typ="Einlaufend"/>
    </ModellElementEnde>
    <ModellElementTank id="7">
      <ModellElementGroesse h="50" w="100" x="50" y="250"/>
      <ModellElementTankKapazitaet>100</ModellElementTankKapazitaet>
      <ModellElementTankStartwert>100</ModellElementTankStartwert>
      <ModellElementTankVentil Zeiteinheit="ProMinute">5</ModellElementTankVentil>
      <ModellElementTankAktualisierungsschrittweite>60</ModellElementTankAktualisierungsschrittweite>
    </ModellElementTank>
    <ModellElementFluss id="8">
      <ModellElementGroesse h="50" w="100" x="250" y="350"/>
      <ModellElementVerbindung Element="12" Typ="Einlaufend"/>
      <ModellElementVerbindung Element="11" Typ="Auslaufend"/>
      <ModellElementFlussQuelle Id="7" Ventil="1"/>
      <ModellElementFlussMenge>1000</ModellElementFlussMenge>
    </ModellElementFluss>
    <ModellElementQuelle id="9">
      <ModellElementName>Kunden</ModellElementName>
      <ModellElementGroesse h="50" w="100" x="50" y="350"/>
      <ModellElementVerbindung Element="12" Typ="Auslaufend"/>
      <ModellElementAusdruck Anzahl="1" Zeitbasis="Sekunden">0</ModellElementAusdruck>
    </ModellElementQuelle>
    <ModellElementEnde id="10">
      <ModellElementGroesse h="50" w="100" x="400" y="350"/>
      <ModellElementVerbindung Element="11" Typ="Einlaufend"/>
    </ModellElementEnde>
    <ModellElementKante id="11">
      <ModellElementVerbindung Element1="8" Element2="10" Typ="Kante"/>
    </ModellElementKante>
    <ModellElementKante id="12">
      <ModellElementName>Ankünfte (Kunden)</ModellElementName>
      <ModellElementVerbindung Element1="9" Element2="8" Typ="Kante"/>
    </ModellElementKante>
    <ModellElementVentilSetups id="6">
      <ModellElementGroesse h="50" w="100" x="250" y="150"/>
      <ModellElementVerbindung Element="13" Typ="Einlaufend"/>
      <ModellElementVerbindung Element="14" Typ="Auslaufend"/>
      <ModellElementVentilSetup Tank="7" Ventil="1">1/60</ModellElementVentilSetup>
    </ModellElementVentilSetups>
    <ModellElementKante id="13">
      <ModellElementName>Ankünfte (Kunden)</ModellElementName>
      <ModellElementVerbindung Element1="4" Element2="6" Typ="Kante"/>
    </ModellElementKante>
    <ModellElementKante id="14">
      <ModellElementVerbindung Element1="6" Element2="5" Typ="Kante"/>
    </ModellElementKante>
    <ModellElementAnimationLinienDiagramm id="15">
      <ModellElementGroesse h="250" w="450" x="50" y="450"/>
      <ModellElementLinienBreite>1</ModellElementLinienBreite>
      <ModellElementLinienFarbe>0,0,0</ModellElementLinienFarbe>
      <ModellElementDiagrammElement Linienbreite="2" Linienfarbe="0,0,255" Maximum="100" Minimum="0">AnalogWert(7)</ModellElementDiagrammElement>
      <ModellElementDiagrammZeitbereich>3600</ModellElementDiagrammZeitbereich>
    </ModellElementAnimationLinienDiagramm>
  </ModellElemente>
  <KundentypenDaten/>
</Modell>
