<?xml version="1.0" encoding="UTF-8" standalone="no"?>
<!DOCTYPE Modell SYSTEM "https://qs.highfives.io/xml/Simulator.dtd">
<Modell xmlns="https://qs.highfives.io" xmlns:xsi="http://www.w3.org/2001/XMLSchema-instance" xsi:schemaLocation="https://qs.highfives.io https://qs.highfives.io/xml/Simulator.xsd">
  <ModellVersion>1.5.0</ModellVersion>
  <ModellName/>
  <ModellBeschreibung/>
  <ModellAutor>Alexander Herzog</ModellAutor>
  <ModellKunden Aktiv="1">1000000</ModellKunden>
  <ModellAufwaermphase>0.05</ModellAufwaermphase>
  <ModellAbbruchbedingung Aktiv="0"/>
  <ModellAbbruchzeit Aktiv="0">10:00:00:00</ModellAbbruchzeit>
  <ModellZufallszahlenStartwert Aktiv="0">0</ModellZufallszahlenStartwert>
  <ModellElemente>
    <ModellElementQuelle id="1">
      <ModellElementName>Kunden</ModellElementName>
      <ModellElementGroesse h="50" w="100" x="50" y="50"/>
      <ModellElementVerbindung Element="3" Typ="Auslaufend"/>
      <ModellElementAusdruck Zeitbasis="Sekunden">900</ModellElementAusdruck>
    </ModellElementQuelle>
    <ModellElementAnalogWertZuweisung id="2">
      <ModellElementName>Rate=1</ModellElementName>
      <ModellElementGroesse h="50" w="100" x="250" y="50"/>
      <ModellElementVerbindung Element="3" Typ="Einlaufend"/>
      <ModellElementVerbindung Element="7" Typ="Auslaufend"/>
      <ModellElementAnalogWertZuweisungRate ZielID="4">1/60</ModellElementAnalogWertZuweisungRate>
    </ModellElementAnalogWertZuweisung>
    <ModellElementKante id="3">
      <ModellElementName>Ankünfte (Kunden)</ModellElementName>
      <ModellElementVerbindung Element1="1" Element2="2" Typ="Kante"/>
    </ModellElementKante>
    <ModellElementAnalogerWert id="4">
      <ModellElementName>Wert</ModellElementName>
      <ModellElementGroesse h="50" w="100" x="200" y="200"/>
      <ModellElementAnalogerWertStartwert>0</ModellElementAnalogerWertStartwert>
      <ModellElementAnalogerWertRate>0</ModellElementAnalogerWertRate>
      <ModellElementAnalogerWertAktualisierungsschrittweite>6</ModellElementAnalogerWertAktualisierungsschrittweite>
    </ModellElementAnalogerWert>
    <ModellElementVerzoegerung id="5">
      <ModellElementGroesse h="50" w="100" x="400" y="50"/>
      <ModellElementVerbindung Element="7" Typ="Einlaufend"/>
      <ModellElementVerbindung Element="8" Typ="Auslaufend"/>
      <ModellElementAusdruck Typ="Bedienzeit" Zeitbasis="Sekunden">300</ModellElementAusdruck>
    </ModellElementVerzoegerung>
    <ModellElementAnalogWertZuweisung id="6">
      <ModellElementName>Rate=-1</ModellElementName>
      <ModellElementGroesse h="50" w="100" x="600" y="50"/>
      <ModellElementVerbindung Element="8" Typ="Einlaufend"/>
      <ModellElementVerbindung Element="12" Typ="Auslaufend"/>
      <ModellElementAnalogWertZuweisungRate ZielID="4">-1/60</ModellElementAnalogWertZuweisungRate>
    </ModellElementAnalogWertZuweisung>
    <ModellElementKante id="7">
      <ModellElementVerbindung Element1="2" Element2="5" Typ="Kante"/>
    </ModellElementKante>
    <ModellElementKante id="8">
      <ModellElementVerbindung Element1="5" Element2="6" Typ="Kante"/>
    </ModellElementKante>
    <ModellElementVerzoegerung id="9">
      <ModellElementGroesse h="50" w="100" x="750" y="50"/>
      <ModellElementVerbindung Element="12" Typ="Einlaufend"/>
      <ModellElementVerbindung Element="13" Typ="Auslaufend"/>
      <ModellElementAusdruck Typ="Bedienzeit" Zeitbasis="Sekunden">300</ModellElementAusdruck>
    </ModellElementVerzoegerung>
    <ModellElementEnde id="10">
      <ModellElementGroesse h="50" w="100" x="1100" y="50"/>
      <ModellElementVerbindung Element="14" Typ="Einlaufend"/>
    </ModellElementEnde>
    <ModellElementKante id="12">
      <ModellElementVerbindung Element1="6" Element2="9" Typ="Kante"/>
    </ModellElementKante>
    <ModellElementAnalogWertZuweisung id="11">
      <ModellElementName>Rate=0</ModellElementName>
      <ModellElementGroesse h="50" w="100" x="950" y="50"/>
      <ModellElementVerbindung Element="13" Typ="Einlaufend"/>
      <ModellElementVerbindung Element="14" Typ="Auslaufend"/>
      <ModellElementAnalogWertZuweisungRate ZielID="4">0</ModellElementAnalogWertZuweisungRate>
    </ModellElementAnalogWertZuweisung>
    <ModellElementKante id="13">
      <ModellElementVerbindung Element1="9" Element2="11" Typ="Kante"/>
    </ModellElementKante>
    <ModellElementKante id="14">
      <ModellElementVerbindung Element1="11" Element2="10" Typ="Kante"/>
    </ModellElementKante>
    <ModellElementAnimationLinienDiagramm id="15">
      <ModellElementGroesse h="250" w="550" x="400" y="200"/>
      <ModellElementLinienBreite>1</ModellElementLinienBreite>
      <ModellElementLinienFarbe>0,0,0</ModellElementLinienFarbe>
      <ModellElementDiagrammElement Linienbreite="2" Linienfarbe="0,0,255" Maximum="10" Minimum="0">AnalogWert(4)</ModellElementDiagrammElement>
      <ModellElementDiagrammZeitbereich>3600</ModellElementDiagrammZeitbereich>
    </ModellElementAnimationLinienDiagramm>
  </ModellElemente>
  <KundentypenDaten/>
</Modell>
