<?xml version="1.0" encoding="UTF-8" standalone="no"?>
<!DOCTYPE Modell SYSTEM "https://qs.highfives.io/xml/Simulator.dtd">
<Modell xmlns="https://qs.highfives.io" xmlns:xsi="http://www.w3.org/2001/XMLSchema-instance" xsi:schemaLocation="https://qs.highfives.io https://qs.highfives.io/xml/Simulator.xsd">
  <ModellVersion>1.5.0</ModellVersion>
  <ModellName/>
  <ModellBeschreibung/>
  <ModellAutor>Alexa</ModellAutor>
  <ModellKunden Aktiv="1">1000000</ModellKunden>
  <ModellAufwaermphase>0.05</ModellAufwaermphase>
  <ModellAbbruchbedingung Aktiv="0"/>
  <ModellAbbruchzeit Aktiv="0">10:00:00:00</ModellAbbruchzeit>
  <ModellZufallszahlenStartwert Aktiv="0">0</ModellZufallszahlenStartwert>
  <ModellElemente>
    <ModellElementQuelle id="1">
      <ModellElementName>Kunden</ModellElementName>
      <ModellElementGroesse h="50" w="100" x="50" y="50"/>
      <ModellElementVerbindung Element="14" Typ="Auslaufend"/>
      <ModellElementAusdruck Zeitbasis="Sekunden">900</ModellElementAusdruck>
    </ModellElementQuelle>
    <ModellElementTank id="2">
      <ModellElementName>Tank A</ModellElementName>
      <ModellElementGroesse h="50" w="100" x="100" y="150"/>
      <ModellElementTankKapazitaet>100</ModellElementTankKapazitaet>
      <ModellElementTankStartwert>0</ModellElementTankStartwert>
      <ModellElementTankVentil Zeiteinheit="ProSekunde">0.01</ModellElementTankVentil>
      <ModellElementTankVentil Zeiteinheit="ProSekunde">0.2</ModellElementTankVentil>
      <ModellElementTankVentil Zeiteinheit="ProSekunde">1</ModellElementTankVentil>
      <ModellElementTankAktualisierungsschrittweite>6</ModellElementTankAktualisierungsschrittweite>
    </ModellElementTank>
    <ModellElementFluss id="3">
      <ModellElementName>0-&gt;A</ModellElementName>
      <ModellElementGroesse h="50" w="100" x="250" y="250"/>
      <ModellElementVerbindung Element="9" Typ="Einlaufend"/>
      <ModellElementVerbindung Element="8" Typ="Auslaufend"/>
      <ModellElementFlussZiel Id="2" Ventil="1"/>
      <ModellElementFlussMenge>70</ModellElementFlussMenge>
    </ModellElementFluss>
    <ModellElementTank id="4">
      <ModellElementName>Tank B</ModellElementName>
      <ModellElementGroesse h="50" w="100" x="250" y="150"/>
      <ModellElementTankKapazitaet>100</ModellElementTankKapazitaet>
      <ModellElementTankStartwert>0</ModellElementTankStartwert>
      <ModellElementTankVentil Zeiteinheit="ProSekunde">2</ModellElementTankVentil>
      <ModellElementTankAktualisierungsschrittweite>60</ModellElementTankAktualisierungsschrittweite>
    </ModellElementTank>
    <ModellElementQuelle id="6">
      <ModellElementName>Kunden</ModellElementName>
      <ModellElementGroesse h="50" w="100" x="50" y="250"/>
      <ModellElementVerbindung Element="9" Typ="Auslaufend"/>
      <ModellElementAusdruck Anzahl="1" Zeitbasis="Sekunden">0</ModellElementAusdruck>
    </ModellElementQuelle>
    <ModellElementEnde id="7">
      <ModellElementGroesse h="50" w="100" x="400" y="250"/>
      <ModellElementVerbindung Element="8" Typ="Einlaufend"/>
    </ModellElementEnde>
    <ModellElementKante id="8">
      <ModellElementVerbindung Element1="3" Element2="7" Typ="Kante"/>
    </ModellElementKante>
    <ModellElementKante id="9">
      <ModellElementName>Ankünfte (Kunden)</ModellElementName>
      <ModellElementVerbindung Element1="6" Element2="3" Typ="Kante"/>
    </ModellElementKante>
    <ModellElementEnde id="5">
      <ModellElementGroesse h="50" w="100" x="700" y="50"/>
      <ModellElementVerbindung Element="12" Typ="Einlaufend"/>
    </ModellElementEnde>
    <ModellElementFluss id="10">
      <ModellElementName>A-&gt;B</ModellElementName>
      <ModellElementGroesse h="50" w="100" x="250" y="50"/>
      <ModellElementVerbindung Element="14" Typ="Einlaufend"/>
      <ModellElementVerbindung Element="15" Typ="Auslaufend"/>
      <ModellElementFlussQuelle Id="2" Ventil="2"/>
      <ModellElementFlussZiel Id="4" Ventil="1"/>
      <ModellElementFlussZeit>240</ModellElementFlussZeit>
    </ModellElementFluss>
    <ModellElementFluss id="11">
      <ModellElementName>B-&gt;A</ModellElementName>
      <ModellElementGroesse h="50" w="100" x="550" y="50"/>
      <ModellElementVerbindung Element="16" Typ="Einlaufend"/>
      <ModellElementVerbindung Element="12" Typ="Auslaufend"/>
      <ModellElementFlussQuelle Id="4" Ventil="1"/>
      <ModellElementFlussZiel Id="2" Ventil="3"/>
      <ModellElementFlussZeit>240</ModellElementFlussZeit>
    </ModellElementFluss>
    <ModellElementVerzoegerung id="13">
      <ModellElementGroesse h="50" w="100" x="400" y="50"/>
      <ModellElementVerbindung Element="15" Typ="Einlaufend"/>
      <ModellElementVerbindung Element="16" Typ="Auslaufend"/>
      <ModellElementAusdruck Typ="Bedienzeit" Zeitbasis="Sekunden">420</ModellElementAusdruck>
    </ModellElementVerzoegerung>
    <ModellElementKante id="14">
      <ModellElementName>Ankünfte (Kunden)</ModellElementName>
      <ModellElementVerbindung Element1="1" Element2="10" Typ="Kante"/>
    </ModellElementKante>
    <ModellElementKante id="15">
      <ModellElementVerbindung Element1="10" Element2="13" Typ="Kante"/>
    </ModellElementKante>
    <ModellElementKante id="16">
      <ModellElementVerbindung Element1="13" Element2="11" Typ="Kante"/>
    </ModellElementKante>
    <ModellElementKante id="12">
      <ModellElementVerbindung Element1="11" Element2="5" Typ="Kante"/>
    </ModellElementKante>
    <ModellElementAnimationLinienDiagramm id="32">
      <ModellElementGroesse h="250" w="550" x="50" y="350"/>
      <ModellElementLinienBreite>1</ModellElementLinienBreite>
      <ModellElementLinienFarbe>0,0,0</ModellElementLinienFarbe>
      <ModellElementDiagrammElement Linienbreite="2" Linienfarbe="0,0,255" Maximum="100" Minimum="0">AnalogWert(2)</ModellElementDiagrammElement>
      <ModellElementDiagrammElement Linienbreite="2" Linienfarbe="255,0,0" Maximum="100" Minimum="0">AnalogWert(4)</ModellElementDiagrammElement>
      <ModellElementDiagrammZeitbereich>3600</ModellElementDiagrammZeitbereich>
    </ModellElementAnimationLinienDiagramm>
    <ModellElementAnimationText id="17">
      <ModellElementName>VentilMaximalDurchfluss(2;1)</ModellElementName>
      <ModellElementGroesse h="30" w="122" x="650" y="375"/>
      <ModellElementSchriftgrosse>14</ModellElementSchriftgrosse>
      <ModellElementFarbe>0,0,0</ModellElementFarbe>
      <ModellElementAnimationsmodus Art="Zahlenwert">VentilMaximalDurchfluss(2;1)</ModellElementAnimationsmodus>
    </ModellElementAnimationText>
    <ModellElementAnimationText id="18">
      <ModellElementName>VentilMaximalDurchfluss(2;2)</ModellElementName>
      <ModellElementGroesse h="30" w="122" x="650" y="420"/>
      <ModellElementSchriftgrosse>14</ModellElementSchriftgrosse>
      <ModellElementFarbe>0,0,0</ModellElementFarbe>
      <ModellElementAnimationsmodus Art="Zahlenwert">VentilMaximalDurchfluss(2;2)</ModellElementAnimationsmodus>
    </ModellElementAnimationText>
    <ModellElementAnimationText id="19">
      <ModellElementName>VentilMaximalDurchfluss(2;3)</ModellElementName>
      <ModellElementGroesse h="30" w="122" x="650" y="470"/>
      <ModellElementSchriftgrosse>14</ModellElementSchriftgrosse>
      <ModellElementFarbe>0,0,0</ModellElementFarbe>
      <ModellElementAnimationsmodus Art="Zahlenwert">VentilMaximalDurchfluss(2;3)</ModellElementAnimationsmodus>
    </ModellElementAnimationText>
    <ModellElementAnimationText id="20">
      <ModellElementName>AnalogWert(2)</ModellElementName>
      <ModellElementGroesse h="30" w="69" x="650" y="525"/>
      <ModellElementSchriftgrosse>14</ModellElementSchriftgrosse>
      <ModellElementFarbe>0,0,0</ModellElementFarbe>
      <ModellElementAnimationsmodus Art="Zahlenwert">AnalogWert(2)</ModellElementAnimationsmodus>
    </ModellElementAnimationText>
  </ModellElemente>
  <KundentypenDaten/>
</Modell>
