<?xml version="1.0" encoding="UTF-8" standalone="no"?>
<!DOCTYPE Modell SYSTEM "https://qs.highfives.io/xml/Simulator.dtd">
<Modell xmlns="https://qs.highfives.io" xmlns:xsi="http://www.w3.org/2001/XMLSchema-instance" xsi:schemaLocation="https://qs.highfives.io https://qs.highfives.io/xml/Simulator.xsd">
  <ModellVersion>1.4.0</ModellVersion>
  <ModellName/>
  <ModellBeschreibung/>
  <ModellAutor>Alexander Herzog</ModellAutor>
  <ModellKunden Aktiv="1">10000000</ModellKunden>
  <ModellAufwaermphase>0.05</ModellAufwaermphase>
  <ModellAbbruchbedingung Aktiv="0"/>
  <ModellAbbruchzeit Aktiv="0">10:00:00:00</ModellAbbruchzeit>
  <ModellZufallszahlenStartwert Aktiv="0">0</ModellZufallszahlenStartwert>
  <ModellElemente>
    <ModellElementAnalogerWert id="1">
      <ModellElementName>abc</ModellElementName>
      <ModellElementGroesse h="50" w="100" x="150" y="145"/>
      <ModellElementAnalogerWertStartwert>123</ModellElementAnalogerWertStartwert>
      <ModellElementAnalogerWertMaximum>1000</ModellElementAnalogerWertMaximum>
      <ModellElementAnalogerWertRate>0.16666666666667</ModellElementAnalogerWertRate>
      <ModellElementAnalogerWertAktualisierungsschrittweite>10</ModellElementAnalogerWertAktualisierungsschrittweite>
    </ModellElementAnalogerWert>
    <ModellElementQuelle id="2">
      <ModellElementName>Kunden</ModellElementName>
      <ModellElementGroesse h="50" w="100" x="50" y="50"/>
      <ModellElementVerbindung Element="6" Typ="Auslaufend"/>
      <ModellElementVerteilung Zeitbasis="Sekunden">Exponentialverteilung (120)</ModellElementVerteilung>
    </ModellElementQuelle>
    <ModellElementEnde id="3">
      <ModellElementGroesse h="50" w="100" x="500" y="50"/>
      <ModellElementVerbindung Element="7" Typ="Einlaufend"/>
    </ModellElementEnde>
    <ModellElementAnimationText id="5">
      <ModellElementName>AnalogWert(1)</ModellElementName>
      <ModellElementGroesse h="30" w="69" x="355" y="150"/>
      <ModellElementSchriftgrosse>14</ModellElementSchriftgrosse>
      <ModellElementFarbe>0,0,0</ModellElementFarbe>
      <ModellElementAnimationsmodus Art="Zahlenwert">AnalogWert(1)</ModellElementAnimationsmodus>
    </ModellElementAnimationText>
    <ModellElementAnalogWertZuweisung id="4">
      <ModellElementGroesse h="50" w="100" x="300" y="50"/>
      <ModellElementVerbindung Element="6" Typ="Einlaufend"/>
      <ModellElementVerbindung Element="7" Typ="Auslaufend"/>
      <ModellElementAnalogWertZuweisungWert ZielID="1">50</ModellElementAnalogWertZuweisungWert>
    </ModellElementAnalogWertZuweisung>
    <ModellElementKante id="6">
      <ModellElementName>Ankünfte (Kunden)</ModellElementName>
      <ModellElementVerbindung Element1="2" Element2="4" Typ="Kante"/>
    </ModellElementKante>
    <ModellElementKante id="7">
      <ModellElementVerbindung Element1="4" Element2="3" Typ="Kante"/>
    </ModellElementKante>
    <ModellElementAnimationLinienDiagramm id="8">
      <ModellElementGroesse h="150" w="350" x="100" y="250"/>
      <ModellElementLinienBreite>1</ModellElementLinienBreite>
      <ModellElementLinienFarbe>0,0,0</ModellElementLinienFarbe>
      <ModellElementDiagrammElement Linienbreite="2" Linienfarbe="0,0,255" Maximum="200" Minimum="0">AnalogWert(1)</ModellElementDiagrammElement>
      <ModellElementDiagrammZeitbereich>3600</ModellElementDiagrammZeitbereich>
    </ModellElementAnimationLinienDiagramm>
  </ModellElemente>
  <KundentypenDaten/>
</Modell>
