<?xml version="1.0" encoding="UTF-8" standalone="no"?>
<!DOCTYPE Modell SYSTEM "https://qs.highfives.io/xml/Simulator.dtd">
<Modell xmlns="https://qs.highfives.io" xmlns:xsi="http://www.w3.org/2001/XMLSchema-instance" xsi:schemaLocation="https://qs.highfives.io https://qs.highfives.io/xml/Simulator.xsd">
  <ModellVersion>1.5.0</ModellVersion>
  <ModellName/>
  <ModellBeschreibung/>
  <ModellAutor>Alexander Herzog</ModellAutor>
  <ModellKunden Aktiv="1">10000000</ModellKunden>
  <ModellAufwaermphase>0</ModellAufwaermphase>
  <ModellAbbruchbedingung Aktiv="0"/>
  <ModellAbbruchzeit Aktiv="0">10:00:00:00</ModellAbbruchzeit>
  <ModellZufallszahlenStartwert Aktiv="0">0</ModellZufallszahlenStartwert>
  <ModellElemente>
    <ModellElementQuelle id="1">
      <ModellElementName>Kunden</ModellElementName>
      <ModellElementGroesse h="50" w="100" x="50" y="250"/>
      <ModellElementVerbindung Element="4" Typ="Auslaufend"/>
      <ModellElementAusdruck Anzahl="1" Zeitbasis="Sekunden">1</ModellElementAusdruck>
    </ModellElementQuelle>
    <ModellElementQuelle id="2">
      <ModellElementName>Kunden</ModellElementName>
      <ModellElementGroesse h="50" w="100" x="50" y="50"/>
      <ModellElementVerbindung Element="12" Typ="Auslaufend"/>
      <ModellElementAnkunftssignal>Start</ModellElementAnkunftssignal>
    </ModellElementQuelle>
    <ModellElementFluss id="3">
      <ModellElementGroesse h="50" w="100" x="250" y="250"/>
      <ModellElementVerbindung Element="4" Typ="Einlaufend"/>
      <ModellElementVerbindung Element="6" Typ="Auslaufend"/>
      <ModellElementFlussZiel Id="7" Ventil="1"/>
      <ModellElementFlussMenge>1000</ModellElementFlussMenge>
    </ModellElementFluss>
    <ModellElementKante id="4">
      <ModellElementName>Ankünfte (Kunden)</ModellElementName>
      <ModellElementVerbindung Element1="1" Element2="3" Typ="Kante"/>
    </ModellElementKante>
    <ModellElementEnde id="5">
      <ModellElementGroesse h="50" w="100" x="400" y="250"/>
      <ModellElementVerbindung Element="6" Typ="Einlaufend"/>
    </ModellElementEnde>
    <ModellElementKante id="6">
      <ModellElementVerbindung Element1="3" Element2="5" Typ="Kante"/>
    </ModellElementKante>
    <ModellElementTank id="7">
      <ModellElementGroesse h="50" w="100" x="250" y="150"/>
      <ModellElementTankKapazitaet>100</ModellElementTankKapazitaet>
      <ModellElementTankStartwert>0</ModellElementTankStartwert>
      <ModellElementTankVentil Zeiteinheit="ProMinute">1</ModellElementTankVentil>
      <ModellElementTankVentil Zeiteinheit="ProSekunde">1</ModellElementTankVentil>
      <ModellElementTankAktualisierungsschrittweite>60</ModellElementTankAktualisierungsschrittweite>
    </ModellElementTank>
    <ModellElementSensor id="8">
      <ModellElementName>Start</ModellElementName>
      <ModellElementGroesse h="50" w="100" x="100" y="150"/>
      <ModellElementSensorTankID>7</ModellElementSensorTankID>
      <ModellElementSensorSchwellenwert Prozent="Ja" Richtung="NachOben">50</ModellElementSensorSchwellenwert>
    </ModellElementSensor>
    <ModellElementFluss id="9">
      <ModellElementGroesse h="50" w="100" x="250" y="50"/>
      <ModellElementVerbindung Element="12" Typ="Einlaufend"/>
      <ModellElementVerbindung Element="11" Typ="Auslaufend"/>
      <ModellElementFlussQuelle Id="7" Ventil="2"/>
      <ModellElementFlussMenge>40</ModellElementFlussMenge>
    </ModellElementFluss>
    <ModellElementEnde id="10">
      <ModellElementGroesse h="50" w="100" x="400" y="50"/>
      <ModellElementVerbindung Element="11" Typ="Einlaufend"/>
    </ModellElementEnde>
    <ModellElementKante id="11">
      <ModellElementVerbindung Element1="9" Element2="10" Typ="Kante"/>
    </ModellElementKante>
    <ModellElementKante id="12">
      <ModellElementName>Ankünfte (Kunden)</ModellElementName>
      <ModellElementVerbindung Element1="2" Element2="9" Typ="Kante"/>
    </ModellElementKante>
    <ModellElementAnimationLinienDiagramm id="13">
      <ModellElementGroesse h="250" w="500" x="50" y="350"/>
      <ModellElementLinienBreite>1</ModellElementLinienBreite>
      <ModellElementLinienFarbe>0,0,0</ModellElementLinienFarbe>
      <ModellElementDiagrammElement Linienbreite="2" Linienfarbe="0,0,255" Maximum="100" Minimum="0">AnalogWert(7)</ModellElementDiagrammElement>
      <ModellElementDiagrammZeitbereich>7200</ModellElementDiagrammZeitbereich>
    </ModellElementAnimationLinienDiagramm>
    <ModellElementAnimationText id="14">
      <ModellElementGroesse h="19" w="69" x="580" y="350"/>
      <ModellElementSchriftgrosse>14</ModellElementSchriftgrosse>
      <ModellElementFarbe>0,0,0</ModellElementFarbe>
      <ModellElementAnimationsmodus Art="Zahlenwert">AnalogWert(7)</ModellElementAnimationsmodus>
    </ModellElementAnimationText>
  </ModellElemente>
  <KundentypenDaten/>
</Modell>
