<?xml version="1.0" encoding="UTF-8" standalone="no"?>
<!DOCTYPE Modell SYSTEM "https://qs.highfives.io/xml/Simulator.dtd">
<Modell xmlns="https://qs.highfives.io" xmlns:xsi="http://www.w3.org/2001/XMLSchema-instance" xsi:schemaLocation="https://qs.highfives.io https://qs.highfives.io/xml/Simulator.xsd">
  <ModellVersion>0.8.1</ModellVersion>
  <ModellName/>
  <ModellBeschreibung/>
  <ModellKunden Aktiv="1">10000000</ModellKunden>
  <ModellAufwaermphase>0.05</ModellAufwaermphase>
  <ModellAbbruchbedingung Aktiv="0"/>
  <ModellAbbruchzeit Aktiv="0">10:00:00:00</ModellAbbruchzeit>
  <ModellZufallszahlenStartwert Aktiv="0">0</ModellZufallszahlenStartwert>
  <ModellElemente>
    <ModellElementQuelle id="1">
      <ModellElementName>Kunden</ModellElementName>
      <ModellElementGroesse h="50" w="100" x="50" y="50"/>
      <ModellElementVerbindung Element="6" Typ="Auslaufend"/>
      <ModellElementVerteilung Zeitbasis="Sekunden">Exponentialverteilung (60)</ModellElementVerteilung>
    </ModellElementQuelle>
    <ModellElementVerzoegerung id="2">
      <ModellElementGroesse h="50" w="100" x="50" y="200"/>
      <ModellElementVerbindung Element="6" Typ="Einlaufend"/>
      <ModellElementVerbindung Element="7" Typ="Auslaufend"/>
    </ModellElementVerzoegerung>
    <ModellElementVerzoegerung id="3">
      <ModellElementGroesse h="50" w="100" x="450" y="50"/>
      <ModellElementVerbindung Element="8" Typ="Einlaufend"/>
      <ModellElementVerbindung Element="9" Typ="Auslaufend"/>
    </ModellElementVerzoegerung>
    <ModellElementEnde id="4">
      <ModellElementGroesse h="50" w="100" x="450" y="200"/>
      <ModellElementVerbindung Element="9" Typ="Einlaufend"/>
    </ModellElementEnde>
    <ModellElementUntermodell id="5">
      <ModellElementGroesse h="50" w="100" x="250" y="100"/>
      <ModellElementVerbindung Element="7" Typ="Einlaufend"/>
      <ModellElementVerbindung Element="8" Typ="Auslaufend"/>
      <ModellElemente>
        <ModellElementUntermodellEingang id="10">
          <ModellElementName>Zu id=5</ModellElementName>
          <ModellElementGroesse h="50" w="100" x="50" y="50"/>
          <ModellElementVerbindung Element="13" Typ="Auslaufend"/>
        </ModellElementUntermodellEingang>
        <ModellElementUntermodellAusgang id="11">
          <ModellElementName>Zu id=3</ModellElementName>
          <ModellElementGroesse h="50" w="100" x="550" y="55"/>
          <ModellElementVerbindung Element="14" Typ="Einlaufend"/>
        </ModellElementUntermodellAusgang>
        <ModellElementBedienstation id="12">
          <ModellElementGroesse h="50" w="100" x="300" y="150"/>
          <ModellElementVerbindung Element="13" Typ="Einlaufend"/>
          <ModellElementVerbindung Element="14" Typ="Auslaufend"/>
          <ModellElementVerteilung Status="Bedienzeit" Typ="Bedienzeiten" Zeitbasis="Sekunden">Exponentialverteilung (50)</ModellElementVerteilung>
          <ModellElementPrioritaet Kundentyp="Kunden">w</ModellElementPrioritaet>
          <ModellElementBediener Alternative="1" Anzahl="1" Gruppe="Neue Bedienergruppe"/>
          <ModellElementBedienerPrioritaet>1</ModellElementBedienerPrioritaet>
        </ModellElementBedienstation>
        <ModellElementKante id="13">
          <ModellElementVerbindung Element1="10" Element2="12" Typ="Kante"/>
        </ModellElementKante>
        <ModellElementKante id="14">
          <ModellElementVerbindung Element1="12" Element2="11" Typ="Kante"/>
        </ModellElementKante>
        <ModellElementAnimationLinienDiagramm id="15">
          <ModellElementGroesse h="150" w="300" x="200" y="300"/>
          <ModellElementLinienBreite>1</ModellElementLinienBreite>
          <ModellElementLinienFarbe>0,0,0</ModellElementLinienFarbe>
          <ModellElementDiagrammElement Linienbreite="2" Linienfarbe="0,0,255" Maximum="10" Minimum="0">WIP(12)</ModellElementDiagrammElement>
          <ModellElementDiagrammZeitbereich>300</ModellElementDiagrammZeitbereich>
        </ModellElementAnimationLinienDiagramm>
      </ModellElemente>
    </ModellElementUntermodell>
    <ModellElementKante id="6">
      <ModellElementName>Ankünfte (Kunden)</ModellElementName>
      <ModellElementVerbindung Element1="1" Element2="2" Typ="Kante"/>
    </ModellElementKante>
    <ModellElementKante id="7">
      <ModellElementVerbindung Element1="2" Element2="5" Typ="Kante"/>
    </ModellElementKante>
    <ModellElementKante id="8">
      <ModellElementName>Ausgang 1</ModellElementName>
      <ModellElementVerbindung Element1="5" Element2="3" Typ="Kante"/>
    </ModellElementKante>
    <ModellElementKante id="9">
      <ModellElementVerbindung Element1="3" Element2="4" Typ="Kante"/>
    </ModellElementKante>
  </ModellElemente>
  <Ressourcen>
    <Ressource Name="Neue Bedienergruppe" Typ="Anzahl">1</Ressource>
  </Ressourcen>
  <KundentypenDaten/>
  <ModellZeitplaene/>
</Modell>
