<?xml version="1.0" encoding="UTF-8" standalone="no"?>
<!DOCTYPE Modell SYSTEM "https://qs.highfives.io/xml/Simulator.dtd">
<Modell xmlns="https://qs.highfives.io" xmlns:xsi="http://www.w3.org/2001/XMLSchema-instance" xsi:schemaLocation="https://qs.highfives.io https://qs.highfives.io/xml/Simulator.xsd">
  <ModellVersion>2.0.0</ModellVersion>
  <ModellAutor>Alexa</ModellAutor>
  <ModellKunden Aktiv="1">10000000</ModellKunden>
  <ModellAufwaermphase>0</ModellAufwaermphase>
  <ModellAbbruchzeit Aktiv="0">10:00:00:00</ModellAbbruchzeit>
  <ModellElemente>
    <ModellElementDateiausgabe id="3">
      <ModellElementGroesse h="50" w="100" x="250" y="50"/>
      <ModellElementVerbindung Element="2" Typ="Einlaufend"/>
      <ModellElementVerbindung Element="5" Typ="Auslaufend"/>
      <ModellElementAusgabedatei>C:\Users\Alexander Herzog\Desktop\AssignString7Output.xlsx</ModellElementAusgabedatei>
      <ModellElementAusgabeElement Daten="Test" Typ="Kundentyptext"/>
    </ModellElementDateiausgabe>
    <ModellElementEnde id="4">
      <ModellElementGroesse h="50" w="100" x="400" y="50"/>
      <ModellElementVerbindung Element="5" Typ="Einlaufend"/>
    </ModellElementEnde>
    <ModellElementKante id="5">
      <ModellElementVerbindung Element1="3" Element2="4" Typ="Kante"/>
    </ModellElementKante>
    <ModellElementTabellenQuelle id="1">
      <ModellElementGroesse h="50" w="100" x="50" y="50"/>
      <ModellElementVerbindung Element="2" Typ="Auslaufend"/>
      <ModellElementTabellenDatei>C:\Users\Alexander Herzog\Desktop\AssignString7Input.xlsx</ModellElementTabellenDatei>
      <ModellElementTabellenKundentyp>KundenA</ModellElementTabellenKundentyp>
    </ModellElementTabellenQuelle>
    <ModellElementKante id="2">
      <ModellElementName>Ankünfte</ModellElementName>
      <ModellElementVerbindung Element1="1" Element2="3" Typ="Kante"/>
    </ModellElementKante>
  </ModellElemente>
  <KundentypenDaten/>
</Modell>
