<?xml version="1.0" encoding="UTF-8" standalone="no"?>
<!DOCTYPE Modell SYSTEM "https://qs.highfives.io/xml/Simulator.dtd">
<Modell xmlns="https://qs.highfives.io" xmlns:xsi="http://www.w3.org/2001/XMLSchema-instance" xsi:schemaLocation="https://qs.highfives.io https://qs.highfives.io/xml/Simulator.xsd">
  <ModellVersion>2.0.0</ModellVersion>
  <ModellAutor>Alexa</ModellAutor>
  <ModellKunden Aktiv="1">20</ModellKunden>
  <ModellAufwaermphase>0</ModellAufwaermphase>
  <ModellAbbruchzeit Aktiv="0">10:00:00:00</ModellAbbruchzeit>
  <ModellElemente>
    <ModellElementQuelle id="1">
      <ModellElementName>Kunden</ModellElementName>
      <ModellElementGroesse h="50" w="100" x="50" y="50"/>
      <ModellElementVerbindung Element="4" Typ="Auslaufend"/>
      <ModellElementVerteilung Zeitbasis="Sekunden">Exponentialverteilung (60)</ModellElementVerteilung>
    </ModellElementQuelle>
    <ModellElementZuweisungText id="2">
      <ModellElementGroesse h="50" w="100" x="250" y="50"/>
      <ModellElementVerbindung Element="4" Typ="Einlaufend"/>
      <ModellElementVerbindung Element="6" Typ="Auslaufend"/>
      <ModellElementZuweisungTextSchluessel>Zusatzdaten</ModellElementZuweisungTextSchluessel>
      <ModellElementZuweisungTextWert>Textwert</ModellElementZuweisungTextWert>
    </ModellElementZuweisungText>
    <ModellElementEnde id="3">
      <ModellElementGroesse h="50" w="100" x="700" y="50"/>
      <ModellElementVerbindung Element="7" Typ="Einlaufend"/>
    </ModellElementEnde>
    <ModellElementKante id="4">
      <ModellElementName>Ankünfte (Kunden)</ModellElementName>
      <ModellElementVerbindung Element1="1" Element2="2" Typ="Kante"/>
    </ModellElementKante>
    <ModellElementDateiausgabe id="5">
      <ModellElementGroesse h="50" w="100" x="500" y="50"/>
      <ModellElementVerbindung Element="6" Typ="Einlaufend"/>
      <ModellElementVerbindung Element="7" Typ="Auslaufend"/>
      <ModellElementAusgabedatei>C:\Users\Alexa\Desktop\Test.xlsx</ModellElementAusgabedatei>
      <ModellElementAusgabeElement Daten="Zusatzdaten2" Typ="Kundentyptext"/>
      <ModellElementAusgabeElement Daten="Zusatzdaten" Typ="Kundentyptext"/>
    </ModellElementDateiausgabe>
    <ModellElementKante id="6">
      <ModellElementName>Zusatzdaten:=Textwert</ModellElementName>
      <ModellElementVerbindung Element1="2" Element2="5" Typ="Kante"/>
    </ModellElementKante>
    <ModellElementKante id="7">
      <ModellElementVerbindung Element1="5" Element2="3" Typ="Kante"/>
    </ModellElementKante>
  </ModellElemente>
  <KundentypenDaten/>
</Modell>
