<?xml version="1.0" encoding="UTF-8" standalone="no"?>
<!DOCTYPE Modell SYSTEM "http://www.tu-clausthal.de/fileadmin/simulator/Simulator.dtd">
<Modell xmlns="http://www.tu-clausthal.de" xmlns:xsi="http://www.w3.org/2001/XMLSchema-instance" xsi:schemaLocation="http://www.tu-clausthal.de http://www.tu-clausthal.de/fileadmin/simulator/Simulator.xsd">
  <ModellVersion>0.1.1</ModellVersion>
  <ModellName/>
  <ModellBeschreibung/>
  <ModellKunden Aktiv="1">10000000</ModellKunden>
  <ModellAufwaermphase>0.05</ModellAufwaermphase>
  <ModellAbbruchbedingung Aktiv="0"/>
  <ModellElemente>
    <ModellElementQuelle id="1">
      <ModellElementName>KundenA</ModellElementName>
      <ModellElementGroesse h="50" w="100" x="50" y="50"/>
      <ModellElementVerbindung Element="6" Typ="Auslaufend"/>
      <ModellElementVerteilung Zeitbasis="Sekunden">Exponentialverteilung (60)</ModellElementVerteilung>
    </ModellElementQuelle>
    <ModellElementQuelle id="2">
      <ModellElementName>KundenB</ModellElementName>
      <ModellElementGroesse h="50" w="100" x="50" y="200"/>
      <ModellElementVerbindung Element="8" Typ="Auslaufend"/>
      <ModellElementVerteilung Zeitbasis="Sekunden">Exponentialverteilung (60)</ModellElementVerteilung>
    </ModellElementQuelle>
    <ModellElementVerzoegerung id="3">
      <ModellElementGroesse h="50" w="100" x="250" y="50"/>
      <ModellElementVerbindung Element="6" Typ="Einlaufend"/>
      <ModellElementVerbindung Element="7" Typ="Auslaufend"/>
      <ModellElementVerteilung Typ="Transferzeit" Zeitbasis="Sekunden">Ein-Punkt-Verteilung (20)</ModellElementVerteilung>
    </ModellElementVerzoegerung>
    <ModellElementEcke id="4">
      <ModellElementGroesse h="10" w="10" x="295" y="220"/>
      <ModellElementVerbindung Element="7" Typ="Einlaufend"/>
      <ModellElementVerbindung Element="8" Typ="Einlaufend"/>
      <ModellElementVerbindung Element="9" Typ="Auslaufend"/>
    </ModellElementEcke>
    <ModellElementVerzweigen id="5">
      <ModellElementGroesse h="50" w="100" x="250" y="350"/>
      <ModellElementVerzweigungsmodus>Bedingung</ModellElementVerzweigungsmodus>
      <ModellElementVerbindung Element="9" Typ="Einlaufend"/>
      <ModellElementVerbindung Bedingung="t&lt;10" Element="13" Typ="Auslaufend"/>
      <ModellElementVerbindung Element="15" Typ="Auslaufend"/>
    </ModellElementVerzweigen>
    <ModellElementKante id="6">
      <ModellElementName>Ankünfte (KundenA)</ModellElementName>
      <ModellElementVerbindung Element1="1" Element2="3" Typ="Kante"/>
    </ModellElementKante>
    <ModellElementKante id="7">
      <ModellElementVerbindung Element1="3" Element2="4" Typ="Kante"/>
    </ModellElementKante>
    <ModellElementKante id="8">
      <ModellElementName>Ankünfte (KundenB)</ModellElementName>
      <ModellElementVerbindung Element1="2" Element2="4" Typ="Kante"/>
    </ModellElementKante>
    <ModellElementKante id="9">
      <ModellElementVerbindung Element1="4" Element2="5" Typ="Kante"/>
    </ModellElementKante>
    <ModellElementVerzoegerung id="10">
      <ModellElementGroesse h="50" w="100" x="450" y="350"/>
      <ModellElementVerbindung Element="13" Typ="Einlaufend"/>
      <ModellElementVerbindung Element="14" Typ="Auslaufend"/>
      <ModellElementVerteilung Typ="Bedienzeit" Zeitbasis="Sekunden">Ein-Punkt-Verteilung (20)</ModellElementVerteilung>
    </ModellElementVerzoegerung>
    <ModellElementEcke id="11">
      <ModellElementGroesse h="10" w="10" x="295" y="520"/>
      <ModellElementVerbindung Element="15" Typ="Einlaufend"/>
      <ModellElementVerbindung Element="16" Typ="Auslaufend"/>
    </ModellElementEcke>
    <ModellElementEnde id="12">
      <ModellElementGroesse h="50" w="100" x="450" y="500"/>
      <ModellElementVerbindung Element="14" Typ="Einlaufend"/>
      <ModellElementVerbindung Element="16" Typ="Einlaufend"/>
    </ModellElementEnde>
    <ModellElementKante id="13">
      <ModellElementName>Bedingung 1</ModellElementName>
      <ModellElementVerbindung Element1="5" Element2="10" Typ="Kante"/>
    </ModellElementKante>
    <ModellElementKante id="14">
      <ModellElementVerbindung Element1="10" Element2="12" Typ="Kante"/>
    </ModellElementKante>
    <ModellElementKante id="15">
      <ModellElementName>Fall "sonst"</ModellElementName>
      <ModellElementVerbindung Element1="5" Element2="11" Typ="Kante"/>
    </ModellElementKante>
    <ModellElementKante id="16">
      <ModellElementVerbindung Element1="11" Element2="12" Typ="Kante"/>
    </ModellElementKante>
  </ModellElemente>
  <Ressourcen/>
  <Kundenfarben/>
</Modell>
