<?xml version="1.0" encoding="UTF-8" standalone="no"?>
<!DOCTYPE Modell SYSTEM "https://qs.highfives.io/xml/Simulator.dtd">
<Modell xmlns="https://qs.highfives.io" xmlns:xsi="http://www.w3.org/2001/XMLSchema-instance" xsi:schemaLocation="https://qs.highfives.io https://qs.highfives.io/xml/Simulator.xsd">
  <ModellVersion>1.4.0</ModellVersion>
  <ModellName/>
  <ModellBeschreibung/>
  <ModellAutor>Alexa</ModellAutor>
  <ModellKunden Aktiv="1">10000000</ModellKunden>
  <ModellAufwaermphase>0.05</ModellAufwaermphase>
  <ModellAbbruchbedingung Aktiv="0"/>
  <ModellAbbruchzeit Aktiv="0">10:00:00:00</ModellAbbruchzeit>
  <ModellZufallszahlenStartwert Aktiv="0">0</ModellZufallszahlenStartwert>
  <ModellElemente>
    <ModellElementQuelle id="1">
      <ModellElementName>Kunden</ModellElementName>
      <ModellElementGroesse h="50" w="100" x="50" y="50"/>
      <ModellElementVerbindung Element="3" Typ="Auslaufend"/>
      <ModellElementVerteilung Zeitbasis="Sekunden">Exponentialverteilung (55)</ModellElementVerteilung>
    </ModellElementQuelle>
    <ModellElementZurueckschrecken id="2">
      <ModellElementGroesse h="50" w="100" x="250" y="50"/>
      <ModellElementVerbindung Element="3" Typ="Einlaufend"/>
      <ModellElementVerbindung Element="5" Typ="Auslaufend"/>
      <ModellElementVerbindung Element="7" Typ="Auslaufend"/>
      <ModellElementZurueckschreckenAusdruck>random()&lt;0,5</ModellElementZurueckschreckenAusdruck>
    </ModellElementZurueckschrecken>
    <ModellElementZaehler id="4">
      <ModellElementName>Erfolg</ModellElementName>
      <ModellElementGroesse h="50" w="100" x="405" y="50"/>
      <ModellElementVerbindung Element="5" Typ="Einlaufend"/>
      <ModellElementVerbindung Element="14" Typ="Auslaufend"/>
      <ModellElementZaehlerGruppe>Status</ModellElementZaehlerGruppe>
    </ModellElementZaehler>
    <ModellElementZaehler id="6">
      <ModellElementName>Zurückschrecken</ModellElementName>
      <ModellElementGroesse h="50" w="100" x="250" y="150"/>
      <ModellElementVerbindung Element="7" Typ="Einlaufend"/>
      <ModellElementVerbindung Element="12" Typ="Auslaufend"/>
      <ModellElementZaehlerGruppe>Status</ModellElementZaehlerGruppe>
    </ModellElementZaehler>
    <ModellElementBedienstation id="8">
      <ModellElementGroesse h="50" w="100" x="550" y="50"/>
      <ModellElementVerbindung Element="14" Typ="Einlaufend"/>
      <ModellElementVerbindung Element="10" Typ="Auslaufend"/>
      <ModellElementVerteilung Status="Bedienzeit" Typ="Bedienzeiten" Zeitbasis="Sekunden">Exponentialverteilung (50)</ModellElementVerteilung>
      <ModellElementPrioritaet Kundentyp="Kunden">w</ModellElementPrioritaet>
      <ModellElementBediener Alternative="1" Anzahl="1" Gruppe="Neue Bedienergruppe"/>
      <ModellElementBedienerPrioritaet>1</ModellElementBedienerPrioritaet>
    </ModellElementBedienstation>
    <ModellElementEnde id="9">
      <ModellElementGroesse h="50" w="100" x="700" y="50"/>
      <ModellElementVerbindung Element="10" Typ="Einlaufend"/>
      <ModellElementVerbindung Element="13" Typ="Einlaufend"/>
    </ModellElementEnde>
    <ModellElementKante id="10">
      <ModellElementVerbindung Element1="8" Element2="9" Typ="Kante"/>
    </ModellElementKante>
    <ModellElementEcke id="11">
      <ModellElementGroesse h="10" w="10" x="745" y="170"/>
      <ModellElementVerbindung Element="12" Typ="Einlaufend"/>
      <ModellElementVerbindung Element="13" Typ="Auslaufend"/>
    </ModellElementEcke>
    <ModellElementKante id="12">
      <ModellElementVerbindung Element1="6" Element2="11" Typ="Kante"/>
    </ModellElementKante>
    <ModellElementKante id="13">
      <ModellElementVerbindung Element1="11" Element2="9" Typ="Kante"/>
    </ModellElementKante>
    <ModellElementKante id="14">
      <ModellElementVerbindung Element1="4" Element2="8" Typ="Kante"/>
    </ModellElementKante>
    <ModellElementKante id="3">
      <ModellElementName>Ankünfte (Kunden)</ModellElementName>
      <ModellElementVerbindung Element1="1" Element2="2" Typ="Kante"/>
    </ModellElementKante>
    <ModellElementKante id="5">
      <ModellElementVerbindung Element1="2" Element2="4" Typ="Kante"/>
    </ModellElementKante>
    <ModellElementKante id="7">
      <ModellElementName>Zurückschreckende Kunden</ModellElementName>
      <ModellElementVerbindung Element1="2" Element2="6" Typ="Kante"/>
    </ModellElementKante>
  </ModellElemente>
  <Ressourcen>
    <Ressource Name="Neue Bedienergruppe" Typ="Anzahl" Wert="1"/>
  </Ressourcen>
  <KundentypenDaten/>
</Modell>
