<?xml version="1.0" encoding="UTF-8" standalone="no"?>
<!DOCTYPE Modell SYSTEM "http://www.tu-clausthal.de/fileadmin/simulator/Simulator.dtd">
<Modell xmlns="http://www.tu-clausthal.de" xmlns:xsi="http://www.w3.org/2001/XMLSchema-instance" xsi:schemaLocation="http://www.tu-clausthal.de http://www.tu-clausthal.de/fileadmin/simulator/Simulator.xsd">
  <ModellVersion>0.1.1</ModellVersion>
  <ModellName/>
  <ModellBeschreibung/>
  <ModellKunden>10000000</ModellKunden>
  <ModellAufwaermphase>0.05</ModellAufwaermphase>
  <ModellElemente>
    <ModellElementQuelle id="1">
      <ModellElementName>KundenA</ModellElementName>
      <ModellElementGroesse h="50" w="100" x="50" y="150"/>
      <ModellElementVerbindung Element="5" Typ="Auslaufend"/>
      <ModellElementVerteilung Zeitbasis="Sekunden">Exponentialverteilung (60)</ModellElementVerteilung>
    </ModellElementQuelle>
    <ModellElementZusammenfassen id="2">
      <ModellElementGroesse h="50" w="100" x="250" y="150"/>
      <ModellElementVerbindung Element="5" Typ="Einlaufend"/>
      <ModellElementVerbindung Element="6" Typ="Auslaufend"/>
      <ModellElementKundentyp>KundenB</ModellElementKundentyp>
      <ModellElementBatch Groesse="2"/>
    </ModellElementZusammenfassen>
    <ModellElementVerzoegerung id="3">
      <ModellElementGroesse h="50" w="100" x="450" y="150"/>
      <ModellElementVerbindung Element="6" Typ="Einlaufend"/>
      <ModellElementVerbindung Element="7" Typ="Auslaufend"/>
      <ModellElementVerteilung Zeitbasis="Sekunden">Exponentialverteilung (50)</ModellElementVerteilung>
    </ModellElementVerzoegerung>
    <ModellElementEnde id="4">
      <ModellElementGroesse h="50" w="100" x="650" y="150"/>
      <ModellElementVerbindung Element="7" Typ="Einlaufend"/>
    </ModellElementEnde>
    <ModellElementKante id="5">
      <ModellElementName>Ankünfte (KundenA)</ModellElementName>
      <ModellElementVerbindung Element1="1" Element2="2" Typ="Kante"/>
    </ModellElementKante>
    <ModellElementKante id="6">
      <ModellElementName>Neuer Kundentyp "KundenB"</ModellElementName>
      <ModellElementVerbindung Element1="2" Element2="3" Typ="Kante"/>
    </ModellElementKante>
    <ModellElementKante id="7">
      <ModellElementVerbindung Element1="3" Element2="4" Typ="Kante"/>
    </ModellElementKante>
  </ModellElemente>
  <Ressourcen/>
</Modell>
