<?xml version="1.0" encoding="UTF-8" standalone="no"?>
<!DOCTYPE Modell SYSTEM "https://qs.highfives.io/xml/Simulator.dtd">
<Modell xmlns="https://qs.highfives.io" xmlns:xsi="http://www.w3.org/2001/XMLSchema-instance" xsi:schemaLocation="https://qs.highfives.io https://qs.highfives.io/xml/Simulator.xsd">
  <ModellVersion>4.1.0</ModellVersion>
  <ModellAutor>Alexa</ModellAutor>
  <ModellKunden Aktiv="1">10000000</ModellKunden>
  <ModellAufwaermphase>0.01</ModellAufwaermphase>
  <ModellAbbruchzeit Aktiv="0">10:00:00:00</ModellAbbruchzeit>
  <ModellElemente>
    <ModellElementQuelle id="1">
      <ModellElementName>KundenA</ModellElementName>
      <ModellElementGroesse h="50" w="100" x="50" y="100"/>
      <ModellElementVerbindung Element="6" Typ="Auslaufend"/>
      <ModellElementVerteilung Zeitbasis="Sekunden">Exponentialverteilung (60)</ModellElementVerteilung>
      <ModellElementBatch Groesse="1"/>
    </ModellElementQuelle>
    <ModellElementQuelle id="2">
      <ModellElementName>KundenB</ModellElementName>
      <ModellElementGroesse h="50" w="100" x="50" y="200"/>
      <ModellElementVerbindung Element="5" Typ="Auslaufend"/>
      <ModellElementVerteilung Zeitbasis="Sekunden">Exponentialverteilung (60)</ModellElementVerteilung>
      <ModellElementBatch Groesse="1"/>
    </ModellElementQuelle>
    <ModellElementQuelle id="3">
      <ModellElementName>KundenC</ModellElementName>
      <ModellElementGroesse h="50" w="100" x="50" y="300"/>
      <ModellElementVerbindung Element="7" Typ="Auslaufend"/>
      <ModellElementVerteilung Zeitbasis="Sekunden">Exponentialverteilung (60)</ModellElementVerteilung>
      <ModellElementBatch Groesse="1"/>
    </ModellElementQuelle>
    <ModellElementVerzoegerung id="4">
      <ModellElementName>Irgendwas</ModellElementName>
      <ModellElementGroesse h="50" w="100" x="300" y="200"/>
      <ModellElementVerbindung Element="5" Typ="Einlaufend"/>
      <ModellElementVerbindung Element="6" Typ="Einlaufend"/>
      <ModellElementVerbindung Element="7" Typ="Einlaufend"/>
      <ModellElementVerbindung Element="9" Typ="Auslaufend"/>
      <ModellElementVerteilung Typ="Bedienzeit" Zeitbasis="Sekunden">Exponentialverteilung (50)</ModellElementVerteilung>
    </ModellElementVerzoegerung>
    <ModellElementKante id="5">
      <ModellElementName>Ankünfte (KundenB)</ModellElementName>
      <ModellElementVerbindung Element1="2" Element2="4" Typ="Kante"/>
    </ModellElementKante>
    <ModellElementKante id="6">
      <ModellElementName>Ankünfte (KundenA)</ModellElementName>
      <ModellElementVerbindung Element1="1" Element2="4" Typ="Kante"/>
    </ModellElementKante>
    <ModellElementKante id="7">
      <ModellElementName>Ankünfte (KundenC)</ModellElementName>
      <ModellElementVerbindung Element1="3" Element2="4" Typ="Kante"/>
    </ModellElementKante>
    <ModellElementVerzweigen id="8">
      <ModellElementGroesse h="50" w="100" x="550" y="200"/>
      <ModellElementVerzweigungsmodus>Kundentyp</ModellElementVerzweigungsmodus>
      <ModellElementVerbindung Element="9" Typ="Einlaufend"/>
      <ModellElementVerbindung Element="11" Kundentyp="KundenA" Typ="Auslaufend"/>
      <ModellElementVerbindung Element="13" Kundentyp="KundenB" Typ="Auslaufend"/>
      <ModellElementVerbindung Element="15" Typ="Auslaufend"/>
    </ModellElementVerzweigen>
    <ModellElementKante id="9">
      <ModellElementVerbindung Element1="4" Element2="8" Typ="Kante"/>
    </ModellElementKante>
    <ModellElementZusammenfassen id="10">
      <ModellElementName>2er Batch</ModellElementName>
      <ModellElementGroesse h="50" w="100" x="750" y="100"/>
      <ModellElementVerbindung Element="11" Typ="Einlaufend"/>
      <ModellElementVerbindung Element="18" Typ="Auslaufend"/>
      <ModellElementBatchModus>Zeitweise</ModellElementBatchModus>
      <ModellElementKundentyp>BatchA</ModellElementKundentyp>
      <ModellElementBatch Maximum="2" Minimum="2"/>
    </ModellElementZusammenfassen>
    <ModellElementKante id="11">
      <ModellElementName>KundenA</ModellElementName>
      <ModellElementVerbindung Element1="8" Element2="10" Typ="Kante"/>
    </ModellElementKante>
    <ModellElementZusammenfassen id="12">
      <ModellElementName>3er Batch</ModellElementName>
      <ModellElementGroesse h="50" w="100" x="750" y="200"/>
      <ModellElementVerbindung Element="13" Typ="Einlaufend"/>
      <ModellElementVerbindung Element="17" Typ="Auslaufend"/>
      <ModellElementBatchModus>Zeitweise</ModellElementBatchModus>
      <ModellElementKundentyp>BatchB</ModellElementKundentyp>
      <ModellElementBatch Maximum="3" Minimum="3"/>
    </ModellElementZusammenfassen>
    <ModellElementZusammenfassen id="14">
      <ModellElementName>4er Batch</ModellElementName>
      <ModellElementGroesse h="50" w="100" x="750" y="300"/>
      <ModellElementVerbindung Element="15" Typ="Einlaufend"/>
      <ModellElementVerbindung Element="19" Typ="Auslaufend"/>
      <ModellElementBatchModus>Zeitweise</ModellElementBatchModus>
      <ModellElementKundentyp>BatchC</ModellElementKundentyp>
      <ModellElementBatch Maximum="4" Minimum="4"/>
    </ModellElementZusammenfassen>
    <ModellElementKante id="13">
      <ModellElementName>KundenB</ModellElementName>
      <ModellElementVerbindung Element1="8" Element2="12" Typ="Kante"/>
    </ModellElementKante>
    <ModellElementKante id="15">
      <ModellElementName>alle anderen Kundentypen</ModellElementName>
      <ModellElementVerbindung Element1="8" Element2="14" Typ="Kante"/>
    </ModellElementKante>
    <ModellElementBedienstation id="16">
      <ModellElementGroesse h="50" w="100" x="1100" y="200"/>
      <ModellElementVerbindung Element="17" Typ="Einlaufend"/>
      <ModellElementVerbindung Element="18" Typ="Einlaufend"/>
      <ModellElementVerbindung Element="19" Typ="Einlaufend"/>
      <ModellElementVerbindung Element="22" Typ="Auslaufend"/>
      <ModellElementVerteilung Status="Bedienzeit" Typ="Bedienzeiten" Zeitbasis="Sekunden">Exponentialverteilung (50)</ModellElementVerteilung>
      <ModellElementPrioritaet Kundentyp="KundenA">w</ModellElementPrioritaet>
      <ModellElementPrioritaet Kundentyp="KundenB">w</ModellElementPrioritaet>
      <ModellElementPrioritaet Kundentyp="KundenC">w</ModellElementPrioritaet>
      <ModellElementBediener Alternative="1" Anzahl="1" Gruppe="Bedienergruppe"/>
      <ModellElementBedienerPrioritaet>1</ModellElementBedienerPrioritaet>
    </ModellElementBedienstation>
    <ModellElementKante id="17">
      <ModellElementName>Neuer Kundentyp "BatchB"</ModellElementName>
      <ModellElementVerbindung Element1="12" Element2="16" Typ="Kante"/>
    </ModellElementKante>
    <ModellElementKante id="18">
      <ModellElementName>Neuer Kundentyp "BatchA"</ModellElementName>
      <ModellElementVerbindung Element1="10" Element2="16" Typ="Kante"/>
    </ModellElementKante>
    <ModellElementKante id="19">
      <ModellElementName>Neuer Kundentyp "BatchC"</ModellElementName>
      <ModellElementVerbindung Element1="14" Element2="16" Typ="Kante"/>
    </ModellElementKante>
    <ModellElementEnde id="20">
      <ModellElementGroesse h="50" w="100" x="1400" y="200"/>
      <ModellElementVerbindung Element="23" Typ="Einlaufend"/>
    </ModellElementEnde>
    <ModellElementTrennen id="21">
      <ModellElementGroesse h="50" w="100" x="1250" y="200"/>
      <ModellElementVerbindung Element="22" Typ="Einlaufend"/>
      <ModellElementVerbindung Element="23" Typ="Auslaufend"/>
    </ModellElementTrennen>
    <ModellElementKante id="22">
      <ModellElementVerbindung Element1="16" Element2="21" Typ="Kante"/>
    </ModellElementKante>
    <ModellElementKante id="23">
      <ModellElementVerbindung Element1="21" Element2="20" Typ="Kante"/>
    </ModellElementKante>
    <ModellElementText id="24">
      <ModellElementGroesse h="48" w="180" x="300" y="265"/>
      <ModellElementTextzeile>Hier müssen alle Kunden</ModellElementTextzeile>
      <ModellElementTextzeile>durch. Daher werden alle</ModellElementTextzeile>
      <ModellElementTextzeile>Kundentypen zusammengeführt.</ModellElementTextzeile>
      <ModellElementSchriftgrosse kursiv="1">12</ModellElementSchriftgrosse>
      <ModellElementFarbe>0,0,255</ModellElementFarbe>
    </ModellElementText>
    <ModellElementKasten id="25">
      <ModellElementGroesse h="350" w="550" x="500" y="50"/>
      <ModellElementLinienBreite>2</ModellElementLinienBreite>
      <ModellElementFarbe>255,0,255</ModellElementFarbe>
    </ModellElementKasten>
    <ModellElementText id="26">
      <ModellElementGroesse h="48" w="290" x="500" y="405"/>
      <ModellElementTextzeile>Die Batchgrößen sollen vom Kundentyp abhängigen.</ModellElementTextzeile>
      <ModellElementTextzeile>Daher muss erst nach Kundentyp getrennt werden</ModellElementTextzeile>
      <ModellElementTextzeile>und dann wird gebatcht.</ModellElementTextzeile>
      <ModellElementSchriftgrosse kursiv="1">12</ModellElementSchriftgrosse>
      <ModellElementFarbe>255,0,255</ModellElementFarbe>
    </ModellElementText>
  </ModellElemente>
  <Ressourcen UntergeordnetePrioritaet="Zufaellig">
    <Ressource Name="Bedienergruppe" Typ="Anzahl" Wert="1"/>
  </Ressourcen>
  <KundentypenDaten>
    <KundenDaten Icon="icon_package" Name="BatchA"/>
    <KundenDaten Icon="icon_package" Name="BatchB"/>
    <KundenDaten Icon="icon_package" Name="BatchC"/>
    <KundenDaten Icon="user_red" Name="KundenB"/>
    <KundenDaten Icon="user_green" Name="KundenC"/>
  </KundentypenDaten>
  <ModellKantenNormal Breite="1" Farbe="0,0,0" Typ="0"/>
  <ModellKantenSelektiert Breite="1" Typ="0"/>
  <ModellElementVerbindungsdarstellungsart>Abgerundet abgewinkelt</ModellElementVerbindungsdarstellungsart>
</Modell>
