<?xml version="1.0" encoding="UTF-8" standalone="no"?>
<!DOCTYPE Modell SYSTEM "https://qs.highfives.io/xml/Simulator.dtd">
<Modell xmlns="https://qs.highfives.io" xmlns:xsi="http://www.w3.org/2001/XMLSchema-instance" xsi:schemaLocation="https://qs.highfives.io https://qs.highfives.io/xml/Simulator.xsd">
  <ModellVersion>0.6.1</ModellVersion>
  <ModellName/>
  <ModellBeschreibung/>
  <ModellKunden Aktiv="1">10000000</ModellKunden>
  <ModellAufwaermphase>0.05</ModellAufwaermphase>
  <ModellAbbruchbedingung Aktiv="0"/>
  <ModellAbbruchzeit Aktiv="0">10:00:00:00</ModellAbbruchzeit>
  <ModellElemente>
    <ModellElementQuelle id="1">
      <ModellElementName>Kunden</ModellElementName>
      <ModellElementGroesse h="50" w="100" x="50" y="250"/>
      <ModellElementVerbindung Element="4" Typ="Auslaufend"/>
      <ModellElementVerteilung Zeitbasis="Sekunden">Exponentialverteilung (60)</ModellElementVerteilung>
    </ModellElementQuelle>
    <ModellElementBedienstation id="2">
      <ModellElementGroesse h="50" w="100" x="250" y="250"/>
      <ModellElementVerbindung Element="4" Typ="Einlaufend"/>
      <ModellElementVerbindung Element="5" Typ="Auslaufend"/>
      <ModellElementVerteilung Typ="Bedienzeiten" Zeitbasis="Sekunden">Exponentialverteilung (100)</ModellElementVerteilung>
      <ModellElementPrioritaet Kundentyp="Kunden">w</ModellElementPrioritaet>
      <ModellElementBediener Alternative="1" Anzahl="1" Gruppe="Bediener A"/>
      <ModellElementBediener Alternative="2" Anzahl="1" Gruppe="Bediener B"/>
      <ModellElementBedienerPrioritaet>1</ModellElementBedienerPrioritaet>
    </ModellElementBedienstation>
    <ModellElementVerzweigen id="3">
      <ModellElementGroesse h="50" w="100" x="450" y="250"/>
      <ModellElementVerzweigungsmodus>Bedingung</ModellElementVerzweigungsmodus>
      <ModellElementVerbindung Element="5" Typ="Einlaufend"/>
      <ModellElementVerbindung Bedingung="Alternative()==1" Element="8" Typ="Auslaufend"/>
      <ModellElementVerbindung Element="9" Typ="Auslaufend"/>
    </ModellElementVerzweigen>
    <ModellElementKante id="4">
      <ModellElementName>Ankünfte (Kunden)</ModellElementName>
      <ModellElementVerbindung Element1="1" Element2="2" Typ="Kante"/>
    </ModellElementKante>
    <ModellElementKante id="5">
      <ModellElementVerbindung Element1="2" Element2="3" Typ="Kante"/>
    </ModellElementKante>
    <ModellElementZaehler id="6">
      <ModellElementName>Alternative A</ModellElementName>
      <ModellElementGroesse h="50" w="100" x="700" y="150"/>
      <ModellElementVerbindung Element="8" Typ="Einlaufend"/>
      <ModellElementVerbindung Element="11" Typ="Auslaufend"/>
      <ModellElementZaehlerGruppe>Zählergruppe</ModellElementZaehlerGruppe>
    </ModellElementZaehler>
    <ModellElementZaehler id="7">
      <ModellElementName>Alternative B</ModellElementName>
      <ModellElementGroesse h="50" w="100" x="700" y="350"/>
      <ModellElementVerbindung Element="9" Typ="Einlaufend"/>
      <ModellElementVerbindung Element="12" Typ="Auslaufend"/>
      <ModellElementZaehlerGruppe>Zählergruppe</ModellElementZaehlerGruppe>
    </ModellElementZaehler>
    <ModellElementKante id="8">
      <ModellElementName>Bedingung 1</ModellElementName>
      <ModellElementVerbindung Element1="3" Element2="6" Typ="Kante"/>
    </ModellElementKante>
    <ModellElementKante id="9">
      <ModellElementName>Fall "sonst"</ModellElementName>
      <ModellElementVerbindung Element1="3" Element2="7" Typ="Kante"/>
    </ModellElementKante>
    <ModellElementEnde id="10">
      <ModellElementGroesse h="50" w="100" x="900" y="250"/>
      <ModellElementVerbindung Element="11" Typ="Einlaufend"/>
      <ModellElementVerbindung Element="12" Typ="Einlaufend"/>
    </ModellElementEnde>
    <ModellElementKante id="11">
      <ModellElementVerbindung Element1="6" Element2="10" Typ="Kante"/>
    </ModellElementKante>
    <ModellElementKante id="12">
      <ModellElementVerbindung Element1="7" Element2="10" Typ="Kante"/>
    </ModellElementKante>
    <ModellElementAnimationBalkenDiagramm id="13">
      <ModellElementGroesse h="150" w="100" x="400" y="450"/>
      <ModellElementLinienBreite>1</ModellElementLinienBreite>
      <ModellElementLinienFarbe>0,0,0</ModellElementLinienFarbe>
      <ModellElementMaximalwert>1</ModellElementMaximalwert>
      <ModellElementDiagrammElement Balkenfarbe="0,0,255">Part(6)</ModellElementDiagrammElement>
      <ModellElementDiagrammElement Balkenfarbe="255,0,0">Part(7)</ModellElementDiagrammElement>
    </ModellElementAnimationBalkenDiagramm>
  </ModellElemente>
  <Ressourcen>
    <Ressource Name="Bediener A" Typ="Anzahl">1</Ressource>
    <Ressource Name="Bediener B" Typ="Anzahl">1</Ressource>
  </Ressourcen>
  <KundentypenDaten/>
  <ModellZeitplaene/>
</Modell>
