<?xml version="1.0" encoding="UTF-8" standalone="no"?>
<!DOCTYPE Modell SYSTEM "https://qs.highfives.io/xml/Simulator.dtd">
<Modell xmlns="https://qs.highfives.io" xmlns:xsi="http://www.w3.org/2001/XMLSchema-instance" xsi:schemaLocation="https://qs.highfives.io https://qs.highfives.io/xml/Simulator.xsd">
  <ModellVersion>2.2.0</ModellVersion>
  <ModellName>Lastabhängige Anzahl an Bedienern</ModellName>
  <ModellAutor>Alexander Herzog</ModellAutor>
  <ModellKunden Aktiv="1">5000000</ModellKunden>
  <ModellAufwaermphase>0.05</ModellAufwaermphase>
  <ModellAbbruchzeit Aktiv="0">10:00:00:00</ModellAbbruchzeit>
  <ModellElemente>
    <ModellElementBedienstation id="1">
      <ModellElementGroesse h="50" w="100" x="400" y="100"/>
      <ModellElementVerbindung Element="11" Typ="Einlaufend"/>
      <ModellElementVerbindung Element="18" Typ="Auslaufend"/>
      <ModellElementVerteilung Status="Bedienzeit" Typ="Bedienzeiten" Zeitbasis="Sekunden">Exponentialverteilung (100)</ModellElementVerteilung>
      <ModellElementPrioritaet Kundentyp="Kunden">w</ModellElementPrioritaet>
      <ModellElementPrioritaet Kundentyp="KundenA">w</ModellElementPrioritaet>
      <ModellElementPrioritaet Kundentyp="KundenB">w+1000</ModellElementPrioritaet>
      <ModellElementBediener Alternative="1" Anzahl="1" Gruppe="Bedienergruppe"/>
      <ModellElementBedienerPrioritaet>1</ModellElementBedienerPrioritaet>
    </ModellElementBedienstation>
    <ModellElementQuelle id="2">
      <ModellElementName>Kunden</ModellElementName>
      <ModellElementGroesse h="50" w="100" x="50" y="100"/>
      <ModellElementVerbindung Element="10" Typ="Auslaufend"/>
      <ModellElementVerteilung Zeitbasis="Sekunden">Exponentialverteilung (55)</ModellElementVerteilung>
    </ModellElementQuelle>
    <ModellElementEnde id="3">
      <ModellElementGroesse h="50" w="100" x="700" y="100"/>
      <ModellElementVerbindung Element="19" Typ="Einlaufend"/>
    </ModellElementEnde>
    <ModellElementText id="6">
      <ModellElementGroesse h="23" w="314" x="50" y="50"/>
      <ModellElementTextzeile>Lastabhängige Anzahl an Bedienern</ModellElementTextzeile>
      <ModellElementSchriftgrosse fett="1">18</ModellElementSchriftgrosse>
      <ModellElementFarbe>0,0,0</ModellElementFarbe>
    </ModellElementText>
    <ModellElementText id="7">
      <ModellElementGroesse h="64" w="273" x="50" y="200"/>
      <ModellElementTextzeile>Anzahl an eingesetzten Bedienern:</ModellElementTextzeile>
      <ModellElementTextzeile>5 oder weniger Kunden an der Station: 1 Bediener</ModellElementTextzeile>
      <ModellElementTextzeile>6 bis 9 Kunden an der Station: 2 Bediener</ModellElementTextzeile>
      <ModellElementTextzeile>10 oder mehr Kunden an der Station: 3 Bediener</ModellElementTextzeile>
      <ModellElementSchriftgrosse>12</ModellElementSchriftgrosse>
      <ModellElementFarbe>0,0,0</ModellElementFarbe>
    </ModellElementText>
    <ModellElementAnimationLinienDiagramm id="8">
      <ModellElementGroesse h="230" w="600" x="50" y="320"/>
      <ModellElementLinienBreite>1</ModellElementLinienBreite>
      <ModellElementLinienFarbe>0,0,0</ModellElementLinienFarbe>
      <ModellElementHintergrundfarbe>240,240,240</ModellElementHintergrundfarbe>
      <ModellElementDiagrammElement Linienbreite="1" Linienfarbe="0,0,255" Maximum="10" Minimum="0">WIP(1)</ModellElementDiagrammElement>
      <ModellElementDiagrammElement Linienbreite="3" Linienfarbe="0,0,255" Maximum="10" Minimum="0">WIP_avg(1)</ModellElementDiagrammElement>
      <ModellElementDiagrammZeitbereich>18000</ModellElementDiagrammZeitbereich>
    </ModellElementAnimationLinienDiagramm>
    <ModellElementText id="9">
      <ModellElementGroesse h="19" w="610" x="50" y="300"/>
      <ModellElementTextzeile>Anzahl an Kunden an der Bedienstation (aktueller Wert und Mittelwert über die gesamte Laufzeit)</ModellElementTextzeile>
      <ModellElementSchriftgrosse>14</ModellElementSchriftgrosse>
      <ModellElementFarbe>0,0,255</ModellElementFarbe>
    </ModellElementText>
    <ModellElementJavascript id="4">
      <ModellElementGroesse h="50" w="100" x="250" y="100"/>
      <ModellElementVerbindung Element="10" Typ="Einlaufend"/>
      <ModellElementVerbindung Element="11" Typ="Auslaufend"/>
      <ModellElementSkript>var wip=Simulation.getWIP(1);

var count=1;
if (wip&gt;=5) count=2;
if (wip&gt;=10) count=3;

Simulation.setResourceCount(1,count);</ModellElementSkript>
    </ModellElementJavascript>
    <ModellElementKante id="11">
      <ModellElementVerbindung Element1="4" Element2="1" Typ="Kante"/>
    </ModellElementKante>
    <ModellElementAnimationLinienDiagramm id="12">
      <ModellElementGroesse h="200" w="600" x="50" y="600"/>
      <ModellElementLinienBreite>1</ModellElementLinienBreite>
      <ModellElementLinienFarbe>0,0,0</ModellElementLinienFarbe>
      <ModellElementHintergrundfarbe>240,240,240</ModellElementHintergrundfarbe>
      <ModellElementDiagrammElement Linienbreite="1" Linienfarbe="255,0,0" Maximum="4" Minimum="0">Resource(1)</ModellElementDiagrammElement>
      <ModellElementDiagrammElement Linienbreite="1" Linienfarbe="0,0,255" Maximum="4" Minimum="0">Resource_count(1)</ModellElementDiagrammElement>
      <ModellElementDiagrammZeitbereich>18000</ModellElementDiagrammZeitbereich>
    </ModellElementAnimationLinienDiagramm>
    <ModellElementText id="13">
      <ModellElementGroesse h="19" w="320" x="50" y="580"/>
      <ModellElementTextzeile>Aktuelle Anzahl an Bedienern an der Bedienstation</ModellElementTextzeile>
      <ModellElementSchriftgrosse>14</ModellElementSchriftgrosse>
      <ModellElementFarbe>0,0,255</ModellElementFarbe>
    </ModellElementText>
    <ModellElementAnimationText id="14">
      <ModellElementName>Anzahl Bediener</ModellElementName>
      <ModellElementGroesse h="30" w="78" x="400" y="170"/>
      <ModellElementSchriftgrosse fett="1">14</ModellElementSchriftgrosse>
      <ModellElementFarbe>0,0,255</ModellElementFarbe>
      <ModellElementAnimationsmodus Art="Zahlenwert">Resource_count(1)</ModellElementAnimationsmodus>
    </ModellElementAnimationText>
    <ModellElementAnimationText id="15">
      <ModellElementName>Arbeitende Bediener</ModellElementName>
      <ModellElementGroesse h="30" w="83" x="500" y="170"/>
      <ModellElementSchriftgrosse fett="1">14</ModellElementSchriftgrosse>
      <ModellElementFarbe>255,0,0</ModellElementFarbe>
      <ModellElementAnimationsmodus Art="Zahlenwert">Resource(1)</ModellElementAnimationsmodus>
    </ModellElementAnimationText>
    <ModellElementText id="16">
      <ModellElementGroesse h="16" w="278" x="50" y="800"/>
      <ModellElementTextzeile>(blau=vorhandene Bediener, rot=belegte Bediener)</ModellElementTextzeile>
      <ModellElementSchriftgrosse>12</ModellElementSchriftgrosse>
      <ModellElementFarbe>0,0,0</ModellElementFarbe>
    </ModellElementText>
    <ModellElementText id="17">
      <ModellElementGroesse h="64" w="309" x="400" y="205"/>
      <ModellElementTextzeile>(Wird ein Bediener aus der Station abgezogen, so führt</ModellElementTextzeile>
      <ModellElementTextzeile>er die aktuelle Bedienung dennoch zu Ende, so dass die</ModellElementTextzeile>
      <ModellElementTextzeile>akuelle Anzahl an Bedienern niedriger sein kann, als</ModellElementTextzeile>
      <ModellElementTextzeile>die Anzahl an aktuell arbeitenden Bedienern.)</ModellElementTextzeile>
      <ModellElementSchriftgrosse>12</ModellElementSchriftgrosse>
      <ModellElementFarbe>0,0,0</ModellElementFarbe>
    </ModellElementText>
    <ModellElementJavascript id="5">
      <ModellElementGroesse h="50" w="100" x="550" y="100"/>
      <ModellElementVerbindung Element="18" Typ="Einlaufend"/>
      <ModellElementVerbindung Element="19" Typ="Auslaufend"/>
      <ModellElementSkript>var wip=Simulation.getWIP(1);

var count=1;
if (wip&gt;=5) count=2;
if (wip&gt;=10) count=3;

Simulation.setResourceCount(1,count);</ModellElementSkript>
    </ModellElementJavascript>
    <ModellElementKante id="18">
      <ModellElementVerbindung Element1="1" Element2="5" Typ="Kante"/>
    </ModellElementKante>
    <ModellElementKante id="19">
      <ModellElementVerbindung Element1="5" Element2="3" Typ="Kante"/>
    </ModellElementKante>
    <ModellElementKante id="10">
      <ModellElementName>Ankünfte (Kunden)</ModellElementName>
      <ModellElementVerbindung Element1="2" Element2="4" Typ="Kante"/>
    </ModellElementKante>
    <ModellElementAnimationText id="20">
      <ModellElementName>E[W]</ModellElementName>
      <ModellElementGroesse h="30" w="78" x="700" y="320"/>
      <ModellElementSchriftgrosse fett="1">14</ModellElementSchriftgrosse>
      <ModellElementFarbe>0,180,0</ModellElementFarbe>
      <ModellElementAnimationsmodus Art="Zahlenwert">Wartezeit_avg()</ModellElementAnimationsmodus>
    </ModellElementAnimationText>
    <ModellElementAnimationText id="21">
      <ModellElementName>CV[W]</ModellElementName>
      <ModellElementGroesse h="30" w="78" x="700" y="375"/>
      <ModellElementSchriftgrosse fett="1">14</ModellElementSchriftgrosse>
      <ModellElementFarbe>0,180,0</ModellElementFarbe>
      <ModellElementAnimationsmodus Art="Zahlenwert">Wartezeit_cv()</ModellElementAnimationsmodus>
    </ModellElementAnimationText>
  </ModellElemente>
  <Ressourcen>
    <Ressource Name="Bedienergruppe" Typ="Anzahl" Wert="1"/>
  </Ressourcen>
  <KundentypenDaten/>
</Modell>
