<?xml version="1.0" encoding="UTF-8"?>
<!DOCTYPE Modell SYSTEM "https://a-herzog.github.io/Warteschlangensimulator/Simulator.dtd">
<Modell xmlns="https://a-herzog.github.io" xmlns:xsi="http://www.w3.org/2001/XMLSchema-instance" xsi:schemaLocation="https://a-herzog.github.io https://a-herzog.github.io/Warteschlangensimulator/Simulator.xsd">
  <!-- Diese Datei wurde mit Warteschlangensimulator erstellt. Download-Adresse: https://github.com/A-Herzog/Warteschlangensimulator -->
  <ModellVersion>4.8.0</ModellVersion>
  <ModellAutor>Alexander Herzog</ModellAutor>
  <ModellKunden Aktiv="1">1000000</ModellKunden>
  <ModellAufwaermphase>0.01</ModellAufwaermphase>
  <ModellAbbruchzeit Aktiv="0">10:00:00:00</ModellAbbruchzeit>
  <ModellElemente>
    <ModellElementQuelle id="1">
      <ModellElementName>Kunden</ModellElementName>
      <ModellElementGroesse h="50" w="100" x="50" y="50"/>
      <ModellElementVerbindung Element="4" Typ="Auslaufend"/>
      <ModellElementVerteilung Zeitbasis="Sekunden">Exponentialverteilung (60)</ModellElementVerteilung>
      <ModellElementBatch Groesse="1"/>
    </ModellElementQuelle>
    <ModellElementUntermodell id="2">
      <ModellElementGroesse h="50" w="100" x="250" y="50"/>
      <ModellElementUntermodellVerbindungen auslaufend="1" einlaufend="1"/>
      <ModellElementVerbindung Element="4" Typ="Einlaufend"/>
      <ModellElementVerbindung Element="5" Typ="Auslaufend"/>
      <ModellElemente>
        <ModellElementUntermodellEingang id="6">
          <ModellElementName>unverbunden</ModellElementName>
          <ModellElementGroesse h="50" w="100" x="50" y="50"/>
          <ModellElementVerbindung Element="9" Typ="Auslaufend"/>
        </ModellElementUntermodellEingang>
        <ModellElementUntermodellAusgang id="7">
          <ModellElementName>unverbunden</ModellElementName>
          <ModellElementGroesse h="50" w="100" x="350" y="50"/>
          <ModellElementVerbindung Element="10" Typ="Einlaufend"/>
        </ModellElementUntermodellAusgang>
        <ModellElementVerzoegerung id="8">
          <ModellElementGroesse h="50" w="100" x="200" y="50"/>
          <ModellElementVerbindung Element="9" Typ="Einlaufend"/>
          <ModellElementVerbindung Element="10" Typ="Auslaufend"/>
          <ModellElementVerteilung Typ="Bedienzeit" Zeitbasis="Sekunden">Exponentialverteilung (50)</ModellElementVerteilung>
        </ModellElementVerzoegerung>
        <ModellElementKante id="9">
          <ModellElementVerbindung Element1="6" Element2="8" Typ="Kante"/>
        </ModellElementKante>
        <ModellElementKante id="10">
          <ModellElementVerbindung Element1="8" Element2="7" Typ="Kante"/>
        </ModellElementKante>
      </ModellElemente>
    </ModellElementUntermodell>
    <ModellElementEnde id="3">
      <ModellElementGroesse h="50" w="100" x="400" y="50"/>
      <ModellElementVerbindung Element="5" Typ="Einlaufend"/>
    </ModellElementEnde>
    <ModellElementKante id="4">
      <ModellElementName>Ankünfte (Kunden)</ModellElementName>
      <ModellElementVerbindung Element1="1" Element2="2" Typ="Kante"/>
    </ModellElementKante>
    <ModellElementKante id="5">
      <ModellElementName>Ausgang 1</ModellElementName>
      <ModellElementVerbindung Element1="2" Element2="3" Typ="Kante"/>
    </ModellElementKante>
    <ModellElementDiagrammDashboard id="11">
      <ModellElementGroesse h="50" w="100" x="10" y="10"/>
      <ModellElemente>
        <ModellElementAnimationAnalogSkala id="12">
          <ModellElementGroesse h="50" w="100" x="185" y="145"/>
          <ModellElementAnimationAnalogSkalaAusdruck MaximalWert="10" MinimalWert="0">wip()</ModellElementAnimationAnalogSkalaAusdruck>
          <ModellElementAnimationAnalogSkalaFarbe>0,0,255</ModellElementAnimationAnalogSkalaFarbe>
        </ModellElementAnimationAnalogSkala>
      </ModellElemente>
    </ModellElementDiagrammDashboard>
  </ModellElemente>
  <Ressourcen UntergeordnetePrioritaet="Zufaellig"/>
  <KundentypenDaten/>
  <ModellKantenNormal Breite="1" Farbe="0,0,0" Typ="0"/>
  <ModellKantenSelektiert Breite="1" Typ="0"/>
  <ModellElementVerbindungsdarstellungsart>Abgerundet abgewinkelt</ModellElementVerbindungsdarstellungsart>
</Modell>
