<?xml version="1.0" encoding="UTF-8" standalone="no"?>
<!DOCTYPE Modell SYSTEM "https://qs.highfives.io/xml/Simulator.dtd">
<Modell xmlns="https://qs.highfives.io" xmlns:xsi="http://www.w3.org/2001/XMLSchema-instance" xsi:schemaLocation="https://qs.highfives.io https://qs.highfives.io/xml/Simulator.xsd">
  <ModellVersion>1.9.0</ModellVersion>
  <ModellAutor>Alexa</ModellAutor>
  <ModellKunden Aktiv="1">1000000</ModellKunden>
  <ModellAufwaermphase>0</ModellAufwaermphase>
  <ModellAbbruchzeit Aktiv="0">10:00:00:00</ModellAbbruchzeit>
  <ModellElemente>
    <ModellElementQuelle id="1">
      <ModellElementName>Kunden</ModellElementName>
      <ModellElementGroesse h="50" w="100" x="50" y="50"/>
      <ModellElementVerbindung Element="3" Typ="Auslaufend"/>
      <ModellElementVerteilung Zeitbasis="Sekunden">Ein-Punkt-Verteilung (60)</ModellElementVerteilung>
    </ModellElementQuelle>
    <ModellElementVariable id="2">
      <ModellElementGroesse h="50" w="100" x="250" y="50"/>
      <ModellElementVerbindung Element="3" Typ="Einlaufend"/>
      <ModellElementVerbindung Element="9" Typ="Auslaufend"/>
      <ModellElementVariablenzuweisung Variable="a">ClientNumber()</ModellElementVariablenzuweisung>
    </ModellElementVariable>
    <ModellElementKante id="3">
      <ModellElementName>Ankünfte (Kunden)</ModellElementName>
      <ModellElementVerbindung Element1="1" Element2="2" Typ="Kante"/>
    </ModellElementKante>
    <ModellElementEnde id="4">
      <ModellElementGroesse h="50" w="100" x="900" y="50"/>
      <ModellElementVerbindung Element="16" Typ="Einlaufend"/>
    </ModellElementEnde>
    <ModellElementAnimationText id="6">
      <ModellElementName>a</ModellElementName>
      <ModellElementGroesse h="30" w="69" x="250" y="150"/>
      <ModellElementSchriftgrosse>14</ModellElementSchriftgrosse>
      <ModellElementFarbe>0,0,0</ModellElementFarbe>
      <ModellElementAnimationsmodus Art="Zahlenwert">a</ModellElementAnimationsmodus>
    </ModellElementAnimationText>
    <ModellElementVerzweigen id="5">
      <ModellElementGroesse h="50" w="100" x="400" y="50"/>
      <ModellElementVerzweigungsmodus>Bedingung</ModellElementVerzweigungsmodus>
      <ModellElementVerbindung Element="9" Typ="Einlaufend"/>
      <ModellElementVerbindung Bedingung="ClientNumber()&gt;5" Element="10" Typ="Auslaufend"/>
      <ModellElementVerbindung Element="12" Typ="Auslaufend"/>
    </ModellElementVerzweigen>
    <ModellElementJavascript id="7">
      <ModellElementGroesse h="50" w="100" x="400" y="150"/>
      <ModellElementVerbindung Element="12" Typ="Einlaufend"/>
      <ModellElementVerbindung Element="13" Typ="Auslaufend"/>
      <ModellElementSkript>Simulation.setClientInStatistics(false);</ModellElementSkript>
    </ModellElementJavascript>
    <ModellElementVariable id="8">
      <ModellElementGroesse h="50" w="100" x="600" y="50"/>
      <ModellElementVerbindung Element="10" Typ="Einlaufend"/>
      <ModellElementVerbindung Element="13" Typ="Einlaufend"/>
      <ModellElementVerbindung Element="15" Typ="Auslaufend"/>
      <ModellElementVariablenzuweisung Variable="b">ClientInStatistics()</ModellElementVariablenzuweisung>
    </ModellElementVariable>
    <ModellElementKante id="9">
      <ModellElementVerbindung Element1="2" Element2="5" Typ="Kante"/>
    </ModellElementKante>
    <ModellElementKante id="10">
      <ModellElementName>Bedingung 1</ModellElementName>
      <ModellElementVerbindung Element1="5" Element2="8" Typ="Kante"/>
    </ModellElementKante>
    <ModellElementKante id="12">
      <ModellElementName>Fall "sonst"</ModellElementName>
      <ModellElementVerbindung Element1="5" Element2="7" Typ="Kante"/>
    </ModellElementKante>
    <ModellElementKante id="13">
      <ModellElementVerbindung Element1="7" Element2="8" Typ="Kante"/>
    </ModellElementKante>
    <ModellElementAnimationText id="14">
      <ModellElementName>b</ModellElementName>
      <ModellElementGroesse h="30" w="69" x="600" y="150"/>
      <ModellElementSchriftgrosse>14</ModellElementSchriftgrosse>
      <ModellElementFarbe>0,0,0</ModellElementFarbe>
      <ModellElementAnimationsmodus Art="Zahlenwert">b</ModellElementAnimationsmodus>
    </ModellElementAnimationText>
    <ModellElementVerzoegerung id="11">
      <ModellElementGroesse h="50" w="100" x="750" y="50"/>
      <ModellElementVerbindung Element="15" Typ="Einlaufend"/>
      <ModellElementVerbindung Element="16" Typ="Auslaufend"/>
      <ModellElementVerteilung Typ="Bedienzeit" Zeitbasis="Sekunden">Ein-Punkt-Verteilung (1)</ModellElementVerteilung>
    </ModellElementVerzoegerung>
    <ModellElementKante id="15">
      <ModellElementVerbindung Element1="8" Element2="11" Typ="Kante"/>
    </ModellElementKante>
    <ModellElementKante id="16">
      <ModellElementVerbindung Element1="11" Element2="4" Typ="Kante"/>
    </ModellElementKante>
  </ModellElemente>
  <KundentypenDaten/>
</Modell>
