<?xml version="1.0" encoding="UTF-8" standalone="no"?>
<!DOCTYPE Modell SYSTEM "https://qs.highfives.io/xml/Simulator.dtd">
<Modell xmlns="https://qs.highfives.io" xmlns:xsi="http://www.w3.org/2001/XMLSchema-instance" xsi:schemaLocation="https://qs.highfives.io https://qs.highfives.io/xml/Simulator.xsd">
  <ModellVersion>1.3.0</ModellVersion>
  <ModellName/>
  <ModellBeschreibung/>
  <ModellAutor>Alexa</ModellAutor>
  <ModellKunden Aktiv="1">10000000</ModellKunden>
  <ModellAufwaermphase>0.05</ModellAufwaermphase>
  <ModellAbbruchbedingung Aktiv="0"/>
  <ModellAbbruchzeit Aktiv="0">10:00:00:00</ModellAbbruchzeit>
  <ModellZufallszahlenStartwert Aktiv="0">0</ModellZufallszahlenStartwert>
  <ModellElemente>
    <ModellElementBedingungJS id="1">
      <ModellElementGroesse h="50" w="100" x="250" y="50"/>
      <ModellElementVerbindung Element="6" Typ="Einlaufend"/>
      <ModellElementVerbindung Element="4" Typ="Auslaufend"/>
      <ModellElementBedingungJSText>if (Simulation.calc("N(3)")==0 &amp;&amp; Clients.count()&gt;=2) {
  for (var i=0;i&lt;Math.min(3,Clients.count());i++) Clients.release(i);
}</ModellElementBedingungJSText>
    </ModellElementBedingungJS>
    <ModellElementQuelle id="2">
      <ModellElementName>Kunden</ModellElementName>
      <ModellElementGroesse h="50" w="100" x="50" y="50"/>
      <ModellElementVerbindung Element="6" Typ="Auslaufend"/>
      <ModellElementVerteilung Zeitbasis="Sekunden">Exponentialverteilung (60)</ModellElementVerteilung>
    </ModellElementQuelle>
    <ModellElementBedienstation id="3">
      <ModellElementGroesse h="50" w="100" x="695" y="50"/>
      <ModellElementVerbindung Element="9" Typ="Einlaufend"/>
      <ModellElementVerbindung Element="7" Typ="Auslaufend"/>
      <ModellElementVerteilung Status="Bedienzeit" Typ="Bedienzeiten" Zeitbasis="Sekunden">Exponentialverteilung (150)</ModellElementVerteilung>
      <ModellElementPrioritaet Kundentyp="Kunden">w</ModellElementPrioritaet>
      <ModellElementBediener Alternative="1" Anzahl="1" Gruppe="Neue Bedienergruppe"/>
      <ModellElementBedienerPrioritaet>1</ModellElementBedienerPrioritaet>
    </ModellElementBedienstation>
    <ModellElementEnde id="5">
      <ModellElementGroesse h="50" w="100" x="900" y="50"/>
      <ModellElementVerbindung Element="7" Typ="Einlaufend"/>
    </ModellElementEnde>
    <ModellElementKante id="6">
      <ModellElementName>Ankünfte (Kunden)</ModellElementName>
      <ModellElementVerbindung Element1="2" Element2="1" Typ="Kante"/>
    </ModellElementKante>
    <ModellElementKante id="7">
      <ModellElementVerbindung Element1="3" Element2="5" Typ="Kante"/>
    </ModellElementKante>
    <ModellElementZusammenfassen id="8">
      <ModellElementGroesse h="50" w="100" x="450" y="50"/>
      <ModellElementVerbindung Element="4" Typ="Einlaufend"/>
      <ModellElementVerbindung Element="9" Typ="Auslaufend"/>
      <ModellElementBatchModus>Dauerhaft</ModellElementBatchModus>
      <ModellElementKundentyp>Batch</ModellElementKundentyp>
      <ModellElementBatch Maximum="3" Minimum="2"/>
    </ModellElementZusammenfassen>
    <ModellElementKante id="4">
      <ModellElementVerbindung Element1="1" Element2="8" Typ="Kante"/>
    </ModellElementKante>
    <ModellElementKante id="9">
      <ModellElementName>Neuer Kundentyp "Batch"</ModellElementName>
      <ModellElementVerbindung Element1="8" Element2="3" Typ="Kante"/>
    </ModellElementKante>
    <ModellElementText id="10">
      <ModellElementGroesse h="38" w="470" x="470" y="155"/>
      <ModellElementTextzeile>Bedienstation kann immer 2 oder 3 Kunden gleichzeitig bedienen.</ModellElementTextzeile>
      <ModellElementTextzeile>"Bedingung (JS)" fasst immer 2 oder 3 zusammen, wenn Bediener frei wird.</ModellElementTextzeile>
      <ModellElementSchriftgrosse>14</ModellElementSchriftgrosse>
      <ModellElementFarbe>0,0,0</ModellElementFarbe>
    </ModellElementText>
  </ModellElemente>
  <Ressourcen>
    <Ressource Icon="status_online" Name="Neue Bedienergruppe" Typ="Anzahl" Wert="unendlich"/>
  </Ressourcen>
  <KundentypenDaten>
    <KundenDaten Icon="icon_package" Name="Batch"/>
  </KundentypenDaten>
</Modell>
