<?xml version="1.0" encoding="UTF-8" standalone="no"?>
<!DOCTYPE Modell SYSTEM "https://qs.highfives.io/xml/Simulator.dtd">
<Modell xmlns="https://qs.highfives.io" xmlns:xsi="http://www.w3.org/2001/XMLSchema-instance" xsi:schemaLocation="https://qs.highfives.io https://qs.highfives.io/xml/Simulator.xsd">
  <ModellVersion>3.4.0</ModellVersion>
  <ModellAutor>Alexander Herzog</ModellAutor>
  <ModellKunden Aktiv="1">10000000</ModellKunden>
  <ModellAufwaermphase>0.05</ModellAufwaermphase>
  <ModellAbbruchzeit Aktiv="0">10:00:00:00</ModellAbbruchzeit>
  <ModellElemente>
    <ModellElementFliessband id="1">
      <ModellElementGroesse h="25" w="200" x="300" y="110"/>
      <ModellElementVerbindung Element="5" Typ="Einlaufend"/>
      <ModellElementVerbindung Element="6" Typ="Einlaufend"/>
      <ModellElementVerbindung Element="7" Typ="Auslaufend"/>
      <ModellElementFliessbandKapazitaetVerfuegbar>5</ModellElementFliessbandKapazitaetVerfuegbar>
      <ModellElementFliessbandKapazitaetBenoetigt>ClientData(1)</ModellElementFliessbandKapazitaetBenoetigt>
      <ModellElementFliessbandTransportzeit Typ="Bedienzeit" Zeitbasis="Sekunden">60</ModellElementFliessbandTransportzeit>
      <ModellElementFliessbandRichtung>NachRechts</ModellElementFliessbandRichtung>
    </ModellElementFliessband>
    <ModellElementQuelle id="2">
      <ModellElementName>KundenA</ModellElementName>
      <ModellElementGroesse h="50" w="100" x="50" y="50"/>
      <ModellElementVerbindung Element="5" Typ="Auslaufend"/>
      <ModellElementVerteilung Zeitbasis="Sekunden">Exponentialverteilung (80)</ModellElementVerteilung>
      <ModellElementBatch Groesse="1"/>
      <ModellElementVariablenzuweisung Variable="ClientData(1)">2</ModellElementVariablenzuweisung>
    </ModellElementQuelle>
    <ModellElementQuelle id="3">
      <ModellElementName>KundenB</ModellElementName>
      <ModellElementGroesse h="50" w="100" x="50" y="150"/>
      <ModellElementVerbindung Element="6" Typ="Auslaufend"/>
      <ModellElementVerteilung Zeitbasis="Sekunden">Exponentialverteilung (80)</ModellElementVerteilung>
      <ModellElementBatch Groesse="1"/>
      <ModellElementVariablenzuweisung Variable="ClientData(1)">3</ModellElementVariablenzuweisung>
    </ModellElementQuelle>
    <ModellElementEnde id="4">
      <ModellElementGroesse h="50" w="100" x="600" y="100"/>
      <ModellElementVerbindung Element="7" Typ="Einlaufend"/>
    </ModellElementEnde>
    <ModellElementKante id="5">
      <ModellElementName>Ankünfte (KundenA)</ModellElementName>
      <ModellElementVerbindung Element1="2" Element2="1" Typ="Kante"/>
    </ModellElementKante>
    <ModellElementKante id="6">
      <ModellElementName>Ankünfte (KundenB)</ModellElementName>
      <ModellElementVerbindung Element1="3" Element2="1" Typ="Kante"/>
    </ModellElementKante>
    <ModellElementKante id="7">
      <ModellElementVerbindung Element1="1" Element2="4" Typ="Kante"/>
    </ModellElementKante>
    <ModellElementAnimationText id="8">
      <ModellElementName>WIP</ModellElementName>
      <ModellElementGroesse h="30" w="71" x="400" y="200"/>
      <ModellElementSchriftgrosse>14</ModellElementSchriftgrosse>
      <ModellElementFarbe>0,0,0</ModellElementFarbe>
      <ModellElementAnimationsmodus Art="Zahlenwert">WIP(1)</ModellElementAnimationsmodus>
    </ModellElementAnimationText>
    <ModellElementAnimationText id="9">
      <ModellElementName>NQ</ModellElementName>
      <ModellElementGroesse h="30" w="71" x="300" y="200"/>
      <ModellElementSchriftgrosse>14</ModellElementSchriftgrosse>
      <ModellElementFarbe>0,0,0</ModellElementFarbe>
      <ModellElementAnimationsmodus Art="Zahlenwert">NQ(1)</ModellElementAnimationsmodus>
    </ModellElementAnimationText>
  </ModellElemente>
  <Ressourcen UntergeordnetePrioritaet="Zufaellig"/>
  <KundentypenDaten>
    <KundenDaten Icon="user_red" Name="KundenB"/>
  </KundentypenDaten>
  <ModellKantenNormal Breite="1" Farbe="0,0,0" Typ="0"/>
  <ModellKantenSelektiert Breite="1" Typ="0"/>
  <ModellElementVerbindungsdarstellungsart>Abgerundet abgewinkelt</ModellElementVerbindungsdarstellungsart>
</Modell>
