<?xml version="1.0" encoding="UTF-8" standalone="no"?>
<!DOCTYPE Modell SYSTEM "https://qs.highfives.io/xml/Simulator.dtd">
<Modell xmlns="https://qs.highfives.io" xmlns:xsi="http://www.w3.org/2001/XMLSchema-instance" xsi:schemaLocation="https://qs.highfives.io https://qs.highfives.io/xml/Simulator.xsd">
  <ModellVersion>1.3.0</ModellVersion>
  <ModellName/>
  <ModellBeschreibung/>
  <ModellAutor>Alexa</ModellAutor>
  <ModellKunden Aktiv="1">10000000</ModellKunden>
  <ModellAufwaermphase>0.05</ModellAufwaermphase>
  <ModellAbbruchbedingung Aktiv="0"/>
  <ModellAbbruchzeit Aktiv="0">10:00:00:00</ModellAbbruchzeit>
  <ModellZufallszahlenStartwert Aktiv="0">0</ModellZufallszahlenStartwert>
  <ModellElemente>
    <ModellElementQuelle id="1">
      <ModellElementName>Kunden</ModellElementName>
      <ModellElementGroesse h="50" w="100" x="50" y="150"/>
      <ModellElementVerbindung Element="3" Typ="Auslaufend"/>
      <ModellElementVerteilung Zeitbasis="Sekunden">Exponentialverteilung (60)</ModellElementVerteilung>
    </ModellElementQuelle>
    <ModellElementVerzweigen id="2">
      <ModellElementGroesse h="50" w="100" x="250" y="150"/>
      <ModellElementVerzweigungsmodus>BedienstationMinimumNQ</ModellElementVerzweigungsmodus>
      <ModellElementVerbindung Element="3" Typ="Einlaufend"/>
      <ModellElementVerbindung Element="5" Typ="Auslaufend"/>
      <ModellElementVerbindung Element="11" Typ="Auslaufend"/>
    </ModellElementVerzweigen>
    <ModellElementKante id="3">
      <ModellElementName>Ankünfte (Kunden)</ModellElementName>
      <ModellElementVerbindung Element1="1" Element2="2" Typ="Kante"/>
    </ModellElementKante>
    <ModellElementIcon id="4">
      <ModellElementGroesse h="50" w="100" x="450" y="100"/>
      <ModellElementVerbindung Element="5" Typ="Einlaufend"/>
      <ModellElementVerbindung Element="7" Typ="Auslaufend"/>
      <ModellElementIconName>user_red</ModellElementIconName>
    </ModellElementIcon>
    <ModellElementKante id="5">
      <ModellElementVerbindung Element1="2" Element2="4" Typ="Kante"/>
    </ModellElementKante>
    <ModellElementBedienstation id="6">
      <ModellElementName>Station A</ModellElementName>
      <ModellElementGroesse h="50" w="100" x="595" y="100"/>
      <ModellElementVerbindung Element="7" Typ="Einlaufend"/>
      <ModellElementVerbindung Element="9" Typ="Auslaufend"/>
      <ModellElementVerteilung Status="Bedienzeit" Typ="Bedienzeiten" Zeitbasis="Sekunden">Exponentialverteilung (100)</ModellElementVerteilung>
      <ModellElementPrioritaet Kundentyp="Kunden">w</ModellElementPrioritaet>
      <ModellElementBediener Alternative="1" Anzahl="1" Gruppe="Bediener 1"/>
      <ModellElementBedienerPrioritaet>1</ModellElementBedienerPrioritaet>
    </ModellElementBedienstation>
    <ModellElementKante id="7">
      <ModellElementVerbindung Element1="4" Element2="6" Typ="Kante"/>
    </ModellElementKante>
    <ModellElementEnde id="8">
      <ModellElementGroesse h="50" w="100" x="800" y="150"/>
      <ModellElementVerbindung Element="9" Typ="Einlaufend"/>
      <ModellElementVerbindung Element="12" Typ="Einlaufend"/>
    </ModellElementEnde>
    <ModellElementKante id="9">
      <ModellElementVerbindung Element1="6" Element2="8" Typ="Kante"/>
    </ModellElementKante>
    <ModellElementBedienstation id="10">
      <ModellElementName>Station B</ModellElementName>
      <ModellElementGroesse h="50" w="100" x="595" y="195"/>
      <ModellElementVerbindung Element="11" Typ="Einlaufend"/>
      <ModellElementVerbindung Element="12" Typ="Auslaufend"/>
      <ModellElementVerteilung Status="Bedienzeit" Typ="Bedienzeiten" Zeitbasis="Sekunden">Exponentialverteilung (100)</ModellElementVerteilung>
      <ModellElementPrioritaet Kundentyp="Kunden">w</ModellElementPrioritaet>
      <ModellElementBediener Alternative="1" Anzahl="1" Gruppe="Bediener 2"/>
      <ModellElementBedienerPrioritaet>1</ModellElementBedienerPrioritaet>
    </ModellElementBedienstation>
    <ModellElementKante id="11">
      <ModellElementVerbindung Element1="2" Element2="10" Typ="Kante"/>
    </ModellElementKante>
    <ModellElementKante id="12">
      <ModellElementVerbindung Element1="10" Element2="8" Typ="Kante"/>
    </ModellElementKante>
    <ModellElementAnimationLinienDiagramm id="13">
      <ModellElementGroesse h="200" w="300" x="100" y="300"/>
      <ModellElementLinienBreite>1</ModellElementLinienBreite>
      <ModellElementLinienFarbe>0,0,0</ModellElementLinienFarbe>
      <ModellElementDiagrammElement Linienbreite="1" Linienfarbe="0,0,255" Maximum="5" Minimum="-5">NQ(6)-NQ(10)</ModellElementDiagrammElement>
      <ModellElementDiagrammZeitbereich>18000</ModellElementDiagrammZeitbereich>
    </ModellElementAnimationLinienDiagramm>
  </ModellElemente>
  <Ressourcen>
    <Ressource Name="Bediener 1" Typ="Anzahl" Wert="1"/>
    <Ressource Name="Bediener 2" Typ="Anzahl" Wert="1"/>
  </Ressourcen>
  <KundentypenDaten/>
</Modell>
