<?xml version="1.0" encoding="UTF-8" standalone="no"?>
<!DOCTYPE Modell SYSTEM "https://qs.highfives.io/xml/Simulator.dtd">
<Modell xmlns="https://qs.highfives.io" xmlns:xsi="http://www.w3.org/2001/XMLSchema-instance" xsi:schemaLocation="https://qs.highfives.io https://qs.highfives.io/xml/Simulator.xsd">
  <ModellVersion>0.8.0</ModellVersion>
  <ModellName/>
  <ModellBeschreibung/>
  <ModellKunden Aktiv="1">10000000</ModellKunden>
  <ModellAufwaermphase>0.05</ModellAufwaermphase>
  <ModellAbbruchbedingung Aktiv="0"/>
  <ModellAbbruchzeit Aktiv="0">10:00:00:00</ModellAbbruchzeit>
  <ModellZufallszahlenStartwert Aktiv="0">0</ModellZufallszahlenStartwert>
  <ModellElemente>
    <ModellElementVariable id="1">
      <ModellElementGroesse h="50" w="100" x="50" y="100"/>
      <ModellElementVariablenzuweisung Variable="Last">0</ModellElementVariablenzuweisung>
    </ModellElementVariable>
    <ModellElementQuelle id="2">
      <ModellElementName>Kunden</ModellElementName>
      <ModellElementGroesse h="50" w="100" x="50" y="300"/>
      <ModellElementVerbindung Element="8" Typ="Auslaufend"/>
      <ModellElementVerteilung Zeitbasis="Sekunden">Exponentialverteilung (60)</ModellElementVerteilung>
    </ModellElementQuelle>
    <ModellElementAnimationText id="3">
      <ModellElementName>Last</ModellElementName>
      <ModellElementGroesse h="30" w="69" x="200" y="100"/>
      <ModellElementSchriftgrosse>14</ModellElementSchriftgrosse>
      <ModellElementFarbe>0,0,0</ModellElementFarbe>
      <ModellElementAnimationsmodus Art="Zahlenwert">Last</ModellElementAnimationsmodus>
    </ModellElementAnimationText>
    <ModellElementVerzoegerung id="4">
      <ModellElementName>A</ModellElementName>
      <ModellElementGroesse h="50" w="100" x="450" y="200"/>
      <ModellElementVerbindung Element="9" Typ="Einlaufend"/>
      <ModellElementVerbindung Element="12" Typ="Auslaufend"/>
      <ModellElementVerteilung Typ="Bedienzeit" Zeitbasis="Sekunden">Exponentialverteilung (50)</ModellElementVerteilung>
    </ModellElementVerzoegerung>
    <ModellElementVerzoegerung id="5">
      <ModellElementName>B</ModellElementName>
      <ModellElementGroesse h="50" w="100" x="450" y="400"/>
      <ModellElementVerbindung Element="10" Typ="Einlaufend"/>
      <ModellElementVerbindung Element="11" Typ="Auslaufend"/>
      <ModellElementVerteilung Typ="Bedienzeit" Zeitbasis="Sekunden">Exponentialverteilung (50)</ModellElementVerteilung>
    </ModellElementVerzoegerung>
    <ModellElementEnde id="6">
      <ModellElementGroesse h="50" w="100" x="650" y="300"/>
      <ModellElementVerbindung Element="11" Typ="Einlaufend"/>
      <ModellElementVerbindung Element="12" Typ="Einlaufend"/>
    </ModellElementEnde>
    <ModellElementVerzweigenJS id="7">
      <ModellElementGroesse h="50" w="100" x="250" y="300"/>
      <ModellElementVerzweigenSkript>var last=Simulation.calc("Last");
Output.print(last+1);
Simulation.set("Last",(last==1)?0:1);</ModellElementVerzweigenSkript>
      <ModellElementVerbindung Element="8" Typ="Einlaufend"/>
      <ModellElementVerbindung Element="9" Typ="Auslaufend"/>
      <ModellElementVerbindung Element="10" Typ="Auslaufend"/>
    </ModellElementVerzweigenJS>
    <ModellElementKante id="8">
      <ModellElementName>Ankünfte (Kunden)</ModellElementName>
      <ModellElementVerbindung Element1="2" Element2="7" Typ="Kante"/>
    </ModellElementKante>
    <ModellElementKante id="9">
      <ModellElementName>Ausgang 1</ModellElementName>
      <ModellElementVerbindung Element1="7" Element2="4" Typ="Kante"/>
    </ModellElementKante>
    <ModellElementKante id="10">
      <ModellElementName>Ausgang 2</ModellElementName>
      <ModellElementVerbindung Element1="7" Element2="5" Typ="Kante"/>
    </ModellElementKante>
    <ModellElementKante id="11">
      <ModellElementVerbindung Element1="5" Element2="6" Typ="Kante"/>
    </ModellElementKante>
    <ModellElementKante id="12">
      <ModellElementVerbindung Element1="4" Element2="6" Typ="Kante"/>
    </ModellElementKante>
    <ModellElementText id="13">
      <ModellElementGroesse h="28" w="107" x="50" y="70"/>
      <ModellElementTextzeile>Deklaration der</ModellElementTextzeile>
      <ModellElementTextzeile>System-Variable "Last"</ModellElementTextzeile>
      <ModellElementSchriftgrosse>10</ModellElementSchriftgrosse>
      <ModellElementFarbe>0,0,0</ModellElementFarbe>
    </ModellElementText>
    <ModellElementText id="14">
      <ModellElementGroesse h="16" w="37" x="180" y="400"/>
      <ModellElementTextzeile>Skript:</ModellElementTextzeile>
      <ModellElementSchriftgrosse fett="1">12</ModellElementSchriftgrosse>
      <ModellElementFarbe>0,0,0</ModellElementFarbe>
    </ModellElementText>
    <ModellElementText id="15">
      <ModellElementGroesse h="42" w="168" x="180" y="415"/>
      <ModellElementTextzeile>var last=Simulation.calc("Last");</ModellElementTextzeile>
      <ModellElementTextzeile>Output.print(last+1);</ModellElementTextzeile>
      <ModellElementTextzeile>Simulation.set("Last",(last==1)?0:1);</ModellElementTextzeile>
      <ModellElementSchriftgrosse>10</ModellElementSchriftgrosse>
      <ModellElementFarbe>0,0,0</ModellElementFarbe>
    </ModellElementText>
  </ModellElemente>
  <Ressourcen/>
  <KundentypenDaten/>
  <ModellZeitplaene/>
</Modell>
