<?xml version="1.0" encoding="UTF-8" standalone="no"?>
<!DOCTYPE Modell SYSTEM "http://www.tu-clausthal.de/fileadmin/simulator/Simulator.dtd">
<Modell xmlns="http://www.tu-clausthal.de" xmlns:xsi="http://www.w3.org/2001/XMLSchema-instance" xsi:schemaLocation="http://www.tu-clausthal.de http://www.tu-clausthal.de/fileadmin/simulator/Simulator.xsd">
  <ModellVersion>0.1.1</ModellVersion>
  <ModellName/>
  <ModellBeschreibung/>
  <ModellKunden>10000000</ModellKunden>
  <ModellAufwaermphase>0.05</ModellAufwaermphase>
  <ModellElemente>
    <ModellElementKasten id="1">
      <ModellElementGroesse h="50" w="50" x="200" y="100"/>
      <ModellElementLinienBreite>2</ModellElementLinienBreite>
      <ModellElementFarbe>255,0,0</ModellElementFarbe>
      <ModellElementHintergrundfarbe>0,0,255</ModellElementHintergrundfarbe>
    </ModellElementKasten>
    <ModellElementKasten id="2">
      <ModellElementGroesse h="50" w="50" x="400" y="100"/>
      <ModellElementLinienBreite>2</ModellElementLinienBreite>
      <ModellElementFarbe>255,0,0</ModellElementFarbe>
      <ModellElementHintergrundfarbe>0,0,255</ModellElementHintergrundfarbe>
    </ModellElementKasten>
    <ModellElementKasten id="3">
      <ModellElementGroesse h="35" w="20" x="315" y="200"/>
      <ModellElementLinienBreite>5</ModellElementLinienBreite>
      <ModellElementFarbe>255,0,255</ModellElementFarbe>
    </ModellElementKasten>
    <ModellElementLinie id="4">
      <ModellElementGroesse h="50" w="100" x="200" y="255"/>
      <ModellElementLinienBreite>7</ModellElementLinienBreite>
      <ModellElementFarbe>0,165,0</ModellElementFarbe>
    </ModellElementLinie>
    <ModellElementLinie id="5">
      <ModellElementGroesse h="-55" w="100" x="350" y="305"/>
      <ModellElementLinienBreite>7</ModellElementLinienBreite>
      <ModellElementFarbe>0,165,0</ModellElementFarbe>
    </ModellElementLinie>
    <ModellElementLinie id="6">
      <ModellElementGroesse h="0" w="50" x="300" y="305"/>
      <ModellElementLinienBreite>7</ModellElementLinienBreite>
      <ModellElementFarbe>0,165,0</ModellElementFarbe>
    </ModellElementLinie>
  </ModellElemente>
  <Ressourcen/>
</Modell>
