<?xml version="1.0" encoding="UTF-8" standalone="no"?>
<!DOCTYPE Modell SYSTEM "http://www.tu-clausthal.de/fileadmin/simulator/Simulator.dtd">
<Modell xmlns="http://www.tu-clausthal.de" xmlns:xsi="http://www.w3.org/2001/XMLSchema-instance" xsi:schemaLocation="http://www.tu-clausthal.de http://www.tu-clausthal.de/fileadmin/simulator/Simulator.xsd">
  <ModellVersion>0.1.1</ModellVersion>
  <ModellName/>
  <ModellBeschreibung/>
  <ModellKunden Aktiv="1">10000000</ModellKunden>
  <ModellAufwaermphase>0.05</ModellAufwaermphase>
  <ModellAbbruchbedingung Aktiv="0"/>
  <ModellElemente>
    <ModellElementQuelle id="1">
      <ModellElementName>Kunden</ModellElementName>
      <ModellElementGroesse h="50" w="100" x="50" y="250"/>
      <ModellElementVerbindung Element="10" Typ="Auslaufend"/>
      <ModellElementVerteilung Zeitbasis="Sekunden">Exponentialverteilung (30)</ModellElementVerteilung>
    </ModellElementQuelle>
    <ModellElementVerzweigen id="2">
      <ModellElementGroesse h="50" w="100" x="250" y="250"/>
      <ModellElementVerzweigungsmodus>Bedingung</ModellElementVerzweigungsmodus>
      <ModellElementVerbindung Element="10" Typ="Einlaufend"/>
      <ModellElementVerbindung Bedingung="Wert(3)&lt;Wert(4)" Element="11" Typ="Auslaufend"/>
      <ModellElementVerbindung Element="15" Typ="Auslaufend"/>
    </ModellElementVerzweigen>
    <ModellElementDifferenzZaehler id="3">
      <ModellElementName>WegA</ModellElementName>
      <ModellElementGroesse h="50" w="100" x="250" y="50"/>
      <ModellElementVerbindung Element="11" Typ="Einlaufend"/>
      <ModellElementVerbindung Element="12" Typ="Auslaufend"/>
      <ModellElementDifferenzZaehlerInkrement>1</ModellElementDifferenzZaehlerInkrement>
    </ModellElementDifferenzZaehler>
    <ModellElementDifferenzZaehler id="4">
      <ModellElementName>WegB</ModellElementName>
      <ModellElementGroesse h="50" w="100" x="250" y="450"/>
      <ModellElementVerbindung Element="15" Typ="Einlaufend"/>
      <ModellElementVerbindung Element="16" Typ="Auslaufend"/>
      <ModellElementDifferenzZaehlerInkrement>1</ModellElementDifferenzZaehlerInkrement>
    </ModellElementDifferenzZaehler>
    <ModellElementBedienstation id="5">
      <ModellElementName>StationA</ModellElementName>
      <ModellElementGroesse h="50" w="100" x="450" y="50"/>
      <ModellElementVerbindung Element="12" Typ="Einlaufend"/>
      <ModellElementVerbindung Element="13" Typ="Auslaufend"/>
      <ModellElementVerteilung Typ="Bedienzeiten" Zeitbasis="Sekunden">Exponentialverteilung (50)</ModellElementVerteilung>
      <ModellElementPrioritaet Kundentyp="Kunden">w</ModellElementPrioritaet>
      <ModellElementBediener Anzahl="1" Gruppe="BedienerA"/>
      <ModellElementBedienerPrioritaet>1</ModellElementBedienerPrioritaet>
    </ModellElementBedienstation>
    <ModellElementBedienstation id="6">
      <ModellElementName>StationB</ModellElementName>
      <ModellElementGroesse h="50" w="100" x="450" y="450"/>
      <ModellElementVerbindung Element="16" Typ="Einlaufend"/>
      <ModellElementVerbindung Element="17" Typ="Auslaufend"/>
      <ModellElementVerteilung Typ="Bedienzeiten" Zeitbasis="Sekunden">Exponentialverteilung (50)</ModellElementVerteilung>
      <ModellElementPrioritaet Kundentyp="Kunden">w</ModellElementPrioritaet>
      <ModellElementBediener Anzahl="1" Gruppe="BedienerB"/>
      <ModellElementBedienerPrioritaet>1</ModellElementBedienerPrioritaet>
    </ModellElementBedienstation>
    <ModellElementDifferenzZaehler id="7">
      <ModellElementName>WegA</ModellElementName>
      <ModellElementGroesse h="50" w="100" x="650" y="50"/>
      <ModellElementVerbindung Element="13" Typ="Einlaufend"/>
      <ModellElementVerbindung Element="14" Typ="Auslaufend"/>
      <ModellElementDifferenzZaehlerInkrement>-1</ModellElementDifferenzZaehlerInkrement>
    </ModellElementDifferenzZaehler>
    <ModellElementDifferenzZaehler id="8">
      <ModellElementName>WegB</ModellElementName>
      <ModellElementGroesse h="50" w="100" x="650" y="450"/>
      <ModellElementVerbindung Element="17" Typ="Einlaufend"/>
      <ModellElementVerbindung Element="18" Typ="Auslaufend"/>
      <ModellElementDifferenzZaehlerInkrement>-1</ModellElementDifferenzZaehlerInkrement>
    </ModellElementDifferenzZaehler>
    <ModellElementEnde id="9">
      <ModellElementGroesse h="50" w="100" x="650" y="250"/>
      <ModellElementVerbindung Element="14" Typ="Einlaufend"/>
      <ModellElementVerbindung Element="18" Typ="Einlaufend"/>
    </ModellElementEnde>
    <ModellElementKante id="10">
      <ModellElementName>Ankünfte (Kunden)</ModellElementName>
      <ModellElementVerbindung Element1="1" Element2="2" Typ="Kante"/>
    </ModellElementKante>
    <ModellElementKante id="11">
      <ModellElementName>Bedingung 1</ModellElementName>
      <ModellElementVerbindung Element1="2" Element2="3" Typ="Kante"/>
    </ModellElementKante>
    <ModellElementKante id="12">
      <ModellElementVerbindung Element1="3" Element2="5" Typ="Kante"/>
    </ModellElementKante>
    <ModellElementKante id="13">
      <ModellElementVerbindung Element1="5" Element2="7" Typ="Kante"/>
    </ModellElementKante>
    <ModellElementKante id="14">
      <ModellElementVerbindung Element1="7" Element2="9" Typ="Kante"/>
    </ModellElementKante>
    <ModellElementKante id="15">
      <ModellElementName>Fall "sonst"</ModellElementName>
      <ModellElementVerbindung Element1="2" Element2="4" Typ="Kante"/>
    </ModellElementKante>
    <ModellElementKante id="16">
      <ModellElementVerbindung Element1="4" Element2="6" Typ="Kante"/>
    </ModellElementKante>
    <ModellElementKante id="17">
      <ModellElementVerbindung Element1="6" Element2="8" Typ="Kante"/>
    </ModellElementKante>
    <ModellElementKante id="18">
      <ModellElementVerbindung Element1="8" Element2="9" Typ="Kante"/>
    </ModellElementKante>
  </ModellElemente>
  <Ressourcen>
    <Ressource Name="BedienerA">1</Ressource>
    <Ressource Name="BedienerB">1</Ressource>
  </Ressourcen>
</Modell>
