<?xml version="1.0" encoding="UTF-8" standalone="no"?>
<!DOCTYPE Modell SYSTEM "https://qs.highfives.io/xml/Simulator.dtd">
<Modell xmlns="https://qs.highfives.io" xmlns:xsi="http://www.w3.org/2001/XMLSchema-instance" xsi:schemaLocation="https://qs.highfives.io https://qs.highfives.io/xml/Simulator.xsd">
  <ModellVersion>2.0.0</ModellVersion>
  <ModellAutor>Alexander Herzog</ModellAutor>
  <ModellKunden Aktiv="1">10000000</ModellKunden>
  <ModellAufwaermphase>0.05</ModellAufwaermphase>
  <ModellAbbruchzeit Aktiv="0">10:00:00:00</ModellAbbruchzeit>
  <ModellElemente>
    <ModellElementQuelle id="1">
      <ModellElementName>KundenA</ModellElementName>
      <ModellElementGroesse h="50" w="100" x="50" y="50"/>
      <ModellElementVerbindung Element="5" Typ="Auslaufend"/>
      <ModellElementVerteilung Zeitbasis="Sekunden">Exponentialverteilung (60)</ModellElementVerteilung>
    </ModellElementQuelle>
    <ModellElementQuelle id="2">
      <ModellElementName>KundenB</ModellElementName>
      <ModellElementGroesse h="50" w="100" x="50" y="250"/>
      <ModellElementVerbindung Element="6" Typ="Auslaufend"/>
      <ModellElementVerteilung Zeitbasis="Sekunden">Exponentialverteilung (60)</ModellElementVerteilung>
    </ModellElementQuelle>
    <ModellElementZusammenfuehren id="3">
      <ModellElementGroesse h="50" w="100" x="200" y="150"/>
      <ModellElementVerbindung Element="5" Typ="Einlaufend"/>
      <ModellElementVerbindung Element="6" Typ="Einlaufend"/>
      <ModellElementVerbindung Element="7" Typ="Auslaufend"/>
      <ModellElementBatchModus>Zeitweise</ModellElementBatchModus>
      <ModellElementKundentyp>KundenC</ModellElementKundentyp>
    </ModellElementZusammenfuehren>
    <ModellElementVerzoegerung id="4">
      <ModellElementGroesse h="50" w="100" x="450" y="150"/>
      <ModellElementVerbindung Element="7" Typ="Einlaufend"/>
      <ModellElementVerbindung Element="14" Typ="Auslaufend"/>
      <ModellElementVerteilung Typ="Bedienzeit" Zeitbasis="Sekunden">Exponentialverteilung (50)</ModellElementVerteilung>
    </ModellElementVerzoegerung>
    <ModellElementKante id="5">
      <ModellElementName>Ankünfte (KundenA)</ModellElementName>
      <ModellElementVerbindung Element1="1" Element2="3" Typ="Kante"/>
    </ModellElementKante>
    <ModellElementKante id="6">
      <ModellElementName>Ankünfte (KundenB)</ModellElementName>
      <ModellElementVerbindung Element1="2" Element2="3" Typ="Kante"/>
    </ModellElementKante>
    <ModellElementKante id="7">
      <ModellElementName>Neuer Kundentyp "KundenC"</ModellElementName>
      <ModellElementVerbindung Element1="3" Element2="4" Typ="Kante"/>
    </ModellElementKante>
    <ModellElementTrennen id="8">
      <ModellElementGroesse h="50" w="100" x="450" y="400"/>
      <ModellElementVerbindung Element="17" Typ="Einlaufend"/>
      <ModellElementVerbindung Element="11" Typ="Auslaufend"/>
    </ModellElementTrennen>
    <ModellElementVerzoegerung id="9">
      <ModellElementGroesse h="50" w="100" x="250" y="400"/>
      <ModellElementVerbindung Element="11" Typ="Einlaufend"/>
      <ModellElementVerbindung Element="13" Typ="Auslaufend"/>
      <ModellElementVerteilung Typ="Bedienzeit" Zeitbasis="Sekunden">Exponentialverteilung (50)</ModellElementVerteilung>
    </ModellElementVerzoegerung>
    <ModellElementKante id="11">
      <ModellElementVerbindung Element1="8" Element2="9" Typ="Kante"/>
    </ModellElementKante>
    <ModellElementEnde id="12">
      <ModellElementGroesse h="50" w="100" x="50" y="400"/>
      <ModellElementVerbindung Element="13" Typ="Einlaufend"/>
      <ModellElementVerbindung Element="20" Typ="Einlaufend"/>
    </ModellElementEnde>
    <ModellElementKante id="13">
      <ModellElementVerbindung Element1="9" Element2="12" Typ="Kante"/>
    </ModellElementKante>
    <ModellElementDuplizieren id="10">
      <ModellElementGroesse h="50" w="100" x="450" y="250"/>
      <ModellElementVerbindung Element="14" Typ="Einlaufend"/>
      <ModellElementVerbindung Element="17" Typ="Auslaufend"/>
      <ModellElementVerbindung Element="18" Typ="Auslaufend"/>
    </ModellElementDuplizieren>
    <ModellElementKante id="14">
      <ModellElementVerbindung Element1="4" Element2="10" Typ="Kante"/>
    </ModellElementKante>
    <ModellElementTrennen id="15">
      <ModellElementGroesse h="50" w="100" x="650" y="400"/>
      <ModellElementVerbindung Element="18" Typ="Einlaufend"/>
      <ModellElementVerbindung Element="19" Typ="Auslaufend"/>
    </ModellElementTrennen>
    <ModellElementVerzoegerung id="16">
      <ModellElementGroesse h="50" w="100" x="650" y="550"/>
      <ModellElementVerbindung Element="19" Typ="Einlaufend"/>
      <ModellElementVerbindung Element="20" Typ="Auslaufend"/>
      <ModellElementVerteilung Typ="Bedienzeit" Zeitbasis="Sekunden">Exponentialverteilung (50)</ModellElementVerteilung>
    </ModellElementVerzoegerung>
    <ModellElementKante id="17">
      <ModellElementName>Original</ModellElementName>
      <ModellElementVerbindung Element1="10" Element2="8" Typ="Kante"/>
    </ModellElementKante>
    <ModellElementKante id="18">
      <ModellElementName>Kopie 1</ModellElementName>
      <ModellElementVerbindung Element1="10" Element2="15" Typ="Kante"/>
    </ModellElementKante>
    <ModellElementKante id="19">
      <ModellElementVerbindung Element1="15" Element2="16" Typ="Kante"/>
    </ModellElementKante>
    <ModellElementKante id="20">
      <ModellElementVerbindung Element1="16" Element2="12" Typ="Kante"/>
    </ModellElementKante>
  </ModellElemente>
  <KundentypenDaten>
    <KundenDaten Icon="user_red" Name="KundenB"/>
    <KundenDaten Icon="emoticon_smile" Name="KundenC"/>
  </KundentypenDaten>
</Modell>
