<?xml version="1.0" encoding="UTF-8" standalone="no"?>
<!DOCTYPE Modell SYSTEM "http://www.tu-clausthal.de/fileadmin/simulator/Simulator.dtd">
<Modell xmlns="http://www.tu-clausthal.de" xmlns:xsi="http://www.w3.org/2001/XMLSchema-instance" xsi:schemaLocation="http://www.tu-clausthal.de http://www.tu-clausthal.de/fileadmin/simulator/Simulator.xsd">
  <ModellVersion>0.1.1</ModellVersion>
  <ModellName>Erlang-C-Test </ModellName>
  <ModellBeschreibung>lambda=0,3 (pro Minute)
1/mu=1,333 (Minuten)
1/nu=infty (Minuten)
c=2

Erlang-C-Rechner Vergleichswerte:

Arbeitslast a=1,6
Auslastung (rho)=79,98%
Auslastung (rho)=79,98% (real, nach Abzug der Abbrecher)
Mittlere Warteschlangenlänge E[NQ]=2,84
Mittlere Anzahl an Kunden im System E[N]=4,44
Mittlere Wartezeit E[W]=141,98 (in Sekunden)
Mittlere Verweilzeit E[V]=221,96 (in Sekunden)
Abbrecherquote P(A)=0%</ModellBeschreibung>
  <ModellKunden>10000000</ModellKunden>
  <ModellAufwaermphase>0.05</ModellAufwaermphase>
  <ModellElemente>
    <ModellElementBedienstation id="1">
      <ModellElementGroesse h="50" w="100" x="250" y="100"/>
      <ModellElementVerbindung Element="4" Typ="Einlaufend"/>
      <ModellElementVerbindung Element="5" Typ="Auslaufend"/>
      <ModellElementVerteilung Typ="Bedienzeiten">Exponentialverteilung (80)</ModellElementVerteilung>
      <ModellElementPrioritaet Kundentyp="Kunden">w</ModellElementPrioritaet>
      <ModellElementBediener Anzahl="1" Gruppe="Bedienergruppe"/>
    </ModellElementBedienstation>
    <ModellElementQuelle id="2">
      <ModellElementName>Kunden</ModellElementName>
      <ModellElementGroesse h="50" w="100" x="50" y="100"/>
      <ModellElementVerbindung Element="4" Typ="Auslaufend"/>
      <ModellElementVerteilung>Exponentialverteilung (50)</ModellElementVerteilung>
    </ModellElementQuelle>
    <ModellElementEnde id="3">
      <ModellElementGroesse h="50" w="100" x="450" y="100"/>
      <ModellElementVerbindung Element="5" Typ="Einlaufend"/>
    </ModellElementEnde>
    <ModellElementKante id="4">
      <ModellElementName>Ankünfte (Kunden)</ModellElementName>
      <ModellElementVerbindung Element1="2" Element2="1" Typ="Kante"/>
    </ModellElementKante>
    <ModellElementKante id="5">
      <ModellElementVerbindung Element1="1" Element2="3" Typ="Kante"/>
    </ModellElementKante>
  </ModellElemente>
  <Ressourcen>
    <Ressource Name="Bedienergruppe">2</Ressource>
  </Ressourcen>
</Modell>
