<?xml version="1.0" encoding="UTF-8" standalone="no"?>
<!DOCTYPE Modell SYSTEM "https://qs.highfives.io/xml/Simulator.dtd">
<Modell xmlns="https://qs.highfives.io" xmlns:xsi="http://www.w3.org/2001/XMLSchema-instance" xsi:schemaLocation="https://qs.highfives.io https://qs.highfives.io/xml/Simulator.xsd">
  <ModellVersion>1.0.0</ModellVersion>
  <ModellName>Erlang-C-Vergleichsmodell</ModellName>
  <ModellBeschreibung>Kenngrößen des Modells (für die Erlang-C-Formel):

lambda=0,6 (pro Minute)
1/mu=1,333 (Minuten)
1/nu=infty (Minuten)
c=1

Erlang-C-Rechner Vergleichswerte:

Arbeitslast a=0,8
Auslastung (rho)=79,98%
Auslastung (rho)=79,98% (real, nach Abzug der Abbrecher)
Mittlere Warteschlangenlänge E[NQ]=3,19
Mittlere Anzahl an Kunden im System E[N]=3,99
Mittlere Wartezeit E[W]=319,5 (in Sekunden)
Mittlere Verweilzeit E[V]=399,48 (in Sekunden)
Abbrecherquote P(A)=0%

siehe auch:
https://www.mathematik.tu-clausthal.de/interaktiv/warteschlangentheorie/erlang-c/</ModellBeschreibung>
  <ModellKunden Aktiv="1">5000000</ModellKunden>
  <ModellAufwaermphase>0.05</ModellAufwaermphase>
  <ModellAbbruchbedingung Aktiv="0"/>
  <ModellAbbruchzeit Aktiv="0">10:00:00:00</ModellAbbruchzeit>
  <ModellZufallszahlenStartwert Aktiv="0">0</ModellZufallszahlenStartwert>
  <ModellElemente>
    <ModellElementBedienstation id="1">
      <ModellElementGroesse h="50" w="100" x="300" y="100"/>
      <ModellElementVerbindung Element="4" Typ="Einlaufend"/>
      <ModellElementVerbindung Element="5" Typ="Auslaufend"/>
      <ModellElementVerteilung Status="Bedienzeit" Typ="Bedienzeiten" Zeitbasis="Sekunden">Exponentialverteilung (80)</ModellElementVerteilung>
      <ModellElementPrioritaet Kundentyp="Kunden">w</ModellElementPrioritaet>
      <ModellElementPrioritaet Kundentyp="KundenA">w</ModellElementPrioritaet>
      <ModellElementPrioritaet Kundentyp="KundenB">w+1000</ModellElementPrioritaet>
      <ModellElementBediener Alternative="1" Anzahl="1" Gruppe="Bedienergruppe"/>
      <ModellElementBedienerPrioritaet>1</ModellElementBedienerPrioritaet>
    </ModellElementBedienstation>
    <ModellElementQuelle id="2">
      <ModellElementName>Kunden</ModellElementName>
      <ModellElementGroesse h="50" w="100" x="50" y="100"/>
      <ModellElementVerbindung Element="4" Typ="Auslaufend"/>
      <ModellElementVerteilung Zeitbasis="Sekunden">Exponentialverteilung (100)</ModellElementVerteilung>
    </ModellElementQuelle>
    <ModellElementEnde id="3">
      <ModellElementGroesse h="50" w="100" x="550" y="100"/>
      <ModellElementVerbindung Element="5" Typ="Einlaufend"/>
    </ModellElementEnde>
    <ModellElementKante id="4">
      <ModellElementName>Ankünfte (Kunden)</ModellElementName>
      <ModellElementVerbindung Element1="2" Element2="1" Typ="Kante"/>
    </ModellElementKante>
    <ModellElementKante id="5">
      <ModellElementVerbindung Element1="1" Element2="3" Typ="Kante"/>
    </ModellElementKante>
    <ModellElementText id="6">
      <ModellElementGroesse h="23" w="282" x="50" y="50"/>
      <ModellElementTextzeile>Erlang-C-Warteschlangenmodell</ModellElementTextzeile>
      <ModellElementSchriftgrosse fett="1">18</ModellElementSchriftgrosse>
      <ModellElementFarbe>0,0,0</ModellElementFarbe>
    </ModellElementText>
    <ModellElementText id="7">
      <ModellElementGroesse h="19" w="561" x="50" y="180"/>
      <ModellElementTextzeile>Dieses einfache Modell kann vollständig durch die Erlang-C-Formel beschrieben werden.</ModellElementTextzeile>
      <ModellElementSchriftgrosse kursiv="1">14</ModellElementSchriftgrosse>
      <ModellElementFarbe>0,0,0</ModellElementFarbe>
    </ModellElementText>
    <ModellElementAnimationLinienDiagramm id="8">
      <ModellElementGroesse h="230" w="600" x="50" y="270"/>
      <ModellElementLinienBreite>1</ModellElementLinienBreite>
      <ModellElementLinienFarbe>0,0,0</ModellElementLinienFarbe>
      <ModellElementHintergrundfarbe>240,240,240</ModellElementHintergrundfarbe>
      <ModellElementDiagrammElement Linienbreite="1" Linienfarbe="0,0,255" Maximum="10" Minimum="0">WIP(1)</ModellElementDiagrammElement>
      <ModellElementDiagrammElement Linienbreite="3" Linienfarbe="0,0,255" Maximum="10" Minimum="0">WIP_avg(1)</ModellElementDiagrammElement>
      <ModellElementDiagrammZeitbereich>18000</ModellElementDiagrammZeitbereich>
    </ModellElementAnimationLinienDiagramm>
    <ModellElementText id="9">
      <ModellElementGroesse h="19" w="610" x="50" y="250"/>
      <ModellElementTextzeile>Anzahl an Kunden an der Bedienstation (aktueller Wert und Mittelwert über die gesamte Laufzeit)</ModellElementTextzeile>
      <ModellElementSchriftgrosse>14</ModellElementSchriftgrosse>
      <ModellElementFarbe>0,0,255</ModellElementFarbe>
    </ModellElementText>
    <ModellElementAnimationBalkenDiagramm id="10">
      <ModellElementGroesse h="230" w="350" x="700" y="270"/>
      <ModellElementLinienBreite>1</ModellElementLinienBreite>
      <ModellElementLinienFarbe>0,0,0</ModellElementLinienFarbe>
      <ModellElementHintergrundfarbe>240,240,240</ModellElementHintergrundfarbe>
      <ModellElementMaximalwert>0.5</ModellElementMaximalwert>
      <ModellElementDiagrammElement Balkenfarbe="0,0,255">WIP_hist(1;0)</ModellElementDiagrammElement>
      <ModellElementDiagrammElement Balkenfarbe="0,195,0">WIP_hist(1;1)</ModellElementDiagrammElement>
      <ModellElementDiagrammElement Balkenfarbe="255,0,0">WIP_hist(1;2)</ModellElementDiagrammElement>
      <ModellElementDiagrammElement Balkenfarbe="255,0,0">WIP_hist(1;3)</ModellElementDiagrammElement>
      <ModellElementDiagrammElement Balkenfarbe="255,0,0">WIP_hist(1;4)</ModellElementDiagrammElement>
      <ModellElementDiagrammElement Balkenfarbe="255,0,0">WIP_hist(1;5)</ModellElementDiagrammElement>
      <ModellElementDiagrammElement Balkenfarbe="255,0,0">WIP_hist(1;6)</ModellElementDiagrammElement>
      <ModellElementDiagrammElement Balkenfarbe="255,0,0">WIP_hist(1;7)</ModellElementDiagrammElement>
      <ModellElementDiagrammElement Balkenfarbe="255,0,0">WIP_hist(1;8)</ModellElementDiagrammElement>
      <ModellElementDiagrammElement Balkenfarbe="255,0,0">WIP_hist(1;9)</ModellElementDiagrammElement>
      <ModellElementDiagrammElement Balkenfarbe="255,0,0">WIP_hist(1;10)</ModellElementDiagrammElement>
      <ModellElementDiagrammElement Balkenfarbe="255,165,0">WIP_hist(1;10;1000)</ModellElementDiagrammElement>
    </ModellElementAnimationBalkenDiagramm>
    <ModellElementText id="11">
      <ModellElementGroesse h="19" w="360" x="700" y="250"/>
      <ModellElementTextzeile>Zeitanteile der Anzahlen an Kunden an der Bedienstation</ModellElementTextzeile>
      <ModellElementSchriftgrosse>14</ModellElementSchriftgrosse>
      <ModellElementFarbe>0,0,255</ModellElementFarbe>
    </ModellElementText>
    <ModellElementText id="12">
      <ModellElementGroesse h="16" w="220" x="700" y="500"/>
      <ModellElementTextzeile>(blau=0, grün=1, rot=2..10, orange=11...)</ModellElementTextzeile>
      <ModellElementSchriftgrosse>12</ModellElementSchriftgrosse>
      <ModellElementFarbe>0,0,0</ModellElementFarbe>
    </ModellElementText>
  </ModellElemente>
  <Ressourcen>
    <Ressource Name="Bedienergruppe" Typ="Anzahl" Wert="1">
      <RessourceAusfall AusfallNachKundenanzahl="3" AusfallVerteilung="Ein-Punkt-Verteilung (60)"/>
      <RessourceAusfall AusfallNachKundenanzahl="5" AusfallVerteilung="Ein-Punkt-Verteilung (70)"/>
    </Ressource>
  </Ressourcen>
  <KundentypenDaten/>
  <ModellZeitplaene/>
</Modell>
