<?xml version="1.0" encoding="UTF-8" standalone="no"?>
<!DOCTYPE Modell SYSTEM "https://qs.highfives.io/xml/Simulator.dtd">
<Modell xmlns="https://qs.highfives.io" xmlns:xsi="http://www.w3.org/2001/XMLSchema-instance" xsi:schemaLocation="https://qs.highfives.io https://qs.highfives.io/xml/Simulator.xsd">
  <ModellVersion>3.5.0</ModellVersion>
  <ModellAutor>Alexander Herzog</ModellAutor>
  <ModellKunden Aktiv="1">10000000</ModellKunden>
  <ModellAufwaermphase>0.05</ModellAufwaermphase>
  <ModellAbbruchzeit Aktiv="0">10:00:00:00</ModellAbbruchzeit>
  <ModellElemente>
    <ModellElementKasten id="1">
      <ModellElementGroesse h="280" w="450" x="195" y="200"/>
      <ModellElementLinienBreite>2</ModellElementLinienBreite>
      <ModellElementFarbe>0,0,0</ModellElementFarbe>
      <ModellElementHintergrundfarbe Alpha="0.5">255,0,0</ModellElementHintergrundfarbe>
      <ModellElementHintergrundfarbeFarbverlauf>0,0,255</ModellElementHintergrundfarbeFarbverlauf>
    </ModellElementKasten>
    <ModellElementEllipse id="2">
      <ModellElementGroesse h="195" w="225" x="85" y="90"/>
      <ModellElementLinienBreite>2</ModellElementLinienBreite>
      <ModellElementFarbe>0,0,0</ModellElementFarbe>
      <ModellElementHintergrundfarbe Alpha="0.7">0,135,0</ModellElementHintergrundfarbe>
      <ModellElementHintergrundfarbeFarbverlauf>255,255,0</ModellElementHintergrundfarbeFarbverlauf>
    </ModellElementEllipse>
  </ModellElemente>
  <Ressourcen UntergeordnetePrioritaet="Zufaellig"/>
  <KundentypenDaten/>
  <ModellKantenNormal Breite="1" Farbe="0,0,0" Typ="0"/>
  <ModellKantenSelektiert Breite="1" Typ="0"/>
  <ModellElementVerbindungsdarstellungsart>Abgerundet abgewinkelt</ModellElementVerbindungsdarstellungsart>
</Modell>
