<?xml version="1.0" encoding="UTF-8" standalone="no"?>
<!DOCTYPE Modell SYSTEM "https://qs.highfives.io/xml/Simulator.dtd">
<Modell xmlns="https://qs.highfives.io" xmlns:xsi="http://www.w3.org/2001/XMLSchema-instance" xsi:schemaLocation="https://qs.highfives.io https://qs.highfives.io/xml/Simulator.xsd">
  <ModellVersion>1.4.0</ModellVersion>
  <ModellName/>
  <ModellBeschreibung/>
  <ModellAutor>Alexa</ModellAutor>
  <ModellKunden Aktiv="1">10000000</ModellKunden>
  <ModellAufwaermphase>0.05</ModellAufwaermphase>
  <ModellAbbruchbedingung Aktiv="0"/>
  <ModellAbbruchzeit Aktiv="0">10:00:00:00</ModellAbbruchzeit>
  <ModellZufallszahlenStartwert Aktiv="0">0</ModellZufallszahlenStartwert>
  <ModellElemente>
    <ModellElementQuelle id="2">
      <ModellElementName>Kunden</ModellElementName>
      <ModellElementGroesse h="50" w="100" x="50" y="50"/>
      <ModellElementVerbindung Element="4" Typ="Auslaufend"/>
      <ModellElementAusdruck Anzahl="20" Zeitbasis="Sekunden">100</ModellElementAusdruck>
    </ModellElementQuelle>
    <ModellElementVerzoegerung id="3">
      <ModellElementGroesse h="50" w="100" x="400" y="50"/>
      <ModellElementVerbindung Element="7" Typ="Einlaufend"/>
      <ModellElementVerbindung Element="6" Typ="Auslaufend"/>
      <ModellElementAusdruck Typ="Bedienzeit" Zeitbasis="Sekunden">20</ModellElementAusdruck>
    </ModellElementVerzoegerung>
    <ModellElementEnde id="5">
      <ModellElementGroesse h="50" w="100" x="550" y="50"/>
      <ModellElementVerbindung Element="6" Typ="Einlaufend"/>
    </ModellElementEnde>
    <ModellElementKante id="6">
      <ModellElementVerbindung Element1="3" Element2="5" Typ="Kante"/>
    </ModellElementKante>
    <ModellElementAnimationText id="8">
      <ModellElementName>Variable a</ModellElementName>
      <ModellElementGroesse h="30" w="69" x="255" y="230"/>
      <ModellElementSchriftgrosse>14</ModellElementSchriftgrosse>
      <ModellElementFarbe>0,0,0</ModellElementFarbe>
      <ModellElementAnimationsmodus Art="Zahlenwert">a</ModellElementAnimationsmodus>
    </ModellElementAnimationText>
    <ModellElementEingabeJS id="1">
      <ModellElementGroesse h="50" w="100" x="250" y="50"/>
      <ModellElementVerbindung Element="4" Typ="Einlaufend"/>
      <ModellElementVerbindung Element="7" Typ="Auslaufend"/>
      <ModellElementSkript>Simulation.set("a",Simulation.getInput());</ModellElementSkript>
      <ModellElementEingabeJSDatei Dateiende="Ueberspringen">C:\Users\Alexa\Documents\Java\workspace-simulator\Sonstiges\TestModelle\InputDaten.txt</ModellElementEingabeJSDatei>
    </ModellElementEingabeJS>
    <ModellElementKante id="4">
      <ModellElementName>Ankünfte (Kunden)</ModellElementName>
      <ModellElementVerbindung Element1="2" Element2="1" Typ="Kante"/>
    </ModellElementKante>
    <ModellElementKante id="7">
      <ModellElementVerbindung Element1="1" Element2="3" Typ="Kante"/>
    </ModellElementKante>
  </ModellElemente>
  <KundentypenDaten/>
  <InitialeVariable Name="a">0</InitialeVariable>
</Modell>
