<?xml version="1.0" encoding="UTF-8" standalone="no"?>
<!DOCTYPE Modell SYSTEM "https://qs.highfives.io/xml/Simulator.dtd">
<Modell xmlns="https://qs.highfives.io" xmlns:xsi="http://www.w3.org/2001/XMLSchema-instance" xsi:schemaLocation="https://qs.highfives.io https://qs.highfives.io/xml/Simulator.xsd">
  <ModellVersion>2.4.0</ModellVersion>
  <ModellAutor>Alexander Herzog</ModellAutor>
  <ModellKunden Aktiv="1">10000000</ModellKunden>
  <ModellAufwaermphase>0.05</ModellAufwaermphase>
  <ModellAbbruchzeit Aktiv="0">10:00:00:00</ModellAbbruchzeit>
  <ModellElemente>
    <ModellElementQuelle id="1">
      <ModellElementName>Kunden</ModellElementName>
      <ModellElementGroesse h="50" w="100" x="50" y="100"/>
      <ModellElementVerbindung Element="3" Typ="Auslaufend"/>
      <ModellElementVerteilung Zeitbasis="Sekunden">Exponentialverteilung (60)</ModellElementVerteilung>
    </ModellElementQuelle>
    <ModellElementEnde id="4">
      <ModellElementGroesse h="50" w="100" x="450" y="100"/>
      <ModellElementVerbindung Element="5" Typ="Einlaufend"/>
    </ModellElementEnde>
    <ModellElementScriptDateiausgabe id="2">
      <ModellElementGroesse h="50" w="100" x="250" y="100"/>
      <ModellElementVerbindung Element="3" Typ="Einlaufend"/>
      <ModellElementVerbindung Element="5" Typ="Auslaufend"/>
      <ModellElementAusgabeskript Sprache="Java">void function(SimulationInterface sim) {
  sim.getOutput().println(sim.getSystem().getTime());
}</ModellElementAusgabeskript>
      <ModellElementAusgabedatei>C:\Users\Alexa\Documents\Java\workspace-simulator\Java-OutputJS.txt</ModellElementAusgabedatei>
    </ModellElementScriptDateiausgabe>
    <ModellElementKante id="3">
      <ModellElementName>Ankünfte (Kunden)</ModellElementName>
      <ModellElementVerbindung Element1="1" Element2="2" Typ="Kante"/>
    </ModellElementKante>
    <ModellElementKante id="5">
      <ModellElementVerbindung Element1="2" Element2="4" Typ="Kante"/>
    </ModellElementKante>
  </ModellElemente>
  <Ressourcen UntergeordnetePrioritaet="Zufaellig"/>
  <KundentypenDaten/>
  <InitialeVariable Name="a">0</InitialeVariable>
</Modell>
