<?xml version="1.0" encoding="UTF-8" standalone="no"?>
<!DOCTYPE Modell SYSTEM "https://qs.highfives.io/xml/Simulator.dtd">
<Modell xmlns="https://qs.highfives.io" xmlns:xsi="http://www.w3.org/2001/XMLSchema-instance" xsi:schemaLocation="https://qs.highfives.io https://qs.highfives.io/xml/Simulator.xsd">
  <ModellVersion>2.4.0</ModellVersion>
  <ModellAutor>Alexa</ModellAutor>
  <ModellKunden Aktiv="1">10000000</ModellKunden>
  <ModellAufwaermphase>0.05</ModellAufwaermphase>
  <ModellAbbruchzeit Aktiv="0">10:00:00:00</ModellAbbruchzeit>
  <ModellElemente>
    <ModellElementQuelle id="1">
      <ModellElementName>Kunden</ModellElementName>
      <ModellElementGroesse h="50" w="100" x="50" y="50"/>
      <ModellElementVerbindung Element="3" Typ="Auslaufend"/>
      <ModellElementVerteilung Zeitbasis="Sekunden">Exponentialverteilung (60)</ModellElementVerteilung>
    </ModellElementQuelle>
    <ModellElementSkript id="2">
      <ModellElementGroesse h="50" w="100" x="250" y="50"/>
      <ModellElementVerbindung Element="3" Typ="Einlaufend"/>
      <ModellElementVerbindung Element="5" Typ="Auslaufend"/>
      <ModellElementSkriptText Sprache="Java">void function(SimulationInterface sim) {
  sim.getSystem().set("a",sim.getClient().getNumber());
}</ModellElementSkriptText>
    </ModellElementSkript>
    <ModellElementKante id="3">
      <ModellElementName>Ankünfte (Kunden)</ModellElementName>
      <ModellElementVerbindung Element1="1" Element2="2" Typ="Kante"/>
    </ModellElementKante>
    <ModellElementEnde id="4">
      <ModellElementGroesse h="50" w="100" x="400" y="50"/>
      <ModellElementVerbindung Element="5" Typ="Einlaufend"/>
    </ModellElementEnde>
    <ModellElementKante id="5">
      <ModellElementVerbindung Element1="2" Element2="4" Typ="Kante"/>
    </ModellElementKante>
    <ModellElementAnimationText id="6">
      <ModellElementName>a=</ModellElementName>
      <ModellElementGroesse h="30" w="78" x="250" y="150"/>
      <ModellElementSchriftgrosse fett="1">14</ModellElementSchriftgrosse>
      <ModellElementFarbe>0,0,0</ModellElementFarbe>
      <ModellElementAnimationsmodus Art="Zahlenwert">a</ModellElementAnimationsmodus>
    </ModellElementAnimationText>
  </ModellElemente>
  <Ressourcen UntergeordnetePrioritaet="Zufaellig"/>
  <KundentypenDaten/>
  <InitialeVariable Name="a">0</InitialeVariable>
</Modell>