<?xml version="1.0" encoding="UTF-8" standalone="no"?>
<!DOCTYPE Modell SYSTEM "https://qs.highfives.io/xml/Simulator.dtd">
<Modell xmlns="https://qs.highfives.io" xmlns:xsi="http://www.w3.org/2001/XMLSchema-instance" xsi:schemaLocation="https://qs.highfives.io https://qs.highfives.io/xml/Simulator.xsd">
  <ModellVersion>2.4.0</ModellVersion>
  <ModellAutor>Alexander Herzog</ModellAutor>
  <ModellKunden Aktiv="1">10000000</ModellKunden>
  <ModellAufwaermphase>0.05</ModellAufwaermphase>
  <ModellAbbruchzeit Aktiv="0">10:00:00:00</ModellAbbruchzeit>
  <ModellElemente>
    <ModellElementQuelle id="1">
      <ModellElementName>KundenA</ModellElementName>
      <ModellElementGroesse h="50" w="100" x="50" y="50"/>
      <ModellElementVerbindung Element="10" Typ="Auslaufend"/>
      <ModellElementVerteilung Zeitbasis="Sekunden">Exponentialverteilung (60)</ModellElementVerteilung>
    </ModellElementQuelle>
    <ModellElementQuelle id="2">
      <ModellElementName>KundenB</ModellElementName>
      <ModellElementGroesse h="50" w="100" x="50" y="250"/>
      <ModellElementVerbindung Element="4" Typ="Auslaufend"/>
      <ModellElementVerteilung Zeitbasis="Sekunden">Exponentialverteilung (60)</ModellElementVerteilung>
    </ModellElementQuelle>
    <ModellElementVerzweigenJS id="3">
      <ModellElementGroesse h="50" w="100" x="250" y="150"/>
      <ModellElementVerzweigenSkript Sprache="Java">void function(SimulationInterface sim) {
  if (sim.getClient().getTypeName().equals("KundenA")) {
    sim.getOutput().println(1);
  } else {
    sim.getOutput().println(2);
  }
}</ModellElementVerzweigenSkript>
      <ModellElementVerbindung Element="4" Typ="Einlaufend"/>
      <ModellElementVerbindung Element="10" Typ="Einlaufend"/>
      <ModellElementVerbindung Element="6" Typ="Auslaufend"/>
      <ModellElementVerbindung Element="11" Typ="Auslaufend"/>
    </ModellElementVerzweigenJS>
    <ModellElementKante id="4">
      <ModellElementName>Ankünfte (KundenB)</ModellElementName>
      <ModellElementVerbindung Element1="2" Element2="3" Typ="Kante"/>
    </ModellElementKante>
    <ModellElementBedienstation id="5">
      <ModellElementGroesse h="50" w="100" x="450" y="50"/>
      <ModellElementVerbindung Element="6" Typ="Einlaufend"/>
      <ModellElementVerbindung Element="12" Typ="Auslaufend"/>
      <ModellElementVerteilung Status="Bedienzeit" Typ="Bedienzeiten" Zeitbasis="Sekunden">Exponentialverteilung (50)</ModellElementVerteilung>
      <ModellElementPrioritaet Kundentyp="KundenA">w</ModellElementPrioritaet>
      <ModellElementPrioritaet Kundentyp="KundenB">w</ModellElementPrioritaet>
      <ModellElementBediener Alternative="1" Anzahl="1" Gruppe="BedienerA"/>
      <ModellElementBedienerPrioritaet>1</ModellElementBedienerPrioritaet>
    </ModellElementBedienstation>
    <ModellElementKante id="6">
      <ModellElementName>Ausgang 1</ModellElementName>
      <ModellElementVerbindung Element1="3" Element2="5" Typ="Kante"/>
    </ModellElementKante>
    <ModellElementBedienstation id="7">
      <ModellElementGroesse h="50" w="100" x="450" y="250"/>
      <ModellElementVerbindung Element="11" Typ="Einlaufend"/>
      <ModellElementVerbindung Element="9" Typ="Auslaufend"/>
      <ModellElementVerteilung Status="Bedienzeit" Typ="Bedienzeiten" Zeitbasis="Sekunden">Exponentialverteilung (50)</ModellElementVerteilung>
      <ModellElementPrioritaet Kundentyp="KundenA">w</ModellElementPrioritaet>
      <ModellElementPrioritaet Kundentyp="KundenB">w</ModellElementPrioritaet>
      <ModellElementBediener Alternative="1" Anzahl="1" Gruppe="BedienerB"/>
      <ModellElementBedienerPrioritaet>1</ModellElementBedienerPrioritaet>
    </ModellElementBedienstation>
    <ModellElementEnde id="8">
      <ModellElementGroesse h="50" w="100" x="650" y="150"/>
      <ModellElementVerbindung Element="9" Typ="Einlaufend"/>
      <ModellElementVerbindung Element="12" Typ="Einlaufend"/>
    </ModellElementEnde>
    <ModellElementKante id="9">
      <ModellElementVerbindung Element1="7" Element2="8" Typ="Kante"/>
    </ModellElementKante>
    <ModellElementKante id="10">
      <ModellElementName>Ankünfte (KundenA)</ModellElementName>
      <ModellElementVerbindung Element1="1" Element2="3" Typ="Kante"/>
    </ModellElementKante>
    <ModellElementKante id="11">
      <ModellElementName>Ausgang 2</ModellElementName>
      <ModellElementVerbindung Element1="3" Element2="7" Typ="Kante"/>
    </ModellElementKante>
    <ModellElementKante id="12">
      <ModellElementVerbindung Element1="5" Element2="8" Typ="Kante"/>
    </ModellElementKante>
  </ModellElemente>
  <Ressourcen UntergeordnetePrioritaet="Zufaellig">
    <Ressource Name="BedienerA" Typ="Anzahl" Wert="1"/>
    <Ressource Name="BedienerB" Typ="Anzahl" Wert="1"/>
  </Ressourcen>
  <KundentypenDaten>
    <KundenDaten Icon="user_red" Name="KundenB"/>
  </KundentypenDaten>
</Modell>
