<?xml version="1.0" encoding="UTF-8" standalone="no"?>
<!DOCTYPE Modell SYSTEM "http://www.tu-clausthal.de/fileadmin/simulator/Simulator.dtd">
<Modell xmlns="http://www.tu-clausthal.de" xmlns:xsi="http://www.w3.org/2001/XMLSchema-instance" xsi:schemaLocation="http://www.tu-clausthal.de http://www.tu-clausthal.de/fileadmin/simulator/Simulator.xsd">
  <ModellVersion>0.1.1</ModellVersion>
  <ModellName>Erlang-C-Vergleichsmodell</ModellName>
  <ModellBeschreibung>Kenngrößen  des Modells (für die Erlang-C-Formel):

lambda=0,6 (pro Minute)
1/mu=1,333 (Minuten)
1/nu=infty (Minuten)
c=1

Erlang-C-Rechner Vergleichswerte:

Arbeitslast a=0,8
Auslastung (rho)=79,98%
Auslastung (rho)=79,98% (real, nach Abzug der Abbrecher)
Mittlere Warteschlangenlänge E[NQ]=3,19
Mittlere Anzahl an Kunden im System E[N]=3,99
Mittlere Wartezeit E[W]=319,5 (in Sekunden)
Mittlere Verweilzeit E[V]=399,48 (in Sekunden)
Abbrecherquote P(A)=0%

siehe auch:
https://www.mathematik.tu-clausthal.de/interaktiv/warteschlangentheorie/erlang-c/</ModellBeschreibung>
  <ModellKunden Aktiv="1">10000000</ModellKunden>
  <ModellAufwaermphase>0.1</ModellAufwaermphase>
  <ModellAbbruchbedingung Aktiv="0"/>
  <ModellAbbruchzeit Aktiv="0">10:00:00:00</ModellAbbruchzeit>
  <ModellElemente>
    <ModellElementBedienstation id="1">
      <ModellElementGroesse h="50" w="100" x="300" y="100"/>
      <ModellElementVerbindung Element="4" Typ="Einlaufend"/>
      <ModellElementVerbindung Element="5" Typ="Auslaufend"/>
      <ModellElementVerteilung Typ="Bedienzeiten" Zeitbasis="Sekunden">Exponentialverteilung (80)</ModellElementVerteilung>
      <ModellElementPrioritaet Kundentyp="Kunden">w</ModellElementPrioritaet>
      <ModellElementPrioritaet Kundentyp="KundenA">w</ModellElementPrioritaet>
      <ModellElementPrioritaet Kundentyp="KundenB">w+1000</ModellElementPrioritaet>
      <ModellElementBediener Anzahl="1" Gruppe="Bedienergruppe"/>
      <ModellElementBedienerPrioritaet>1</ModellElementBedienerPrioritaet>
      <ModellElementKostenZeit Bediensekunde="1" Nachbearbeitungssekunde="0"/>
    </ModellElementBedienstation>
    <ModellElementQuelle id="2">
      <ModellElementName>Kunden</ModellElementName>
      <ModellElementGroesse h="50" w="100" x="50" y="100"/>
      <ModellElementVerbindung Element="4" Typ="Auslaufend"/>
      <ModellElementVerteilung Zeitbasis="Sekunden">Exponentialverteilung (100)</ModellElementVerteilung>
    </ModellElementQuelle>
    <ModellElementEnde id="3">
      <ModellElementGroesse h="50" w="100" x="550" y="100"/>
      <ModellElementVerbindung Element="5" Typ="Einlaufend"/>
    </ModellElementEnde>
    <ModellElementKante id="4">
      <ModellElementName>Ankünfte (Kunden)</ModellElementName>
      <ModellElementVerbindung Element1="2" Element2="1" Typ="Kante"/>
    </ModellElementKante>
    <ModellElementKante id="5">
      <ModellElementVerbindung Element1="1" Element2="3" Typ="Kante"/>
    </ModellElementKante>
    <ModellElementText id="6">
      <ModellElementName>Erlang-C-Warteschlangenmodell</ModellElementName>
      <ModellElementGroesse h="23" w="282" x="50" y="50"/>
      <ModellElementTextzeile>Erlang-C-Warteschlangenmodell</ModellElementTextzeile>
      <ModellElementSchriftgrosse fett="1">18</ModellElementSchriftgrosse>
      <ModellElementFarbe>0,0,0</ModellElementFarbe>
    </ModellElementText>
    <ModellElementText id="7">
      <ModellElementName>Dieses einfache Modell kann vollständig durch die Erlang-C-Formel beschrieben werden.</ModellElementName>
      <ModellElementGroesse h="19" w="561" x="50" y="180"/>
      <ModellElementTextzeile>Dieses einfache Modell kann vollständig durch die Erlang-C-Formel beschrieben werden.</ModellElementTextzeile>
      <ModellElementSchriftgrosse kursiv="1">14</ModellElementSchriftgrosse>
      <ModellElementFarbe>0,0,0</ModellElementFarbe>
    </ModellElementText>
    <ModellElementAnimationDiagramm id="8">
      <ModellElementGroesse h="230" w="600" x="50" y="270"/>
      <ModellElementLinienBreite>1</ModellElementLinienBreite>
      <ModellElementLinienFarbe>0,0,0</ModellElementLinienFarbe>
      <ModellElementHintergrundFarbe>240,240,240</ModellElementHintergrundFarbe>
      <ModellElementDiagrammElement Linienbreite="1" Linienfarbe="0,0,255" Maximum="10" Minimum="0">WIP(1)</ModellElementDiagrammElement>
      <ModellElementDiagrammElement Linienbreite="3" Linienfarbe="0,0,255" Maximum="10" Minimum="0">WIP_Mittelwert(1)</ModellElementDiagrammElement>
      <ModellElementDiagrammZeitbereich>18000</ModellElementDiagrammZeitbereich>
    </ModellElementAnimationDiagramm>
    <ModellElementText id="9">
      <ModellElementName>Anzahl an Kunden an der Bedienstation</ModellElementName>
      <ModellElementGroesse h="19" w="610" x="50" y="250"/>
      <ModellElementTextzeile>Anzahl an Kunden an der Bedienstation (aktueller Wert und Mittelwert über die gesamte Laufzeit)</ModellElementTextzeile>
      <ModellElementSchriftgrosse>14</ModellElementSchriftgrosse>
      <ModellElementFarbe>0,0,255</ModellElementFarbe>
    </ModellElementText>
  </ModellElemente>
  <Ressourcen>
    <Ressource KostenProArbeitsstunde="3600" KostenProBetriebsstunde="3600" KostenProLeerlaufstunde="3600" Name="Bedienergruppe" Typ="Anzahl">1</Ressource>
  </Ressourcen>
  <KundentypenDaten/>
  <ModellZeitplaene/>
</Modell>
