<?xml version="1.0" encoding="UTF-8" standalone="no"?>
<!DOCTYPE Modell SYSTEM "https://qs.highfives.io/xml/Simulator.dtd">
<Modell xmlns="https://qs.highfives.io" xmlns:xsi="http://www.w3.org/2001/XMLSchema-instance" xsi:schemaLocation="https://qs.highfives.io https://qs.highfives.io/xml/Simulator.xsd">
  <ModellVersion>1.4.0</ModellVersion>
  <ModellName/>
  <ModellBeschreibung/>
  <ModellAutor>Alexa</ModellAutor>
  <ModellKunden Aktiv="1">10000000</ModellKunden>
  <ModellAufwaermphase>0.05</ModellAufwaermphase>
  <ModellAbbruchbedingung Aktiv="0"/>
  <ModellAbbruchzeit Aktiv="0">10:00:00:00</ModellAbbruchzeit>
  <ModellZufallszahlenStartwert Aktiv="0">0</ModellZufallszahlenStartwert>
  <ModellElemente>
    <ModellElementQuelle id="1">
      <ModellElementName>Kunden</ModellElementName>
      <ModellElementGroesse h="50" w="100" x="50" y="50"/>
      <ModellElementVerbindung Element="5" Typ="Auslaufend"/>
      <ModellElementVerteilung Zeitbasis="Sekunden">Exponentialverteilung (60)</ModellElementVerteilung>
    </ModellElementQuelle>
    <ModellElementLogikIf id="2">
      <ModellElementName>true</ModellElementName>
      <ModellElementGroesse h="50" w="50" x="325" y="50"/>
      <ModellElementVerbindung Element="5" Typ="Einlaufend"/>
      <ModellElementVerbindung Element="4" Typ="Auslaufend"/>
      <ModellElementLogikBedingung>1&gt;0</ModellElementLogikBedingung>
    </ModellElementLogikIf>
    <ModellElementVerzoegerung id="3">
      <ModellElementName>ja1</ModellElementName>
      <ModellElementGroesse h="50" w="100" x="300" y="150"/>
      <ModellElementVerbindung Element="4" Typ="Einlaufend"/>
      <ModellElementVerbindung Element="7" Typ="Auslaufend"/>
      <ModellElementVerteilung Typ="Bedienzeit" Zeitbasis="Sekunden">Exponentialverteilung (50)</ModellElementVerteilung>
    </ModellElementVerzoegerung>
    <ModellElementKante id="4">
      <ModellElementVerbindung Element1="2" Element2="3" Typ="Kante"/>
    </ModellElementKante>
    <ModellElementKante id="5">
      <ModellElementName>Ankünfte (Kunden)</ModellElementName>
      <ModellElementVerbindung Element1="1" Element2="2" Typ="Kante"/>
    </ModellElementKante>
    <ModellElementLogikIf id="6">
      <ModellElementName>false</ModellElementName>
      <ModellElementGroesse h="50" w="50" x="450" y="150"/>
      <ModellElementVerbindung Element="7" Typ="Einlaufend"/>
      <ModellElementVerbindung Element="11" Typ="Auslaufend"/>
      <ModellElementLogikBedingung>0&gt;1</ModellElementLogikBedingung>
    </ModellElementLogikIf>
    <ModellElementKante id="7">
      <ModellElementVerbindung Element1="3" Element2="6" Typ="Kante"/>
    </ModellElementKante>
    <ModellElementVerzoegerung id="8">
      <ModellElementName>nein1</ModellElementName>
      <ModellElementGroesse h="50" w="100" x="550" y="150"/>
      <ModellElementVerbindung Element="11" Typ="Einlaufend"/>
      <ModellElementVerbindung Element="10" Typ="Auslaufend"/>
      <ModellElementVerteilung Typ="Bedienzeit" Zeitbasis="Sekunden">Exponentialverteilung (50)</ModellElementVerteilung>
    </ModellElementVerzoegerung>
    <ModellElementLogikElse id="9">
      <ModellElementGroesse h="50" w="50" x="690" y="150"/>
      <ModellElementVerbindung Element="10" Typ="Einlaufend"/>
      <ModellElementVerbindung Element="13" Typ="Auslaufend"/>
    </ModellElementLogikElse>
    <ModellElementKante id="10">
      <ModellElementVerbindung Element1="8" Element2="9" Typ="Kante"/>
    </ModellElementKante>
    <ModellElementKante id="11">
      <ModellElementVerbindung Element1="6" Element2="8" Typ="Kante"/>
    </ModellElementKante>
    <ModellElementVerzoegerung id="12">
      <ModellElementName>ja2</ModellElementName>
      <ModellElementGroesse h="50" w="100" x="800" y="150"/>
      <ModellElementVerbindung Element="13" Typ="Einlaufend"/>
      <ModellElementVerbindung Element="15" Typ="Auslaufend"/>
      <ModellElementVerteilung Typ="Bedienzeit" Zeitbasis="Sekunden">Exponentialverteilung (50)</ModellElementVerteilung>
    </ModellElementVerzoegerung>
    <ModellElementKante id="13">
      <ModellElementVerbindung Element1="9" Element2="12" Typ="Kante"/>
    </ModellElementKante>
    <ModellElementLogikEndIf id="14">
      <ModellElementGroesse h="50" w="50" x="950" y="150"/>
      <ModellElementVerbindung Element="15" Typ="Einlaufend"/>
      <ModellElementVerbindung Element="18" Typ="Auslaufend"/>
    </ModellElementLogikEndIf>
    <ModellElementKante id="15">
      <ModellElementVerbindung Element1="12" Element2="14" Typ="Kante"/>
    </ModellElementKante>
    <ModellElementLogikElse id="16">
      <ModellElementGroesse h="50" w="50" x="325" y="250"/>
      <ModellElementVerbindung Element="19" Typ="Einlaufend"/>
      <ModellElementVerbindung Element="21" Typ="Auslaufend"/>
    </ModellElementLogikElse>
    <ModellElementEcke id="17">
      <ModellElementGroesse h="10" w="10" x="970" y="270"/>
      <ModellElementVerbindung Element="18" Typ="Einlaufend"/>
      <ModellElementVerbindung Element="19" Typ="Auslaufend"/>
    </ModellElementEcke>
    <ModellElementKante id="18">
      <ModellElementVerbindung Element1="14" Element2="17" Typ="Kante"/>
    </ModellElementKante>
    <ModellElementKante id="19">
      <ModellElementVerbindung Element1="17" Element2="16" Typ="Kante"/>
    </ModellElementKante>
    <ModellElementVerzoegerung id="20">
      <ModellElementName>nein2</ModellElementName>
      <ModellElementGroesse h="50" w="100" x="300" y="350"/>
      <ModellElementVerbindung Element="21" Typ="Einlaufend"/>
      <ModellElementVerbindung Element="24" Typ="Auslaufend"/>
      <ModellElementVerteilung Typ="Bedienzeit" Zeitbasis="Sekunden">Exponentialverteilung (50)</ModellElementVerteilung>
    </ModellElementVerzoegerung>
    <ModellElementKante id="21">
      <ModellElementVerbindung Element1="16" Element2="20" Typ="Kante"/>
    </ModellElementKante>
    <ModellElementEnde id="22">
      <ModellElementGroesse h="50" w="100" x="55" y="450"/>
      <ModellElementVerbindung Element="25" Typ="Einlaufend"/>
    </ModellElementEnde>
    <ModellElementLogikEndIf id="23">
      <ModellElementGroesse h="50" w="50" x="325" y="450"/>
      <ModellElementVerbindung Element="24" Typ="Einlaufend"/>
      <ModellElementVerbindung Element="25" Typ="Auslaufend"/>
    </ModellElementLogikEndIf>
    <ModellElementKante id="24">
      <ModellElementVerbindung Element1="20" Element2="23" Typ="Kante"/>
    </ModellElementKante>
    <ModellElementKante id="25">
      <ModellElementVerbindung Element1="23" Element2="22" Typ="Kante"/>
    </ModellElementKante>
  </ModellElemente>
  <Ressourcen>
    <Ressource Name="Bediener A" Typ="Anzahl" Wert="1"/>
    <Ressource Name="Bediener B" Typ="Anzahl" Wert="1"/>
  </Ressourcen>
  <KundentypenDaten/>
</Modell>
