<?xml version="1.0" encoding="UTF-8" standalone="no"?>
<!DOCTYPE Modell SYSTEM "https://qs.highfives.io/xml/Simulator.dtd">
<Modell xmlns="https://qs.highfives.io" xmlns:xsi="http://www.w3.org/2001/XMLSchema-instance" xsi:schemaLocation="https://qs.highfives.io https://qs.highfives.io/xml/Simulator.xsd">
  <ModellVersion>1.4.0</ModellVersion>
  <ModellName/>
  <ModellBeschreibung/>
  <ModellAutor>Alexa</ModellAutor>
  <ModellKunden Aktiv="1">10000000</ModellKunden>
  <ModellAufwaermphase>0.05</ModellAufwaermphase>
  <ModellAbbruchbedingung Aktiv="0"/>
  <ModellAbbruchzeit Aktiv="0">10:00:00:00</ModellAbbruchzeit>
  <ModellZufallszahlenStartwert Aktiv="0">0</ModellZufallszahlenStartwert>
  <ModellElemente>
    <ModellElementQuelle id="1">
      <ModellElementName>KundenA</ModellElementName>
      <ModellElementGroesse h="50" w="100" x="50" y="50"/>
      <ModellElementVerbindung Element="3" Typ="Auslaufend"/>
      <ModellElementVerteilung Anzahl="1" Zeitbasis="Sekunden">Exponentialverteilung (60)</ModellElementVerteilung>
    </ModellElementQuelle>
    <ModellElementVariable id="2">
      <ModellElementName>Var=3</ModellElementName>
      <ModellElementGroesse h="50" w="100" x="250" y="50"/>
      <ModellElementVerbindung Element="3" Typ="Einlaufend"/>
      <ModellElementVerbindung Element="5" Typ="Auslaufend"/>
      <ModellElementVariablenzuweisung Variable="ClientData(1)">3</ModellElementVariablenzuweisung>
    </ModellElementVariable>
    <ModellElementKante id="3">
      <ModellElementName>Ankünfte (KundenA)</ModellElementName>
      <ModellElementVerbindung Element1="1" Element2="2" Typ="Kante"/>
    </ModellElementKante>
    <ModellElementLogikWhile id="4">
      <ModellElementName>Var&gt;0</ModellElementName>
      <ModellElementGroesse h="50" w="50" x="400" y="50"/>
      <ModellElementVerbindung Element="5" Typ="Einlaufend"/>
      <ModellElementVerbindung Element="16" Typ="Auslaufend"/>
      <ModellElementLogikBedingung>ClientData(1)&gt;0</ModellElementLogikBedingung>
    </ModellElementLogikWhile>
    <ModellElementKante id="5">
      <ModellElementVerbindung Element1="2" Element2="4" Typ="Kante"/>
    </ModellElementKante>
    <ModellElementVariable id="6">
      <ModellElementName>Var--</ModellElementName>
      <ModellElementGroesse h="50" w="100" x="500" y="50"/>
      <ModellElementVerbindung Element="16" Typ="Einlaufend"/>
      <ModellElementVerbindung Element="8" Typ="Auslaufend"/>
      <ModellElementVariablenzuweisung Variable="ClientData(1)">ClientData(1)-1</ModellElementVariablenzuweisung>
    </ModellElementVariable>
    <ModellElementVerzoegerung id="7">
      <ModellElementGroesse h="50" w="100" x="650" y="50"/>
      <ModellElementVerbindung Element="8" Typ="Einlaufend"/>
      <ModellElementVerbindung Element="17" Typ="Einlaufend"/>
      <ModellElementVerbindung Element="10" Typ="Auslaufend"/>
      <ModellElementVerteilung Typ="Bedienzeit" Zeitbasis="Sekunden">Exponentialverteilung (50)</ModellElementVerteilung>
    </ModellElementVerzoegerung>
    <ModellElementKante id="8">
      <ModellElementVerbindung Element1="6" Element2="7" Typ="Kante"/>
    </ModellElementKante>
    <ModellElementLogikEndWhile id="9">
      <ModellElementGroesse h="50" w="50" x="800" y="50"/>
      <ModellElementVerbindung Element="10" Typ="Einlaufend"/>
      <ModellElementVerbindung Element="12" Typ="Auslaufend"/>
    </ModellElementLogikEndWhile>
    <ModellElementKante id="10">
      <ModellElementVerbindung Element1="7" Element2="9" Typ="Kante"/>
    </ModellElementKante>
    <ModellElementEnde id="11">
      <ModellElementGroesse h="50" w="100" x="900" y="50"/>
      <ModellElementVerbindung Element="12" Typ="Einlaufend"/>
    </ModellElementEnde>
    <ModellElementKante id="12">
      <ModellElementVerbindung Element1="9" Element2="11" Typ="Kante"/>
    </ModellElementKante>
    <ModellElementQuelle id="13">
      <ModellElementName>KundenB</ModellElementName>
      <ModellElementGroesse h="50" w="100" x="50" y="150"/>
      <ModellElementVerbindung Element="15" Typ="Auslaufend"/>
      <ModellElementVerteilung Anzahl="1" Zeitbasis="Sekunden">Exponentialverteilung (60)</ModellElementVerteilung>
      <ModellElementStartZeitpunkt>3600</ModellElementStartZeitpunkt>
    </ModellElementQuelle>
    <ModellElementVariable id="14">
      <ModellElementName>Var=3</ModellElementName>
      <ModellElementGroesse h="50" w="100" x="500" y="150"/>
      <ModellElementVerbindung Element="15" Typ="Einlaufend"/>
      <ModellElementVerbindung Element="17" Typ="Auslaufend"/>
      <ModellElementVariablenzuweisung Variable="ClientData(1)">3</ModellElementVariablenzuweisung>
    </ModellElementVariable>
    <ModellElementKante id="15">
      <ModellElementName>Ankünfte (KundenB)</ModellElementName>
      <ModellElementVerbindung Element1="13" Element2="14" Typ="Kante"/>
    </ModellElementKante>
    <ModellElementKante id="16">
      <ModellElementVerbindung Element1="4" Element2="6" Typ="Kante"/>
    </ModellElementKante>
    <ModellElementKante id="17">
      <ModellElementVerbindung Element1="14" Element2="7" Typ="Kante"/>
    </ModellElementKante>
  </ModellElemente>
  <KundentypenDaten>
    <KundenDaten Icon="user_red" Name="KundenB"/>
  </KundentypenDaten>
</Modell>
