<?xml version="1.0" encoding="UTF-8" standalone="no"?>
<!DOCTYPE Modell SYSTEM "https://qs.highfives.io/xml/Simulator.dtd">
<Modell xmlns="https://qs.highfives.io" xmlns:xsi="http://www.w3.org/2001/XMLSchema-instance" xsi:schemaLocation="https://qs.highfives.io https://qs.highfives.io/xml/Simulator.xsd">
  <ModellVersion>1.4.0</ModellVersion>
  <ModellName/>
  <ModellBeschreibung/>
  <ModellAutor>Alexa</ModellAutor>
  <ModellKunden Aktiv="1">10000000</ModellKunden>
  <ModellAufwaermphase>0.05</ModellAufwaermphase>
  <ModellAbbruchbedingung Aktiv="0"/>
  <ModellAbbruchzeit Aktiv="0">10:00:00:00</ModellAbbruchzeit>
  <ModellZufallszahlenStartwert Aktiv="0">0</ModellZufallszahlenStartwert>
  <ModellElemente>
    <ModellElementQuelle id="1">
      <ModellElementName>Kunden</ModellElementName>
      <ModellElementGroesse h="50" w="100" x="50" y="50"/>
      <ModellElementVerbindung Element="3" Typ="Auslaufend"/>
      <ModellElementVerteilung Zeitbasis="Sekunden">Exponentialverteilung (60)</ModellElementVerteilung>
    </ModellElementQuelle>
    <ModellElementLogikIf id="2">
      <ModellElementGroesse h="50" w="50" x="250" y="50"/>
      <ModellElementVerbindung Element="3" Typ="Einlaufend"/>
      <ModellElementVerbindung Element="5" Typ="Auslaufend"/>
      <ModellElementLogikBedingung>N(4)&lt;N(8) || (N(4)==N(8) &amp;&amp; Random()&lt;0,5)</ModellElementLogikBedingung>
    </ModellElementLogikIf>
    <ModellElementKante id="3">
      <ModellElementName>Ankünfte (Kunden)</ModellElementName>
      <ModellElementVerbindung Element1="1" Element2="2" Typ="Kante"/>
    </ModellElementKante>
    <ModellElementBedienstation id="4">
      <ModellElementName>A</ModellElementName>
      <ModellElementGroesse h="50" w="100" x="350" y="50"/>
      <ModellElementVerbindung Element="5" Typ="Einlaufend"/>
      <ModellElementVerbindung Element="7" Typ="Auslaufend"/>
      <ModellElementVerteilung Status="Bedienzeit" Typ="Bedienzeiten" Zeitbasis="Sekunden">Exponentialverteilung (50)</ModellElementVerteilung>
      <ModellElementPrioritaet Kundentyp="Kunden">w</ModellElementPrioritaet>
      <ModellElementBediener Alternative="1" Anzahl="1" Gruppe="Bediener A"/>
      <ModellElementBedienerPrioritaet>1</ModellElementBedienerPrioritaet>
    </ModellElementBedienstation>
    <ModellElementKante id="5">
      <ModellElementVerbindung Element1="2" Element2="4" Typ="Kante"/>
    </ModellElementKante>
    <ModellElementLogikElse id="6">
      <ModellElementGroesse h="50" w="50" x="500" y="50"/>
      <ModellElementVerbindung Element="7" Typ="Einlaufend"/>
      <ModellElementVerbindung Element="9" Typ="Auslaufend"/>
    </ModellElementLogikElse>
    <ModellElementKante id="7">
      <ModellElementVerbindung Element1="4" Element2="6" Typ="Kante"/>
    </ModellElementKante>
    <ModellElementBedienstation id="8">
      <ModellElementName>B</ModellElementName>
      <ModellElementGroesse h="50" w="100" x="600" y="50"/>
      <ModellElementVerbindung Element="9" Typ="Einlaufend"/>
      <ModellElementVerbindung Element="11" Typ="Auslaufend"/>
      <ModellElementVerteilung Status="Bedienzeit" Typ="Bedienzeiten" Zeitbasis="Sekunden">Exponentialverteilung (50)</ModellElementVerteilung>
      <ModellElementPrioritaet Kundentyp="Kunden">w</ModellElementPrioritaet>
      <ModellElementBediener Alternative="1" Anzahl="1" Gruppe="Bediener B"/>
      <ModellElementBedienerPrioritaet>1</ModellElementBedienerPrioritaet>
    </ModellElementBedienstation>
    <ModellElementKante id="9">
      <ModellElementVerbindung Element1="6" Element2="8" Typ="Kante"/>
    </ModellElementKante>
    <ModellElementLogikEndIf id="10">
      <ModellElementGroesse h="50" w="50" x="750" y="50"/>
      <ModellElementVerbindung Element="11" Typ="Einlaufend"/>
      <ModellElementVerbindung Element="13" Typ="Auslaufend"/>
    </ModellElementLogikEndIf>
    <ModellElementKante id="11">
      <ModellElementVerbindung Element1="8" Element2="10" Typ="Kante"/>
    </ModellElementKante>
    <ModellElementEnde id="12">
      <ModellElementGroesse h="50" w="100" x="850" y="50"/>
      <ModellElementVerbindung Element="13" Typ="Einlaufend"/>
    </ModellElementEnde>
    <ModellElementKante id="13">
      <ModellElementVerbindung Element1="10" Element2="12" Typ="Kante"/>
    </ModellElementKante>
  </ModellElemente>
  <Ressourcen>
    <Ressource Name="Bediener A" Typ="Anzahl" Wert="1"/>
    <Ressource Name="Bediener B" Typ="Anzahl" Wert="1"/>
  </Ressourcen>
  <KundentypenDaten/>
</Modell>
