<?xml version="1.0" encoding="UTF-8" standalone="no"?>
<!DOCTYPE Modell SYSTEM "https://qs.highfives.io/xml/Simulator.dtd">
<Modell xmlns="https://qs.highfives.io" xmlns:xsi="http://www.w3.org/2001/XMLSchema-instance" xsi:schemaLocation="https://qs.highfives.io https://qs.highfives.io/xml/Simulator.xsd">
  <ModellVersion>1.4.0</ModellVersion>
  <ModellName/>
  <ModellBeschreibung/>
  <ModellAutor>Alexa</ModellAutor>
  <ModellKunden Aktiv="1">10000000</ModellKunden>
  <ModellAufwaermphase>0.05</ModellAufwaermphase>
  <ModellAbbruchbedingung Aktiv="0"/>
  <ModellAbbruchzeit Aktiv="0">10:00:00:00</ModellAbbruchzeit>
  <ModellZufallszahlenStartwert Aktiv="0">0</ModellZufallszahlenStartwert>
  <ModellElemente>
    <ModellElementQuelle id="1">
      <ModellElementName>KundenA</ModellElementName>
      <ModellElementGroesse h="50" w="100" x="50" y="50"/>
      <ModellElementVerbindung Element="3" Typ="Auslaufend"/>
      <ModellElementVerteilung Anzahl="2" Zeitbasis="Sekunden">Exponentialverteilung (60)</ModellElementVerteilung>
    </ModellElementQuelle>
    <ModellElementZusammenfassen id="2">
      <ModellElementGroesse h="50" w="100" x="50" y="145"/>
      <ModellElementVerbindung Element="3" Typ="Einlaufend"/>
      <ModellElementVerbindung Element="5" Typ="Auslaufend"/>
      <ModellElementBatchModus>Zeitweise</ModellElementBatchModus>
      <ModellElementKundentyp>KundenB</ModellElementKundentyp>
      <ModellElementBatch Maximum="2" Minimum="2"/>
    </ModellElementZusammenfassen>
    <ModellElementKante id="3">
      <ModellElementName>Ankünfte (KundenA)</ModellElementName>
      <ModellElementVerbindung Element1="1" Element2="2" Typ="Kante"/>
    </ModellElementKante>
    <ModellElementVariable id="4">
      <ModellElementName>Var=3</ModellElementName>
      <ModellElementGroesse h="50" w="100" x="50" y="250"/>
      <ModellElementVerbindung Element="5" Typ="Einlaufend"/>
      <ModellElementVerbindung Element="7" Typ="Auslaufend"/>
      <ModellElementVariablenzuweisung Variable="ClientData(1)">3</ModellElementVariablenzuweisung>
    </ModellElementVariable>
    <ModellElementKante id="5">
      <ModellElementName>Neuer Kundentyp "KundenB"</ModellElementName>
      <ModellElementVerbindung Element1="2" Element2="4" Typ="Kante"/>
    </ModellElementKante>
    <ModellElementLogikWhile id="6">
      <ModellElementName>Var&gt;0</ModellElementName>
      <ModellElementGroesse h="50" w="50" x="200" y="250"/>
      <ModellElementVerbindung Element="7" Typ="Einlaufend"/>
      <ModellElementVerbindung Element="9" Typ="Auslaufend"/>
      <ModellElementLogikBedingung>ClientData(1)&gt;0</ModellElementLogikBedingung>
    </ModellElementLogikWhile>
    <ModellElementKante id="7">
      <ModellElementVerbindung Element1="4" Element2="6" Typ="Kante"/>
    </ModellElementKante>
    <ModellElementTrennen id="8">
      <ModellElementGroesse h="50" w="100" x="300" y="250"/>
      <ModellElementVerbindung Element="9" Typ="Einlaufend"/>
      <ModellElementVerbindung Element="11" Typ="Auslaufend"/>
    </ModellElementTrennen>
    <ModellElementKante id="9">
      <ModellElementVerbindung Element1="6" Element2="8" Typ="Kante"/>
    </ModellElementKante>
    <ModellElementVerzoegerung id="10">
      <ModellElementGroesse h="50" w="100" x="450" y="250"/>
      <ModellElementVerbindung Element="11" Typ="Einlaufend"/>
      <ModellElementVerbindung Element="17" Typ="Auslaufend"/>
      <ModellElementVerteilung Typ="Bedienzeit" Zeitbasis="Sekunden">Exponentialverteilung (50)</ModellElementVerteilung>
    </ModellElementVerzoegerung>
    <ModellElementKante id="11">
      <ModellElementVerbindung Element1="8" Element2="10" Typ="Kante"/>
    </ModellElementKante>
    <ModellElementVariable id="12">
      <ModellElementName>Var--</ModellElementName>
      <ModellElementGroesse h="50" w="100" x="600" y="250"/>
      <ModellElementVerbindung Element="17" Typ="Einlaufend"/>
      <ModellElementVerbindung Element="14" Typ="Auslaufend"/>
      <ModellElementVariablenzuweisung Variable="ClientData(1)">ClientData(1)-1</ModellElementVariablenzuweisung>
    </ModellElementVariable>
    <ModellElementLogikEndWhile id="13">
      <ModellElementGroesse h="50" w="50" x="750" y="250"/>
      <ModellElementVerbindung Element="14" Typ="Einlaufend"/>
      <ModellElementVerbindung Element="16" Typ="Auslaufend"/>
    </ModellElementLogikEndWhile>
    <ModellElementKante id="14">
      <ModellElementVerbindung Element1="12" Element2="13" Typ="Kante"/>
    </ModellElementKante>
    <ModellElementEnde id="15">
      <ModellElementGroesse h="50" w="100" x="850" y="250"/>
      <ModellElementVerbindung Element="16" Typ="Einlaufend"/>
    </ModellElementEnde>
    <ModellElementKante id="16">
      <ModellElementVerbindung Element1="13" Element2="15" Typ="Kante"/>
    </ModellElementKante>
    <ModellElementKante id="17">
      <ModellElementVerbindung Element1="10" Element2="12" Typ="Kante"/>
    </ModellElementKante>
  </ModellElemente>
  <KundentypenDaten>
    <KundenDaten Icon="user_red" Name="KundenB"/>
  </KundentypenDaten>
</Modell>
