<?xml version="1.0" encoding="UTF-8" standalone="no"?>
<!DOCTYPE Modell SYSTEM "https://qs.highfives.io/xml/Simulator.dtd">
<Modell xmlns="https://qs.highfives.io" xmlns:xsi="http://www.w3.org/2001/XMLSchema-instance" xsi:schemaLocation="https://qs.highfives.io https://qs.highfives.io/xml/Simulator.xsd">
  <ModellVersion>1.4.0</ModellVersion>
  <ModellName/>
  <ModellBeschreibung/>
  <ModellAutor>Alexa</ModellAutor>
  <ModellKunden Aktiv="1">10000000</ModellKunden>
  <ModellAufwaermphase>0.05</ModellAufwaermphase>
  <ModellAbbruchbedingung Aktiv="0"/>
  <ModellAbbruchzeit Aktiv="0">10:00:00:00</ModellAbbruchzeit>
  <ModellZufallszahlenStartwert Aktiv="0">0</ModellZufallszahlenStartwert>
  <ModellElemente>
    <ModellElementQuelle id="1">
      <ModellElementName>KundenA</ModellElementName>
      <ModellElementGroesse h="50" w="100" x="50" y="50"/>
      <ModellElementVerbindung Element="6" Typ="Auslaufend"/>
      <ModellElementVerteilung Anzahl="1" Zeitbasis="Sekunden">Exponentialverteilung (60)</ModellElementVerteilung>
    </ModellElementQuelle>
    <ModellElementQuelle id="2">
      <ModellElementName>KundenB</ModellElementName>
      <ModellElementGroesse h="50" w="100" x="50" y="200"/>
      <ModellElementVerbindung Element="7" Typ="Auslaufend"/>
      <ModellElementVerteilung Anzahl="1" Zeitbasis="Sekunden">Exponentialverteilung (60)</ModellElementVerteilung>
      <ModellElementStartZeitpunkt>3600</ModellElementStartZeitpunkt>
    </ModellElementQuelle>
    <ModellElementLogikIf id="3">
      <ModellElementName>false</ModellElementName>
      <ModellElementGroesse h="50" w="50" x="250" y="50"/>
      <ModellElementVerbindung Element="6" Typ="Einlaufend"/>
      <ModellElementVerbindung Element="5" Typ="Auslaufend"/>
      <ModellElementLogikBedingung>1&gt;2</ModellElementLogikBedingung>
    </ModellElementLogikIf>
    <ModellElementVerzoegerung id="4">
      <ModellElementGroesse h="50" w="100" x="350" y="50"/>
      <ModellElementVerbindung Element="5" Typ="Einlaufend"/>
      <ModellElementVerbindung Element="7" Typ="Einlaufend"/>
      <ModellElementVerbindung Element="9" Typ="Auslaufend"/>
    </ModellElementVerzoegerung>
    <ModellElementKante id="5">
      <ModellElementVerbindung Element1="3" Element2="4" Typ="Kante"/>
    </ModellElementKante>
    <ModellElementKante id="6">
      <ModellElementName>Ankünfte (KundenA)</ModellElementName>
      <ModellElementVerbindung Element1="1" Element2="3" Typ="Kante"/>
    </ModellElementKante>
    <ModellElementKante id="7">
      <ModellElementName>Ankünfte (KundenB)</ModellElementName>
      <ModellElementVerbindung Element1="2" Element2="4" Typ="Kante"/>
    </ModellElementKante>
    <ModellElementLogikElse id="8">
      <ModellElementGroesse h="50" w="50" x="500" y="50"/>
      <ModellElementVerbindung Element="9" Typ="Einlaufend"/>
      <ModellElementVerbindung Element="11" Typ="Auslaufend"/>
    </ModellElementLogikElse>
    <ModellElementKante id="9">
      <ModellElementVerbindung Element1="4" Element2="8" Typ="Kante"/>
    </ModellElementKante>
    <ModellElementVerzoegerung id="10">
      <ModellElementGroesse h="50" w="100" x="600" y="50"/>
      <ModellElementVerbindung Element="11" Typ="Einlaufend"/>
      <ModellElementVerbindung Element="14" Typ="Auslaufend"/>
    </ModellElementVerzoegerung>
    <ModellElementKante id="11">
      <ModellElementVerbindung Element1="8" Element2="10" Typ="Kante"/>
    </ModellElementKante>
    <ModellElementEnde id="12">
      <ModellElementGroesse h="50" w="100" x="850" y="50"/>
      <ModellElementVerbindung Element="15" Typ="Einlaufend"/>
    </ModellElementEnde>
    <ModellElementLogikEndIf id="13">
      <ModellElementGroesse h="50" w="50" x="750" y="50"/>
      <ModellElementVerbindung Element="14" Typ="Einlaufend"/>
      <ModellElementVerbindung Element="15" Typ="Auslaufend"/>
    </ModellElementLogikEndIf>
    <ModellElementKante id="14">
      <ModellElementVerbindung Element1="10" Element2="13" Typ="Kante"/>
    </ModellElementKante>
    <ModellElementKante id="15">
      <ModellElementVerbindung Element1="13" Element2="12" Typ="Kante"/>
    </ModellElementKante>
  </ModellElemente>
  <KundentypenDaten/>
</Modell>
