<?xml version="1.0" encoding="UTF-8" standalone="no"?>
<!DOCTYPE Modell SYSTEM "http://www.tu-clausthal.de/fileadmin/simulator/Simulator.dtd">
<Modell xmlns="http://www.tu-clausthal.de" xmlns:xsi="http://www.w3.org/2001/XMLSchema-instance" xsi:schemaLocation="http://www.tu-clausthal.de http://www.tu-clausthal.de/fileadmin/simulator/Simulator.xsd">
  <ModellVersion>0.1.1</ModellVersion>
  <ModellName/>
  <ModellBeschreibung/>
  <ModellKunden>10000000</ModellKunden>
  <ModellAufwaermphase>0.05</ModellAufwaermphase>
  <ModellElemente>
    <ModellElementQuelle id="1">
      <ModellElementName>Kunden</ModellElementName>
      <ModellElementGroesse h="50" w="100" x="50" y="200"/>
      <ModellElementVerbindung Element="2" Typ="Auslaufend"/>
      <ModellElementVerteilung Zeitbasis="Sekunden">Exponentialverteilung (60)</ModellElementVerteilung>
    </ModellElementQuelle>
    <ModellElementZaehler id="3">
      <ModellElementName>Weg 1</ModellElementName>
      <ModellElementGroesse h="50" w="100" x="250" y="50"/>
      <ModellElementVerbindung Element="7" Typ="Einlaufend"/>
      <ModellElementVerbindung Element="10" Typ="Auslaufend"/>
      <ModellElementZaehlerGruppe>Zählergruppe</ModellElementZaehlerGruppe>
    </ModellElementZaehler>
    <ModellElementZaehler id="4">
      <ModellElementName>Weg 2</ModellElementName>
      <ModellElementGroesse h="50" w="100" x="250" y="350"/>
      <ModellElementVerbindung Element="8" Typ="Einlaufend"/>
      <ModellElementVerbindung Element="11" Typ="Auslaufend"/>
      <ModellElementZaehlerGruppe>Zählergruppe</ModellElementZaehlerGruppe>
    </ModellElementZaehler>
    <ModellElementZusammenfuehren id="5">
      <ModellElementGroesse h="50" w="100" x="400" y="200"/>
      <ModellElementVerbindung Element="10" Typ="Einlaufend"/>
      <ModellElementVerbindung Element="11" Typ="Einlaufend"/>
      <ModellElementVerbindung Element="12" Typ="Auslaufend"/>
    </ModellElementZusammenfuehren>
    <ModellElementEnde id="6">
      <ModellElementGroesse h="50" w="100" x="550" y="200"/>
      <ModellElementVerbindung Element="12" Typ="Einlaufend"/>
    </ModellElementEnde>
    <ModellElementKante id="10">
      <ModellElementVerbindung Element1="3" Element2="5" Typ="Kante"/>
    </ModellElementKante>
    <ModellElementKante id="11">
      <ModellElementVerbindung Element1="4" Element2="5" Typ="Kante"/>
    </ModellElementKante>
    <ModellElementKante id="12">
      <ModellElementVerbindung Element1="5" Element2="6" Typ="Kante"/>
    </ModellElementKante>
    <ModellElementVerzweigen id="13">
      <ModellElementName>NQ(5;1)&lt;NQ(5;2)</ModellElementName>
      <ModellElementGroesse h="50" w="100" x="250" y="200"/>
      <ModellElementVerzweigungsmodus>Bedingung</ModellElementVerzweigungsmodus>
      <ModellElementVerbindung Element="2" Typ="Einlaufend"/>
      <ModellElementVerbindung Bedingung="NQ(5;1)&lt;NQ(5;2)" Element="7" Typ="Auslaufend"/>
      <ModellElementVerbindung Element="8" Typ="Auslaufend"/>
    </ModellElementVerzweigen>
    <ModellElementKante id="2">
      <ModellElementName>Ankünfte (Kunden)</ModellElementName>
      <ModellElementVerbindung Element1="1" Element2="13" Typ="Kante"/>
    </ModellElementKante>
    <ModellElementKante id="7">
      <ModellElementName>Bedingung 1</ModellElementName>
      <ModellElementVerbindung Element1="13" Element2="3" Typ="Kante"/>
    </ModellElementKante>
    <ModellElementKante id="8">
      <ModellElementName>Fall "sonst"</ModellElementName>
      <ModellElementVerbindung Element1="13" Element2="4" Typ="Kante"/>
    </ModellElementKante>
  </ModellElemente>
  <Ressourcen/>
</Modell>
