<?xml version="1.0" encoding="UTF-8" standalone="no"?>
<!DOCTYPE Modell SYSTEM "https://qs.highfives.io/xml/Simulator.dtd">
<Modell xmlns="https://qs.highfives.io" xmlns:xsi="http://www.w3.org/2001/XMLSchema-instance" xsi:schemaLocation="https://qs.highfives.io https://qs.highfives.io/xml/Simulator.xsd">
  <ModellVersion>3.4.0</ModellVersion>
  <ModellAutor>Alexa</ModellAutor>
  <ModellKunden Aktiv="1">10000000</ModellKunden>
  <ModellAufwaermphase>0.05</ModellAufwaermphase>
  <ModellAbbruchzeit Aktiv="0">10:00:00:00</ModellAbbruchzeit>
  <ModellElemente>
    <ModellElementQuelle id="1">
      <ModellElementName>Werkstück</ModellElementName>
      <ModellElementGroesse h="50" w="100" x="50" y="150"/>
      <ModellElementVerbindung Element="9" Typ="Auslaufend"/>
      <ModellElementVerteilung Zeitbasis="Sekunden">Exponentialverteilung (60)</ModellElementVerteilung>
      <ModellElementBatch Groesse="1"/>
    </ModellElementQuelle>
    <ModellElementVariable id="2">
      <ModellElementName>Seriennummer</ModellElementName>
      <ModellElementGroesse h="50" w="100" x="50" y="250"/>
      <ModellElementVerbindung Element="9" Typ="Einlaufend"/>
      <ModellElementVerbindung Element="10" Typ="Auslaufend"/>
      <ModellElementVariablenzuweisung Variable="ClientData(1)">round(random()*100000)</ModellElementVariablenzuweisung>
    </ModellElementVariable>
    <ModellElementDuplizieren id="4">
      <ModellElementGroesse h="50" w="100" x="250" y="250"/>
      <ModellElementVerbindung Element="10" Typ="Einlaufend"/>
      <ModellElementVerbindung Element="11" Typ="Auslaufend"/>
      <ModellElementVerbindung Element="12" Typ="Auslaufend"/>
    </ModellElementDuplizieren>
    <ModellElementZuweisung id="3">
      <ModellElementName>Komponente A</ModellElementName>
      <ModellElementGroesse h="50" w="100" x="250" y="150"/>
      <ModellElementVerbindung Element="11" Typ="Einlaufend"/>
      <ModellElementVerbindung Element="13" Typ="Auslaufend"/>
    </ModellElementZuweisung>
    <ModellElementZuweisung id="5">
      <ModellElementName>Komponente B</ModellElementName>
      <ModellElementGroesse h="50" w="100" x="250" y="350"/>
      <ModellElementVerbindung Element="12" Typ="Einlaufend"/>
      <ModellElementVerbindung Element="14" Typ="Auslaufend"/>
    </ModellElementZuweisung>
    <ModellElementVerzoegerung id="6">
      <ModellElementGroesse h="50" w="100" x="250" y="50"/>
      <ModellElementVerbindung Element="13" Typ="Einlaufend"/>
      <ModellElementVerbindung Element="18" Typ="Auslaufend"/>
    </ModellElementVerzoegerung>
    <ModellElementVerzoegerung id="7">
      <ModellElementGroesse h="50" w="100" x="250" y="450"/>
      <ModellElementVerbindung Element="14" Typ="Einlaufend"/>
      <ModellElementVerbindung Element="19" Typ="Auslaufend"/>
    </ModellElementVerzoegerung>
    <ModellElementZusammenfuehren id="8">
      <ModellElementGroesse h="50" w="100" x="400" y="250"/>
      <ModellElementVerbindung Element="20" Typ="Einlaufend"/>
      <ModellElementVerbindung Element="21" Typ="Einlaufend"/>
      <ModellElementVerbindung Element="25" Typ="Auslaufend"/>
      <ModellElementMatchEigenschaft Typ="Zahl">1</ModellElementMatchEigenschaft>
      <ModellElementBatchModus>Zeitweise</ModellElementBatchModus>
      <ModellElementKundentyp>Werkstück</ModellElementKundentyp>
    </ModellElementZusammenfuehren>
    <ModellElementKante id="9">
      <ModellElementName>Ankünfte (Werkstück)</ModellElementName>
      <ModellElementVerbindung Element1="1" Element2="2" Typ="Kante"/>
    </ModellElementKante>
    <ModellElementKante id="10">
      <ModellElementVerbindung Element1="2" Element2="4" Typ="Kante"/>
    </ModellElementKante>
    <ModellElementKante id="11">
      <ModellElementName>Original</ModellElementName>
      <ModellElementVerbindung Element1="4" Element2="3" Typ="Kante"/>
    </ModellElementKante>
    <ModellElementKante id="12">
      <ModellElementName>Kopie 1</ModellElementName>
      <ModellElementVerbindung Element1="4" Element2="5" Typ="Kante"/>
    </ModellElementKante>
    <ModellElementKante id="13">
      <ModellElementName>Neuer Kundentyp: Komponente A</ModellElementName>
      <ModellElementVerbindung Element1="3" Element2="6" Typ="Kante"/>
    </ModellElementKante>
    <ModellElementKante id="14">
      <ModellElementName>Neuer Kundentyp: Komponente B</ModellElementName>
      <ModellElementVerbindung Element1="5" Element2="7" Typ="Kante"/>
    </ModellElementKante>
    <ModellElementVariable id="15">
      <ModellElementGroesse h="50" w="100" x="400" y="50"/>
      <ModellElementVerbindung Element="18" Typ="Einlaufend"/>
      <ModellElementVerbindung Element="21" Typ="Auslaufend"/>
      <ModellElementVariablenzuweisung Variable="a">ClientData(1)</ModellElementVariablenzuweisung>
    </ModellElementVariable>
    <ModellElementVariable id="16">
      <ModellElementGroesse h="50" w="100" x="400" y="450"/>
      <ModellElementVerbindung Element="19" Typ="Einlaufend"/>
      <ModellElementVerbindung Element="20" Typ="Auslaufend"/>
      <ModellElementVariablenzuweisung Variable="b">ClientData(1)</ModellElementVariablenzuweisung>
    </ModellElementVariable>
    <ModellElementEnde id="17">
      <ModellElementGroesse h="50" w="100" x="600" y="350"/>
      <ModellElementVerbindung Element="26" Typ="Einlaufend"/>
    </ModellElementEnde>
    <ModellElementKante id="18">
      <ModellElementVerbindung Element1="6" Element2="15" Typ="Kante"/>
    </ModellElementKante>
    <ModellElementKante id="19">
      <ModellElementVerbindung Element1="7" Element2="16" Typ="Kante"/>
    </ModellElementKante>
    <ModellElementKante id="20">
      <ModellElementVerbindung Element1="16" Element2="8" Typ="Kante"/>
    </ModellElementKante>
    <ModellElementKante id="21">
      <ModellElementVerbindung Element1="15" Element2="8" Typ="Kante"/>
    </ModellElementKante>
    <ModellElementAnimationText id="23">
      <ModellElementName>Komponente A</ModellElementName>
      <ModellElementGroesse h="30" w="71" x="460" y="150"/>
      <ModellElementSchriftgrosse>14</ModellElementSchriftgrosse>
      <ModellElementFarbe>0,0,0</ModellElementFarbe>
      <ModellElementAnimationsmodus Art="Zahlenwert">a</ModellElementAnimationsmodus>
    </ModellElementAnimationText>
    <ModellElementAnimationText id="24">
      <ModellElementName>Komponente B</ModellElementName>
      <ModellElementGroesse h="30" w="71" x="460" y="350"/>
      <ModellElementSchriftgrosse>14</ModellElementSchriftgrosse>
      <ModellElementFarbe>0,0,0</ModellElementFarbe>
      <ModellElementAnimationsmodus Art="Zahlenwert">b</ModellElementAnimationsmodus>
    </ModellElementAnimationText>
    <ModellElementDateiausgabe id="22">
      <ModellElementGroesse h="50" w="100" x="600" y="250"/>
      <ModellElementVerbindung Element="25" Typ="Einlaufend"/>
      <ModellElementVerbindung Element="26" Typ="Auslaufend"/>
      <ModellElementAusgabedatei>C:\Users\Alexa\Documents\Java\workspace-simulator\MatchByProperty.xlsx</ModellElementAusgabedatei>
      <ModellElementAusgabeElement Typ="Zeitstempel"/>
      <ModellElementAusgabeElement Typ="Kundentyp"/>
      <ModellElementAusgabeElement Daten="ClientData(1)" Typ="Ausdruck"/>
    </ModellElementDateiausgabe>
    <ModellElementKante id="25">
      <ModellElementName>Neuer Kundentyp "Werkstück"</ModellElementName>
      <ModellElementVerbindung Element1="8" Element2="22" Typ="Kante"/>
    </ModellElementKante>
    <ModellElementKante id="26">
      <ModellElementVerbindung Element1="22" Element2="17" Typ="Kante"/>
    </ModellElementKante>
  </ModellElemente>
  <Ressourcen UntergeordnetePrioritaet="Zufaellig"/>
  <KundentypenDaten>
    <KundenDaten Icon="bricks" Name="Komponente A"/>
    <KundenDaten Icon="attach" Name="Komponente B"/>
    <KundenDaten Icon="icon_package" Name="Werkstück"/>
  </KundentypenDaten>
  <ModellKantenNormal Breite="1" Farbe="0,0,0" Typ="0"/>
  <ModellKantenSelektiert Breite="1" Typ="0"/>
  <ModellElementVerbindungsdarstellungsart>Abgerundet abgewinkelt</ModellElementVerbindungsdarstellungsart>
</Modell>
