<?xml version="1.0" encoding="UTF-8" standalone="no"?>
<!DOCTYPE Modell SYSTEM "https://qs.highfives.io/xml/Simulator.dtd">
<Modell xmlns="https://qs.highfives.io" xmlns:xsi="http://www.w3.org/2001/XMLSchema-instance" xsi:schemaLocation="https://qs.highfives.io https://qs.highfives.io/xml/Simulator.xsd">
  <ModellVersion>4.1.0</ModellVersion>
  <ModellAutor>Alexa</ModellAutor>
  <ModellKunden Aktiv="1">10000000</ModellKunden>
  <ModellAufwaermphase>0.05</ModellAufwaermphase>
  <ModellAbbruchzeit Aktiv="0">10:00:00:00</ModellAbbruchzeit>
  <ModellElemente>
    <ModellElementQuelle id="1">
      <ModellElementName>Kunden</ModellElementName>
      <ModellElementGroesse h="50" w="100" x="50" y="100"/>
      <ModellElementVerbindung Element="11" Typ="Auslaufend"/>
      <ModellElementVerteilung Zeitbasis="Sekunden">Exponentialverteilung (75)</ModellElementVerteilung>
      <ModellElementBatch Groesse="1"/>
    </ModellElementQuelle>
    <ModellElementBedienstation id="2">
      <ModellElementGroesse h="50" w="100" x="300" y="100"/>
      <ModellElementVerbindung Element="12" Typ="Einlaufend"/>
      <ModellElementVerbindung Element="5" Typ="Auslaufend"/>
      <ModellElementVerteilung Status="Bedienzeit" Typ="Bedienzeiten" Zeitbasis="Sekunden">Exponentialverteilung (50)</ModellElementVerteilung>
      <ModellElementPrioritaet Kundentyp="Kunden">w</ModellElementPrioritaet>
      <ModellElementBediener Alternative="1" Anzahl="1" Gruppe="Neue Bedienergruppe"/>
      <ModellElementBedienerPrioritaet>1</ModellElementBedienerPrioritaet>
    </ModellElementBedienstation>
    <ModellElementEcke id="3">
      <ModellElementGroesse h="10" w="10" x="245" y="120"/>
      <ModellElementVerbindung Element="11" Typ="Einlaufend"/>
      <ModellElementVerbindung Element="14" Typ="Einlaufend"/>
      <ModellElementVerbindung Element="12" Typ="Auslaufend"/>
    </ModellElementEcke>
    <ModellElementVerzweigen id="4">
      <ModellElementGroesse h="50" w="100" x="450" y="100"/>
      <ModellElementVerzweigungsmodus>Zufall</ModellElementVerzweigungsmodus>
      <ModellElementVerbindung Element="5" Typ="Einlaufend"/>
      <ModellElementVerbindung Element="7" Rate="19" Typ="Auslaufend"/>
      <ModellElementVerbindung Element="9" Rate="1" Typ="Auslaufend"/>
    </ModellElementVerzweigen>
    <ModellElementKante id="5">
      <ModellElementVerbindung Element1="2" Element2="4" Typ="Kante"/>
    </ModellElementKante>
    <ModellElementEnde id="6">
      <ModellElementGroesse h="50" w="100" x="645" y="100"/>
      <ModellElementVerbindung Element="7" Typ="Einlaufend"/>
    </ModellElementEnde>
    <ModellElementKante id="7">
      <ModellElementName>Rate 19 (95%)</ModellElementName>
      <ModellElementVerbindung Element1="4" Element2="6" Typ="Kante"/>
    </ModellElementKante>
    <ModellElementEcke id="8">
      <ModellElementGroesse h="10" w="10" x="495" y="245"/>
      <ModellElementVerbindung Element="9" Typ="Einlaufend"/>
      <ModellElementVerbindung Element="13" Typ="Auslaufend"/>
    </ModellElementEcke>
    <ModellElementKante id="9">
      <ModellElementName>Rate 1 (5%)</ModellElementName>
      <ModellElementVerbindung Element1="4" Element2="8" Typ="Kante"/>
    </ModellElementKante>
    <ModellElementEcke id="10">
      <ModellElementGroesse h="10" w="10" x="245" y="245"/>
      <ModellElementVerbindung Element="13" Typ="Einlaufend"/>
      <ModellElementVerbindung Element="14" Typ="Auslaufend"/>
    </ModellElementEcke>
    <ModellElementKante id="11">
      <ModellElementName>Ankünfte (Kunden)</ModellElementName>
      <ModellElementVerbindung Element1="1" Element2="3" Typ="Kante"/>
    </ModellElementKante>
    <ModellElementKante id="12">
      <ModellElementVerbindung Element1="3" Element2="2" Typ="Kante"/>
    </ModellElementKante>
    <ModellElementKante id="13">
      <ModellElementVerbindung Element1="8" Element2="10" Typ="Kante"/>
    </ModellElementKante>
    <ModellElementKante id="14">
      <ModellElementVerbindung Element1="10" Element2="3" Typ="Kante"/>
    </ModellElementKante>
  </ModellElemente>
  <Ressourcen UntergeordnetePrioritaet="Zufaellig">
    <Ressource Name="Neue Bedienergruppe" Typ="Anzahl" Wert="1"/>
  </Ressourcen>
  <KundentypenDaten/>
  <ModellKantenNormal Breite="1" Farbe="0,0,0" Typ="0"/>
  <ModellKantenSelektiert Breite="1" Typ="0"/>
  <ModellElementVerbindungsdarstellungsart>Abgerundet abgewinkelt</ModellElementVerbindungsdarstellungsart>
  <ModellPfadaufzeichnung Kundenpfade="1" Stationsuebergaenge="1"/>
</Modell>
