<?xml version="1.0" encoding="UTF-8" standalone="no"?>
<!DOCTYPE Modell SYSTEM "https://qs.highfives.io/xml/Simulator.dtd">
<Modell xmlns="https://qs.highfives.io" xmlns:xsi="http://www.w3.org/2001/XMLSchema-instance" xsi:schemaLocation="https://qs.highfives.io https://qs.highfives.io/xml/Simulator.xsd">
  <ModellVersion>4.1.0</ModellVersion>
  <ModellAutor>Alexa</ModellAutor>
  <ModellKunden Aktiv="1">10000000</ModellKunden>
  <ModellAufwaermphase>0.05</ModellAufwaermphase>
  <ModellAbbruchzeit Aktiv="0">10:00:00:00</ModellAbbruchzeit>
  <ModellElemente>
    <ModellElementQuelle id="1">
      <ModellElementName>KundenA</ModellElementName>
      <ModellElementGroesse h="50" w="100" x="50" y="50"/>
      <ModellElementVerbindung Element="4" Typ="Auslaufend"/>
      <ModellElementVerteilung Zeitbasis="Sekunden">Exponentialverteilung (60)</ModellElementVerteilung>
      <ModellElementBatch Groesse="1"/>
    </ModellElementQuelle>
    <ModellElementQuelle id="2">
      <ModellElementName>KundenB</ModellElementName>
      <ModellElementGroesse h="50" w="100" x="50" y="250"/>
      <ModellElementVerbindung Element="9" Typ="Auslaufend"/>
      <ModellElementVerteilung Zeitbasis="Sekunden">Exponentialverteilung (60)</ModellElementVerteilung>
      <ModellElementBatch Groesse="1"/>
    </ModellElementQuelle>
    <ModellElementVerzweigen id="3">
      <ModellElementGroesse h="50" w="100" x="400" y="150"/>
      <ModellElementVerzweigungsmodus>Kundentyp</ModellElementVerzweigungsmodus>
      <ModellElementVerbindung Element="11" Typ="Einlaufend"/>
      <ModellElementVerbindung Element="6" Kundentyp="KundenA" Typ="Auslaufend"/>
      <ModellElementVerbindung Element="13" Typ="Auslaufend"/>
    </ModellElementVerzweigen>
    <ModellElementEnde id="5">
      <ModellElementGroesse h="50" w="100" x="800" y="50"/>
      <ModellElementVerbindung Element="8" Typ="Einlaufend"/>
    </ModellElementEnde>
    <ModellElementEnde id="7">
      <ModellElementGroesse h="50" w="100" x="800" y="250"/>
      <ModellElementVerbindung Element="15" Typ="Einlaufend"/>
    </ModellElementEnde>
    <ModellElementVerzoegerung id="10">
      <ModellElementName>A</ModellElementName>
      <ModellElementGroesse h="50" w="100" x="250" y="150"/>
      <ModellElementVerbindung Element="4" Typ="Einlaufend"/>
      <ModellElementVerbindung Element="9" Typ="Einlaufend"/>
      <ModellElementVerbindung Element="11" Typ="Auslaufend"/>
      <ModellElementVerteilung Typ="Bedienzeit" Zeitbasis="Sekunden">Exponentialverteilung (50)</ModellElementVerteilung>
    </ModellElementVerzoegerung>
    <ModellElementVerzoegerung id="12">
      <ModellElementName>X2</ModellElementName>
      <ModellElementGroesse h="50" w="100" x="650" y="250"/>
      <ModellElementVerbindung Element="13" Typ="Einlaufend"/>
      <ModellElementVerbindung Element="15" Typ="Auslaufend"/>
      <ModellElementVerteilung Typ="Bedienzeit" Zeitbasis="Sekunden">Exponentialverteilung (50)</ModellElementVerteilung>
    </ModellElementVerzoegerung>
    <ModellElementVerzoegerung id="14">
      <ModellElementName>X1</ModellElementName>
      <ModellElementGroesse h="50" w="100" x="650" y="50"/>
      <ModellElementVerbindung Element="6" Typ="Einlaufend"/>
      <ModellElementVerbindung Element="8" Typ="Auslaufend"/>
      <ModellElementVerteilung Typ="Bedienzeit" Zeitbasis="Sekunden">Exponentialverteilung (50)</ModellElementVerteilung>
    </ModellElementVerzoegerung>
    <ModellElementKante id="4">
      <ModellElementName>Ankünfte (KundenA)</ModellElementName>
      <ModellElementVerbindung Element1="1" Element2="10" Typ="Kante"/>
    </ModellElementKante>
    <ModellElementKante id="9">
      <ModellElementName>Ankünfte (KundenB)</ModellElementName>
      <ModellElementVerbindung Element1="2" Element2="10" Typ="Kante"/>
    </ModellElementKante>
    <ModellElementKante id="11">
      <ModellElementVerbindung Element1="10" Element2="3" Typ="Kante"/>
    </ModellElementKante>
    <ModellElementKante id="6">
      <ModellElementName>KundenA</ModellElementName>
      <ModellElementVerbindung Element1="3" Element2="14" Typ="Kante"/>
    </ModellElementKante>
    <ModellElementKante id="8">
      <ModellElementVerbindung Element1="14" Element2="5" Typ="Kante"/>
    </ModellElementKante>
    <ModellElementKante id="13">
      <ModellElementName>alle anderen Kundentypen</ModellElementName>
      <ModellElementVerbindung Element1="3" Element2="12" Typ="Kante"/>
    </ModellElementKante>
    <ModellElementKante id="15">
      <ModellElementVerbindung Element1="12" Element2="7" Typ="Kante"/>
    </ModellElementKante>
  </ModellElemente>
  <Ressourcen UntergeordnetePrioritaet="Zufaellig"/>
  <KundentypenDaten/>
  <ModellKantenNormal Breite="1" Farbe="0,0,0" Typ="0"/>
  <ModellKantenSelektiert Breite="1" Typ="0"/>
  <ModellElementVerbindungsdarstellungsart>Abgerundet abgewinkelt</ModellElementVerbindungsdarstellungsart>
  <ModellPfadaufzeichnung Kundenpfade="1" Stationsuebergaenge="1"/>
</Modell>
