<?xml version="1.0" encoding="UTF-8" standalone="no"?>
<!DOCTYPE Modell SYSTEM "https://qs.highfives.io/xml/Simulator.dtd">
<Modell xmlns="https://qs.highfives.io" xmlns:xsi="http://www.w3.org/2001/XMLSchema-instance" xsi:schemaLocation="https://qs.highfives.io https://qs.highfives.io/xml/Simulator.xsd">
  <ModellVersion>4.1.0</ModellVersion>
  <ModellAutor>Alexa</ModellAutor>
  <ModellKunden Aktiv="1">10000000</ModellKunden>
  <ModellAufwaermphase>0.05</ModellAufwaermphase>
  <ModellAbbruchzeit Aktiv="0">10:00:00:00</ModellAbbruchzeit>
  <ModellElemente>
    <ModellElementQuelle id="1">
      <ModellElementName>Kunden</ModellElementName>
      <ModellElementGroesse h="50" w="100" x="50" y="50"/>
      <ModellElementVerbindung Element="3" Typ="Auslaufend"/>
      <ModellElementVerteilung Zeitbasis="Sekunden">Exponentialverteilung (60)</ModellElementVerteilung>
      <ModellElementBatch Groesse="1"/>
    </ModellElementQuelle>
    <ModellElementVerzoegerung id="2">
      <ModellElementGroesse h="50" w="100" x="250" y="50"/>
      <ModellElementVerbindung Element="3" Typ="Einlaufend"/>
      <ModellElementVerbindung Element="5" Typ="Auslaufend"/>
      <ModellElementVerteilung Typ="Bedienzeit" Zeitbasis="Sekunden">Exponentialverteilung (50)</ModellElementVerteilung>
    </ModellElementVerzoegerung>
    <ModellElementKante id="3">
      <ModellElementName>Ankünfte (Kunden)</ModellElementName>
      <ModellElementVerbindung Element1="1" Element2="2" Typ="Kante"/>
    </ModellElementKante>
    <ModellElementZusammenfassen id="4">
      <ModellElementGroesse h="50" w="100" x="400" y="50"/>
      <ModellElementVerbindung Element="5" Typ="Einlaufend"/>
      <ModellElementVerbindung Element="7" Typ="Auslaufend"/>
      <ModellElementBatchModus>Zeitweise</ModellElementBatchModus>
      <ModellElementKundentyp>Batch</ModellElementKundentyp>
      <ModellElementBatch Maximum="2" Minimum="2"/>
    </ModellElementZusammenfassen>
    <ModellElementKante id="5">
      <ModellElementVerbindung Element1="2" Element2="4" Typ="Kante"/>
    </ModellElementKante>
    <ModellElementVerzoegerung id="6">
      <ModellElementGroesse h="50" w="100" x="600" y="50"/>
      <ModellElementVerbindung Element="7" Typ="Einlaufend"/>
      <ModellElementVerbindung Element="9" Typ="Auslaufend"/>
      <ModellElementVerteilung Typ="Bedienzeit" Zeitbasis="Sekunden">Exponentialverteilung (50)</ModellElementVerteilung>
    </ModellElementVerzoegerung>
    <ModellElementKante id="7">
      <ModellElementName>Neuer Kundentyp "Batch"</ModellElementName>
      <ModellElementVerbindung Element1="4" Element2="6" Typ="Kante"/>
    </ModellElementKante>
    <ModellElementTrennen id="8">
      <ModellElementGroesse h="50" w="100" x="750" y="50"/>
      <ModellElementVerbindung Element="9" Typ="Einlaufend"/>
      <ModellElementVerbindung Element="11" Typ="Auslaufend"/>
    </ModellElementTrennen>
    <ModellElementKante id="9">
      <ModellElementVerbindung Element1="6" Element2="8" Typ="Kante"/>
    </ModellElementKante>
    <ModellElementEnde id="10">
      <ModellElementGroesse h="50" w="100" x="900" y="50"/>
      <ModellElementVerbindung Element="11" Typ="Einlaufend"/>
    </ModellElementEnde>
    <ModellElementKante id="11">
      <ModellElementVerbindung Element1="8" Element2="10" Typ="Kante"/>
    </ModellElementKante>
  </ModellElemente>
  <Ressourcen UntergeordnetePrioritaet="Zufaellig"/>
  <KundentypenDaten/>
  <ModellKantenNormal Breite="1" Farbe="0,0,0" Typ="0"/>
  <ModellKantenSelektiert Breite="1" Typ="0"/>
  <ModellElementVerbindungsdarstellungsart>Abgerundet abgewinkelt</ModellElementVerbindungsdarstellungsart>
  <ModellPfadaufzeichnung Kundenpfade="1" Stationsuebergaenge="1"/>
</Modell>
