<?xml version="1.0" encoding="UTF-8" standalone="no"?>
<!DOCTYPE Modell SYSTEM "https://qs.highfives.io/xml/Simulator.dtd">
<Modell xmlns="https://qs.highfives.io" xmlns:xsi="http://www.w3.org/2001/XMLSchema-instance" xsi:schemaLocation="https://qs.highfives.io https://qs.highfives.io/xml/Simulator.xsd">
  <ModellVersion>2.7.0</ModellVersion>
  <ModellAutor>Alexander Herzog</ModellAutor>
  <ModellKunden Aktiv="1">10000000</ModellKunden>
  <ModellAufwaermphase>0.05</ModellAufwaermphase>
  <ModellAbbruchzeit Aktiv="0">10:00:00:00</ModellAbbruchzeit>
  <ModellElemente>
    <ModellElementQuelle id="1">
      <ModellElementName>Kunden</ModellElementName>
      <ModellElementGroesse h="50" w="100" x="50" y="50"/>
      <ModellElementVerbindung Element="6" Typ="Auslaufend"/>
      <ModellElementVerteilung Zeitbasis="Sekunden">Exponentialverteilung (60)</ModellElementVerteilung>
      <ModellElementBatch Groesse="1"/>
    </ModellElementQuelle>
    <ModellElementBereichStart id="2">
      <ModellElementName>A</ModellElementName>
      <ModellElementGroesse h="50" w="100" x="250" y="50"/>
      <ModellElementVerbindung Element="6" Typ="Einlaufend"/>
      <ModellElementVerbindung Element="7" Typ="Auslaufend"/>
    </ModellElementBereichStart>
    <ModellElementVerzoegerung id="3">
      <ModellElementGroesse h="50" w="100" x="400" y="50"/>
      <ModellElementVerbindung Element="7" Typ="Einlaufend"/>
      <ModellElementVerbindung Element="8" Typ="Auslaufend"/>
      <ModellElementVerteilung Typ="Bedienzeit" Zeitbasis="Sekunden">Exponentialverteilung (50)</ModellElementVerteilung>
    </ModellElementVerzoegerung>
    <ModellElementBereichEnde id="4">
      <ModellElementGroesse h="50" w="100" x="550" y="50"/>
      <ModellElementVerbindung Element="8" Typ="Einlaufend"/>
      <ModellElementVerbindung Element="16" Typ="Einlaufend"/>
      <ModellElementVerbindung Element="9" Typ="Auslaufend"/>
      <ModellElementBereichStartName>A</ModellElementBereichStartName>
    </ModellElementBereichEnde>
    <ModellElementEnde id="5">
      <ModellElementGroesse h="50" w="100" x="700" y="50"/>
      <ModellElementVerbindung Element="9" Typ="Einlaufend"/>
    </ModellElementEnde>
    <ModellElementKante id="6">
      <ModellElementName>Ankünfte (Kunden)</ModellElementName>
      <ModellElementVerbindung Element1="1" Element2="2" Typ="Kante"/>
    </ModellElementKante>
    <ModellElementKante id="7">
      <ModellElementVerbindung Element1="2" Element2="3" Typ="Kante"/>
    </ModellElementKante>
    <ModellElementKante id="8">
      <ModellElementVerbindung Element1="3" Element2="4" Typ="Kante"/>
    </ModellElementKante>
    <ModellElementKante id="9">
      <ModellElementVerbindung Element1="4" Element2="5" Typ="Kante"/>
    </ModellElementKante>
    <ModellElementAnimationText id="10">
      <ModellElementName>wip(A)</ModellElementName>
      <ModellElementGroesse h="30" w="69" x="250" y="250"/>
      <ModellElementSchriftgrosse>14</ModellElementSchriftgrosse>
      <ModellElementFarbe>0,0,0</ModellElementFarbe>
      <ModellElementAnimationsmodus Art="Zahlenwert">wip(12)</ModellElementAnimationsmodus>
    </ModellElementAnimationText>
    <ModellElementQuelle id="11">
      <ModellElementName>Kunden</ModellElementName>
      <ModellElementGroesse h="50" w="100" x="50" y="150"/>
      <ModellElementVerbindung Element="13" Typ="Auslaufend"/>
      <ModellElementVerteilung Zeitbasis="Sekunden">Exponentialverteilung (80)</ModellElementVerteilung>
      <ModellElementBatch Groesse="1"/>
    </ModellElementQuelle>
    <ModellElementBereichStart id="12">
      <ModellElementName>A</ModellElementName>
      <ModellElementGroesse h="50" w="100" x="250" y="150"/>
      <ModellElementVerbindung Element="13" Typ="Einlaufend"/>
      <ModellElementVerbindung Element="14" Typ="Auslaufend"/>
    </ModellElementBereichStart>
    <ModellElementKante id="13">
      <ModellElementName>Ankünfte (Kunden)</ModellElementName>
      <ModellElementVerbindung Element1="11" Element2="12" Typ="Kante"/>
    </ModellElementKante>
    <ModellElementVerzoegerung id="15">
      <ModellElementGroesse h="50" w="100" x="400" y="150"/>
      <ModellElementVerbindung Element="14" Typ="Einlaufend"/>
      <ModellElementVerbindung Element="16" Typ="Auslaufend"/>
      <ModellElementVerteilung Typ="Bedienzeit" Zeitbasis="Sekunden">Exponentialverteilung (30)</ModellElementVerteilung>
    </ModellElementVerzoegerung>
    <ModellElementKante id="14">
      <ModellElementVerbindung Element1="12" Element2="15" Typ="Kante"/>
    </ModellElementKante>
    <ModellElementKante id="16">
      <ModellElementVerbindung Element1="15" Element2="4" Typ="Kante"/>
    </ModellElementKante>
  </ModellElemente>
  <Ressourcen UntergeordnetePrioritaet="Zufaellig"/>
  <KundentypenDaten/>
</Modell>
