<?xml version="1.0" encoding="UTF-8" standalone="no"?>
<!DOCTYPE Modell SYSTEM "https://qs.highfives.io/xml/Simulator.dtd">
<Modell xmlns="https://qs.highfives.io" xmlns:xsi="http://www.w3.org/2001/XMLSchema-instance" xsi:schemaLocation="https://qs.highfives.io https://qs.highfives.io/xml/Simulator.xsd">
  <ModellVersion>0.8.0</ModellVersion>
  <ModellName/>
  <ModellBeschreibung/>
  <ModellKunden Aktiv="1">10000000</ModellKunden>
  <ModellAufwaermphase>0.05</ModellAufwaermphase>
  <ModellAbbruchbedingung Aktiv="0"/>
  <ModellAbbruchzeit Aktiv="0">10:00:00:00</ModellAbbruchzeit>
  <ModellZufallszahlenStartwert Aktiv="0">0</ModellZufallszahlenStartwert>
  <ModellElemente>
    <ModellElementEnde id="3">
      <ModellElementGroesse h="50" w="100" x="350" y="50"/>
      <ModellElementVerbindung Element="7" Typ="Einlaufend"/>
    </ModellElementEnde>
    <ModellElementMehrfachQuelle id="4">
      <ModellElementGroesse h="50" w="100" x="50" y="50"/>
      <ModellElementVerbindung Element="7" Typ="Auslaufend"/>
      <ModellElementMehrfachQuelleDaten>
        <ModellElementName>Kunden A</ModellElementName>
        <ModellElementVerteilung Anzahl="3" Zeitbasis="Sekunden">Exponentialverteilung (60)</ModellElementVerteilung>
      </ModellElementMehrfachQuelleDaten>
      <ModellElementMehrfachQuelleDaten>
        <ModellElementName>Kunden B</ModellElementName>
        <ModellElementVerteilung Anzahl="5" Zeitbasis="Sekunden">Exponentialverteilung (60)</ModellElementVerteilung>
      </ModellElementMehrfachQuelleDaten>
    </ModellElementMehrfachQuelle>
    <ModellElementKante id="7">
      <ModellElementVerbindung Element1="4" Element2="3" Typ="Kante"/>
    </ModellElementKante>
  </ModellElemente>
  <Ressourcen/>
  <KundentypenDaten>
    <KundenDaten Icon="user_green" Name="Kunden A"/>
    <KundenDaten Icon="user_red" Name="Kunden B"/>
    <KundenDaten Icon="user_red" Name="Kunden C"/>
  </KundentypenDaten>
  <ModellZeitplaene/>
</Modell>
