<?xml version="1.0" encoding="UTF-8" standalone="no"?>
<!DOCTYPE Modell SYSTEM "https://qs.highfives.io/xml/Simulator.dtd">
<Modell xmlns="https://qs.highfives.io" xmlns:xsi="http://www.w3.org/2001/XMLSchema-instance" xsi:schemaLocation="https://qs.highfives.io https://qs.highfives.io/xml/Simulator.xsd">
  <ModellVersion>0.8.1</ModellVersion>
  <ModellName/>
  <ModellBeschreibung/>
  <ModellKunden Aktiv="1">10000000</ModellKunden>
  <ModellAufwaermphase>0.05</ModellAufwaermphase>
  <ModellAbbruchbedingung Aktiv="0"/>
  <ModellAbbruchzeit Aktiv="0">10:00:00:00</ModellAbbruchzeit>
  <ModellZufallszahlenStartwert Aktiv="0">0</ModellZufallszahlenStartwert>
  <ModellElemente>
    <ModellElementQuelle id="1">
      <ModellElementName>Kunden</ModellElementName>
      <ModellElementGroesse h="50" w="100" x="50" y="100"/>
      <ModellElementVerbindung Element="4" Typ="Auslaufend"/>
      <ModellElementVerteilung Zeitbasis="Sekunden">Exponentialverteilung (60)</ModellElementVerteilung>
    </ModellElementQuelle>
    <ModellElementVerzoegerung id="2">
      <ModellElementGroesse h="50" w="100" x="250" y="100"/>
      <ModellElementVerbindung Element="4" Typ="Einlaufend"/>
      <ModellElementVerbindung Element="8" Typ="Einlaufend"/>
      <ModellElementVerbindung Element="7" Typ="Auslaufend"/>
    </ModellElementVerzoegerung>
    <ModellElementKante id="4">
      <ModellElementName>Ankünfte (Kunden)</ModellElementName>
      <ModellElementVerbindung Element1="1" Element2="2" Typ="Kante"/>
    </ModellElementKante>
    <ModellElementEcke id="6">
      <ModellElementGroesse h="10" w="10" x="370" y="250"/>
      <ModellElementVerbindung Element="10" Typ="Einlaufend"/>
      <ModellElementVerbindung Element="8" Typ="Auslaufend"/>
    </ModellElementEcke>
    <ModellElementKante id="8">
      <ModellElementVerbindung Element1="6" Element2="2" Typ="Kante"/>
    </ModellElementKante>
    <ModellElementEnde id="3">
      <ModellElementGroesse h="50" w="100" x="600" y="100"/>
      <ModellElementVerbindung Element="9" Typ="Einlaufend"/>
    </ModellElementEnde>
    <ModellElementVerzweigen id="5">
      <ModellElementGroesse h="50" w="100" x="400" y="100"/>
      <ModellElementVerzweigungsmodus>Zufall</ModellElementVerzweigungsmodus>
      <ModellElementVerbindung Element="7" Typ="Einlaufend"/>
      <ModellElementVerbindung Element="9" Rate="0" Typ="Auslaufend"/>
      <ModellElementVerbindung Element="10" Rate="1" Typ="Auslaufend"/>
    </ModellElementVerzweigen>
    <ModellElementKante id="7">
      <ModellElementVerbindung Element1="2" Element2="5" Typ="Kante"/>
    </ModellElementKante>
    <ModellElementKante id="9">
      <ModellElementName>Rate 0 (0%)</ModellElementName>
      <ModellElementVerbindung Element1="5" Element2="3" Typ="Kante"/>
    </ModellElementKante>
    <ModellElementKante id="10">
      <ModellElementName>Rate 1 (100%)</ModellElementName>
      <ModellElementVerbindung Element1="5" Element2="6" Typ="Kante"/>
    </ModellElementKante>
  </ModellElemente>
  <Ressourcen/>
  <KundentypenDaten/>
  <ModellZeitplaene/>
</Modell>
