<?xml version="1.0" encoding="UTF-8" standalone="no"?>
<!DOCTYPE OptimiererEinstellungen SYSTEM "https://qs.highfives.io/xml/Simulator.dtd">
<OptimiererEinstellungen xmlns="https://qs.highfives.io" xmlns:xsi="http://www.w3.org/2001/XMLSchema-instance" xsi:schemaLocation="https://qs.highfives.io https://qs.highfives.io/xml/Simulator.xsd">
  <OptimiererKontrollvariable BereichMaximum="15" BereichMinimum="5" Ganzzahl="1" Modus="0" Startwert="8">Ressourcen-&gt;Ressource[Name="Bedienergruppe"]-&gt;[Wert]</OptimiererKontrollvariable>
  <OptimiererZiel BereichMaximum="1.8" BereichMinimum="1.5" Modus="0" Richtung="Bereich">StatistikWartezeitenAlleKunden[Mittelwert]</OptimiererZiel>
  <OptimiererAusgabeverzeichnis>C:\Users\Alexander Herzog\Desktop</OptimiererAusgabeverzeichnis>
  <OptimiererKern>Variablen reihnum verändern</OptimiererKern>
</OptimiererEinstellungen>
