<?xml version="1.0" encoding="UTF-8" standalone="no"?>
<!DOCTYPE Modell SYSTEM "https://www.mathematik.tu-clausthal.de/fileadmin/AG-StochastischeModelle/simulator/Simulator.dtd">
<Modell xmlns="https://www.mathematik.tu-clausthal.de" xmlns:xsi="http://www.w3.org/2001/XMLSchema-instance" xsi:schemaLocation="https://www.mathematik.tu-clausthal.de https://www.mathematik.tu-clausthal.de/fileadmin/AG-StochastischeModelle/simulator/Simulator.xsd">
  <ModellVersion>0.1.1</ModellVersion>
  <ModellName/>
  <ModellBeschreibung/>
  <ModellKunden Aktiv="1">1000000</ModellKunden>
  <ModellAufwaermphase>0.05</ModellAufwaermphase>
  <ModellAbbruchbedingung Aktiv="0"/>
  <ModellAbbruchzeit Aktiv="0">10:00:00:00</ModellAbbruchzeit>
  <ModellElemente>
    <ModellElementQuelle id="1">
      <ModellElementName>KundenA</ModellElementName>
      <ModellElementGroesse h="50" w="100" x="50" y="50"/>
      <ModellElementVerbindung Element="7" Typ="Auslaufend"/>
      <ModellElementVerteilung Zeitbasis="Sekunden">Exponentialverteilung (10)</ModellElementVerteilung>
    </ModellElementQuelle>
    <ModellElementQuelle id="2">
      <ModellElementName>KundenB</ModellElementName>
      <ModellElementGroesse h="50" w="100" x="50" y="250"/>
      <ModellElementVerbindung Element="9" Typ="Auslaufend"/>
      <ModellElementVerteilung Zeitbasis="Sekunden">Exponentialverteilung (10)</ModellElementVerteilung>
    </ModellElementQuelle>
    <ModellElementVerzweigen id="3">
      <ModellElementGroesse h="50" w="100" x="250" y="250"/>
      <ModellElementVerzweigungsmodus>Zufall</ModellElementVerzweigungsmodus>
      <ModellElementVerbindung Element="9" Typ="Einlaufend"/>
      <ModellElementVerbindung Element="10" Rate="3" Typ="Auslaufend"/>
      <ModellElementVerbindung Element="11" Rate="1" Typ="Auslaufend"/>
    </ModellElementVerzweigen>
    <ModellElementVerzweigen id="4">
      <ModellElementGroesse h="50" w="100" x="250" y="50"/>
      <ModellElementVerzweigungsmodus>Zufall</ModellElementVerzweigungsmodus>
      <ModellElementVerbindung Element="7" Typ="Einlaufend"/>
      <ModellElementVerbindung Element="8" Rate="3" Typ="Auslaufend"/>
      <ModellElementVerbindung Element="12" Rate="1" Typ="Auslaufend"/>
    </ModellElementVerzweigen>
    <ModellElementBedienstation id="5">
      <ModellElementGroesse h="50" w="100" x="450" y="50"/>
      <ModellElementVerbindung Element="8" Typ="Einlaufend"/>
      <ModellElementVerbindung Element="11" Typ="Einlaufend"/>
      <ModellElementVerbindung Element="14" Typ="Auslaufend"/>
      <ModellElementVerteilung Typ="Bedienzeiten" Zeitbasis="Sekunden">Exponentialverteilung (100)</ModellElementVerteilung>
      <ModellElementPrioritaet Kundentyp="KundenA">w</ModellElementPrioritaet>
      <ModellElementPrioritaet Kundentyp="KundenB">w</ModellElementPrioritaet>
      <ModellElementBediener Anzahl="1" Gruppe="GruppeA"/>
      <ModellElementBedienerPrioritaet>1</ModellElementBedienerPrioritaet>
    </ModellElementBedienstation>
    <ModellElementBedienstation id="6">
      <ModellElementGroesse h="50" w="100" x="450" y="250"/>
      <ModellElementVerbindung Element="10" Typ="Einlaufend"/>
      <ModellElementVerbindung Element="12" Typ="Einlaufend"/>
      <ModellElementVerbindung Element="15" Typ="Auslaufend"/>
      <ModellElementVerteilung Typ="Bedienzeiten" Zeitbasis="Sekunden">Exponentialverteilung (100)</ModellElementVerteilung>
      <ModellElementPrioritaet Kundentyp="KundenA">w</ModellElementPrioritaet>
      <ModellElementPrioritaet Kundentyp="KundenB">w</ModellElementPrioritaet>
      <ModellElementBediener Anzahl="1" Gruppe="GruppeB"/>
      <ModellElementBedienerPrioritaet>1</ModellElementBedienerPrioritaet>
    </ModellElementBedienstation>
    <ModellElementKante id="7">
      <ModellElementName>Ankünfte (KundenA)</ModellElementName>
      <ModellElementVerbindung Element1="1" Element2="4" Typ="Kante"/>
    </ModellElementKante>
    <ModellElementKante id="8">
      <ModellElementName>Rate 3 (75%)</ModellElementName>
      <ModellElementVerbindung Element1="4" Element2="5" Typ="Kante"/>
    </ModellElementKante>
    <ModellElementKante id="9">
      <ModellElementName>Ankünfte (KundenB)</ModellElementName>
      <ModellElementVerbindung Element1="2" Element2="3" Typ="Kante"/>
    </ModellElementKante>
    <ModellElementKante id="10">
      <ModellElementName>Rate 3 (75%)</ModellElementName>
      <ModellElementVerbindung Element1="3" Element2="6" Typ="Kante"/>
    </ModellElementKante>
    <ModellElementKante id="11">
      <ModellElementName>Rate 1 (25%)</ModellElementName>
      <ModellElementVerbindung Element1="3" Element2="5" Typ="Kante"/>
    </ModellElementKante>
    <ModellElementKante id="12">
      <ModellElementName>Rate 1 (25%)</ModellElementName>
      <ModellElementVerbindung Element1="4" Element2="6" Typ="Kante"/>
    </ModellElementKante>
    <ModellElementEnde id="13">
      <ModellElementGroesse h="50" w="100" x="650" y="155"/>
      <ModellElementVerbindung Element="14" Typ="Einlaufend"/>
      <ModellElementVerbindung Element="15" Typ="Einlaufend"/>
    </ModellElementEnde>
    <ModellElementKante id="14">
      <ModellElementVerbindung Element1="5" Element2="13" Typ="Kante"/>
    </ModellElementKante>
    <ModellElementKante id="15">
      <ModellElementVerbindung Element1="6" Element2="13" Typ="Kante"/>
    </ModellElementKante>
  </ModellElemente>
  <Ressourcen>
    <Ressource Name="GruppeA" Typ="Anzahl">11</Ressource>
    <Ressource Name="GruppeB" Typ="Anzahl">11</Ressource>
  </Ressourcen>
  <KundentypenDaten/>
  <ModellZeitplaene/>
</Modell>
