<?xml version="1.0" encoding="UTF-8" standalone="no"?>
<!DOCTYPE OptimiererEinstellungen SYSTEM "https://qs.highfives.io/xml/Simulator.dtd">
<OptimiererEinstellungen xmlns="https://qs.highfives.io" xmlns:xsi="http://www.w3.org/2001/XMLSchema-instance" xsi:schemaLocation="https://qs.highfives.io https://qs.highfives.io/xml/Simulator.xsd">
  <OptimiererKontrollvariable BereichMaximum="20" BereichMinimum="5" Ganzzahl="1" Modus="0" Startwert="6">Ressourcen-&gt;Ressource[Name="GruppeA"]-&gt;[Wert]</OptimiererKontrollvariable>
  <OptimiererKontrollvariable BereichMaximum="20" BereichMinimum="5" Ganzzahl="1" Modus="0" Startwert="6">Ressourcen-&gt;Ressource[Name="GruppeB"]-&gt;[Wert]</OptimiererKontrollvariable>
  <OptimiererZiel BereichMaximum="15.0" BereichMinimum="5.0" Modus="0" Richtung="Bereich">StatistikWartezeitenAlleKunden[Mittelwert]</OptimiererZiel>
  <OptimiererAusgabeverzeichnis>C:\Users\Alexa\Desktop</OptimiererAusgabeverzeichnis>
  <OptimiererKern>Variablen reihnum verändern</OptimiererKern>
</OptimiererEinstellungen>
