<?xml version="1.0" encoding="UTF-8" standalone="no"?>
<!DOCTYPE Modell SYSTEM "https://qs.highfives.io/xml/Simulator.dtd">
<Modell xmlns="https://qs.highfives.io" xmlns:xsi="http://www.w3.org/2001/XMLSchema-instance" xsi:schemaLocation="https://qs.highfives.io https://qs.highfives.io/xml/Simulator.xsd">
  <ModellVersion>3.2.0</ModellVersion>
  <ModellAutor>Alexander Herzog</ModellAutor>
  <ModellKunden Aktiv="1">10000000</ModellKunden>
  <ModellAufwaermphase>0.05</ModellAufwaermphase>
  <ModellAbbruchzeit Aktiv="0">10:00:00:00</ModellAbbruchzeit>
  <ModellElemente>
    <ModellElementQuelle id="1">
      <ModellElementName>Kunden</ModellElementName>
      <ModellElementGroesse h="50" w="100" x="100" y="250"/>
      <ModellElementVerbindung Element="10" Typ="Auslaufend"/>
      <ModellElementVerteilung Zeitbasis="Sekunden">Exponentialverteilung (55)</ModellElementVerteilung>
      <ModellElementBatch Groesse="1"/>
    </ModellElementQuelle>
    <ModellElementVerzweigen id="2">
      <ModellElementGroesse h="50" w="100" x="365" y="255"/>
      <ModellElementVerzweigungsmodus>Bedingung</ModellElementVerzweigungsmodus>
      <ModellElementVerbindung Element="10" Typ="Einlaufend"/>
      <ModellElementVerbindung Bedingung="WIP(5)+WIP(33)&lt;5" Element="11" Typ="Auslaufend"/>
      <ModellElementVerbindung Bedingung="WIP(4)+WIP(7)&lt;10" Element="12" Typ="Auslaufend"/>
      <ModellElementVerbindung Element="39" Typ="Auslaufend"/>
    </ModellElementVerzweigen>
    <ModellElementEnde id="3">
      <ModellElementGroesse h="50" w="100" x="300" y="400"/>
      <ModellElementVerbindung Element="39" Typ="Einlaufend"/>
      <ModellElementVerbindung Element="36" Typ="Einlaufend"/>
    </ModellElementEnde>
    <ModellElementBedingung id="4">
      <ModellElementName>Lager</ModellElementName>
      <ModellElementGroesse h="50" w="100" x="400" y="100"/>
      <ModellElementVerbindung Element="12" Typ="Einlaufend"/>
      <ModellElementVerbindung Element="31" Typ="Einlaufend"/>
      <ModellElementVerbindung Element="13" Typ="Auslaufend"/>
      <ModellElementBedingungText>WIP(5)+WIP(33)&lt;5</ModellElementBedingungText>
    </ModellElementBedingung>
    <ModellElementBedienstation id="5">
      <ModellElementName>Station 1</ModellElementName>
      <ModellElementGroesse h="50" w="100" x="550" y="300"/>
      <ModellElementVerbindung Element="13" Typ="Einlaufend"/>
      <ModellElementVerbindung Element="11" Typ="Einlaufend"/>
      <ModellElementVerbindung Element="32" Typ="Einlaufend"/>
      <ModellElementVerbindung Element="6" Typ="Auslaufend"/>
      <ModellElementVerteilung Status="Bedienzeit" Typ="Bedienzeiten" Zeitbasis="Sekunden">Exponentialverteilung (50)</ModellElementVerteilung>
      <ModellElementPrioritaet Kundentyp="Kunden">w</ModellElementPrioritaet>
      <ModellElementBediener Alternative="1" Anzahl="1" Gruppe="Station 1"/>
      <ModellElementBedienerPrioritaet>1</ModellElementBedienerPrioritaet>
    </ModellElementBedienstation>
    <ModellElementBedingung id="7">
      <ModellElementName>Lager</ModellElementName>
      <ModellElementGroesse h="50" w="100" x="850" y="100"/>
      <ModellElementVerbindung Element="35" Typ="Einlaufend"/>
      <ModellElementVerbindung Element="16" Typ="Auslaufend"/>
      <ModellElementBedingungText>WIP(8)&lt;5</ModellElementBedingungText>
    </ModellElementBedingung>
    <ModellElementBedienstation id="8">
      <ModellElementName>Station 2</ModellElementName>
      <ModellElementGroesse h="50" w="100" x="950" y="300"/>
      <ModellElementVerbindung Element="16" Typ="Einlaufend"/>
      <ModellElementVerbindung Element="34" Typ="Einlaufend"/>
      <ModellElementVerbindung Element="17" Typ="Auslaufend"/>
      <ModellElementVerteilung Status="Bedienzeit" Typ="Bedienzeiten" Zeitbasis="Sekunden">Exponentialverteilung (50)</ModellElementVerteilung>
      <ModellElementPrioritaet Kundentyp="Kunden">w</ModellElementPrioritaet>
      <ModellElementBediener Alternative="1" Anzahl="1" Gruppe="Station 2"/>
      <ModellElementBedienerPrioritaet>1</ModellElementBedienerPrioritaet>
    </ModellElementBedienstation>
    <ModellElementEnde id="9">
      <ModellElementGroesse h="50" w="100" x="1150" y="300"/>
      <ModellElementVerbindung Element="17" Typ="Einlaufend"/>
    </ModellElementEnde>
    <ModellElementKante id="13">
      <ModellElementVerbindung Element1="4" Element2="5" Typ="Kante"/>
    </ModellElementKante>
    <ModellElementKante id="16">
      <ModellElementVerbindung Element1="7" Element2="8" Typ="Kante"/>
    </ModellElementKante>
    <ModellElementKante id="17">
      <ModellElementVerbindung Element1="8" Element2="9" Typ="Kante"/>
    </ModellElementKante>
    <ModellElementKasten id="18">
      <ModellElementGroesse h="150" w="750" x="300" y="50"/>
      <ModellElementLinienBreite>2</ModellElementLinienBreite>
      <ModellElementFarbe>0,0,255</ModellElementFarbe>
    </ModellElementKasten>
    <ModellElementText id="19">
      <ModellElementGroesse h="19" w="192" x="305" y="55"/>
      <ModellElementTextzeile>Virtuelles gemeinsames Lager</ModellElementTextzeile>
      <ModellElementSchriftgrosse>14</ModellElementSchriftgrosse>
      <ModellElementFarbe>0,0,255</ModellElementFarbe>
    </ModellElementText>
    <ModellElementKasten id="20">
      <ModellElementGroesse h="200" w="350" x="500" y="250"/>
      <ModellElementLinienBreite>2</ModellElementLinienBreite>
      <ModellElementFarbe>255,0,0</ModellElementFarbe>
    </ModellElementKasten>
    <ModellElementText id="21">
      <ModellElementGroesse h="57" w="255" x="505" y="385"/>
      <ModellElementTextzeile>Station 1, vorgeschaltetes lokales</ModellElementTextzeile>
      <ModellElementTextzeile>Lager direkt integriert, nachgeschaltetes</ModellElementTextzeile>
      <ModellElementTextzeile>Lager als eigener Baustein</ModellElementTextzeile>
      <ModellElementSchriftgrosse>14</ModellElementSchriftgrosse>
      <ModellElementFarbe>255,0,0</ModellElementFarbe>
    </ModellElementText>
    <ModellElementKasten id="22">
      <ModellElementGroesse h="200" w="200" x="900" y="250"/>
      <ModellElementLinienBreite>2</ModellElementLinienBreite>
      <ModellElementFarbe>0,180,0</ModellElementFarbe>
    </ModellElementKasten>
    <ModellElementText id="23">
      <ModellElementGroesse h="38" w="184" x="905" y="410"/>
      <ModellElementTextzeile>Station 2, vorgeschaltetes</ModellElementTextzeile>
      <ModellElementTextzeile>lokales Lager direkt integriert</ModellElementTextzeile>
      <ModellElementSchriftgrosse>14</ModellElementSchriftgrosse>
      <ModellElementFarbe>0,180,0</ModellElementFarbe>
    </ModellElementText>
    <ModellElementText id="24">
      <ModellElementGroesse h="28" w="109" x="375" y="220"/>
      <ModellElementTextzeile>Kunde freigeben, wenn</ModellElementTextzeile>
      <ModellElementTextzeile>WIP(4)+WIP(7)&lt;10</ModellElementTextzeile>
      <ModellElementSchriftgrosse>10</ModellElementSchriftgrosse>
      <ModellElementFarbe>0,0,0</ModellElementFarbe>
    </ModellElementText>
    <ModellElementText id="25">
      <ModellElementGroesse h="28" w="109" x="520" y="165"/>
      <ModellElementTextzeile>Kunde freigeben, wenn</ModellElementTextzeile>
      <ModellElementTextzeile>WIP(5)+WIP(33)&lt;5</ModellElementTextzeile>
      <ModellElementSchriftgrosse>10</ModellElementSchriftgrosse>
      <ModellElementFarbe>0,0,0</ModellElementFarbe>
    </ModellElementText>
    <ModellElementText id="26">
      <ModellElementGroesse h="19" w="317" x="520" y="115"/>
      <ModellElementTextzeile>(Maximalbestand in beiden Teilen zusammen: 10)</ModellElementTextzeile>
      <ModellElementSchriftgrosse kursiv="1">14</ModellElementSchriftgrosse>
      <ModellElementFarbe>0,0,255</ModellElementFarbe>
    </ModellElementText>
    <ModellElementText id="27">
      <ModellElementGroesse h="19" w="229" x="560" y="460"/>
      <ModellElementTextzeile>(Maximalbestand in dem Bereich: 5)</ModellElementTextzeile>
      <ModellElementSchriftgrosse kursiv="1">14</ModellElementSchriftgrosse>
      <ModellElementFarbe>255,0,0</ModellElementFarbe>
    </ModellElementText>
    <ModellElementText id="29">
      <ModellElementGroesse h="19" w="229" x="890" y="460"/>
      <ModellElementTextzeile>(Maximalbestand in dem Bereich: 5)</ModellElementTextzeile>
      <ModellElementSchriftgrosse kursiv="1">14</ModellElementSchriftgrosse>
      <ModellElementFarbe>0,180,0</ModellElementFarbe>
    </ModellElementText>
    <ModellElementText id="37">
      <ModellElementGroesse h="28" w="81" x="940" y="165"/>
      <ModellElementTextzeile>Kunde freigeben,</ModellElementTextzeile>
      <ModellElementTextzeile>wenn WIP(8)&lt;5</ModellElementTextzeile>
      <ModellElementSchriftgrosse>10</ModellElementSchriftgrosse>
      <ModellElementFarbe>0,0,0</ModellElementFarbe>
    </ModellElementText>
    <ModellElementKante id="11">
      <ModellElementName>Bedingung 1</ModellElementName>
      <ModellElementVerbindung Element1="2" Element2="5" Typ="Kante"/>
    </ModellElementKante>
    <ModellElementKante id="12">
      <ModellElementName>Bedingung 2</ModellElementName>
      <ModellElementVerbindung Element1="2" Element2="4" Typ="Kante"/>
    </ModellElementKante>
    <ModellElementKante id="39">
      <ModellElementName>Fall "sonst"</ModellElementName>
      <ModellElementVerbindung Element1="2" Element2="3" Typ="Kante"/>
    </ModellElementKante>
    <ModellElementText id="40">
      <ModellElementGroesse h="28" w="116" x="380" y="315"/>
      <ModellElementTextzeile>Direkt zu Station 1, wenn</ModellElementTextzeile>
      <ModellElementTextzeile>WIP(5)+WIP(33)&lt;5</ModellElementTextzeile>
      <ModellElementSchriftgrosse>10</ModellElementSchriftgrosse>
      <ModellElementFarbe>0,0,0</ModellElementFarbe>
    </ModellElementText>
    <ModellElementBedingungMehrfach id="33">
      <ModellElementGroesse h="50" w="100" x="700" y="300"/>
      <ModellElementVerbindung Element="6" Typ="Einlaufend"/>
      <ModellElementVerbindung Bedingung="WIP(8)&lt;5" Element="34" Typ="Auslaufend"/>
      <ModellElementVerbindung Bedingung="(WIP(4)+WIP(7)&lt;=10 &amp;&amp; WIP(4)&gt;0) || (WIP(4)+WIP(7)&lt;10)" Element="35" Typ="Auslaufend"/>
    </ModellElementBedingungMehrfach>
    <ModellElementKante id="34">
      <ModellElementName>WIP(8)&lt;5</ModellElementName>
      <ModellElementVerbindung Element1="33" Element2="8" Typ="Kante"/>
    </ModellElementKante>
    <ModellElementKante id="35">
      <ModellElementName>(WIP(4)+WIP(7)&lt;=10 &amp;&amp; WIP(4)&gt;0) || (WIP(4)+WIP(7)&lt;10)</ModellElementName>
      <ModellElementVerbindung Element1="33" Element2="7" Typ="Kante"/>
    </ModellElementKante>
    <ModellElementKante id="6">
      <ModellElementVerbindung Element1="5" Element2="33" Typ="Kante"/>
    </ModellElementKante>
    <ModellElementAnimationText id="14">
      <ModellElementName>Bedienstation "Station 2" (id=8) - Maximaler Wert</ModellElementName>
      <ModellElementGroesse h="30" w="203" x="900" y="500"/>
      <ModellElementSchriftgrosse>14</ModellElementSchriftgrosse>
      <ModellElementFarbe>0,0,0</ModellElementFarbe>
      <ModellElementAnimationsmodus Art="Zahlenwert">wip_max(8)</ModellElementAnimationsmodus>
    </ModellElementAnimationText>
    <ModellElementAnimationText id="55">
      <ModellElementName>Bedienstation "Station 1" (id=5) - Maximaler Wert</ModellElementName>
      <ModellElementGroesse h="30" w="203" x="550" y="500"/>
      <ModellElementSchriftgrosse>14</ModellElementSchriftgrosse>
      <ModellElementFarbe>0,0,0</ModellElementFarbe>
      <ModellElementAnimationsmodus Art="Zahlenwert">wip_max(5)</ModellElementAnimationsmodus>
    </ModellElementAnimationText>
    <ModellElementAnimationText id="15">
      <ModellElementName>Bedienstation "Station 1" (id=5) - Anteil "6"</ModellElementName>
      <ModellElementGroesse h="30" w="174" x="550" y="600"/>
      <ModellElementSchriftgrosse>14</ModellElementSchriftgrosse>
      <ModellElementFarbe>0,0,0</ModellElementFarbe>
      <ModellElementAnimationsmodus Art="Prozentwert" Nachkommastellen="4">WIP_hist(5;6)</ModellElementAnimationsmodus>
    </ModellElementAnimationText>
    <ModellElementAnimationText id="28">
      <ModellElementName>Bedienstation "Station 1" (id=5) - Anteil "5"</ModellElementName>
      <ModellElementGroesse h="30" w="174" x="550" y="550"/>
      <ModellElementSchriftgrosse>14</ModellElementSchriftgrosse>
      <ModellElementFarbe>0,0,0</ModellElementFarbe>
      <ModellElementAnimationsmodus Art="Prozentwert" Nachkommastellen="4">WIP_hist(5;5)</ModellElementAnimationsmodus>
    </ModellElementAnimationText>
    <ModellElementBedingungMehrfach id="30">
      <ModellElementGroesse h="50" w="100" x="130" y="395"/>
      <ModellElementVerbindung Bedingung="WIP(4)+WIP(7)&lt;10" Element="31" Typ="Auslaufend"/>
      <ModellElementVerbindung Bedingung="WIP(5)+WIP(33)&lt;5" Element="32" Typ="Auslaufend"/>
      <ModellElementVerbindung Bedingung="1==1" Element="36" Typ="Auslaufend"/>
    </ModellElementBedingungMehrfach>
    <ModellElementKante id="31">
      <ModellElementName>WIP(4)+WIP(7)&lt;10</ModellElementName>
      <ModellElementVerbindung Element1="30" Element2="4" Typ="Kante"/>
    </ModellElementKante>
    <ModellElementKante id="32">
      <ModellElementName>WIP(5)+WIP(33)&lt;5</ModellElementName>
      <ModellElementVerbindung Element1="30" Element2="5" Typ="Kante"/>
    </ModellElementKante>
    <ModellElementKante id="36">
      <ModellElementName>1==1</ModellElementName>
      <ModellElementVerbindung Element1="30" Element2="3" Typ="Kante"/>
    </ModellElementKante>
    <ModellElementKante id="10">
      <ModellElementName>Ankünfte (Kunden)</ModellElementName>
      <ModellElementVerbindung Element1="1" Element2="2" Typ="Kante"/>
    </ModellElementKante>
  </ModellElemente>
  <Ressourcen UntergeordnetePrioritaet="Zufaellig">
    <Ressource Name="Station 2" Typ="Anzahl" Wert="1"/>
    <Ressource Name="Station 1" Typ="Anzahl" Wert="1"/>
  </Ressourcen>
  <KundentypenDaten/>
  <ModellKantenNormal Breite="1" Farbe="0,0,0" Typ="0"/>
  <ModellKantenSelektiert Breite="1" Typ="0"/>
</Modell>
