<?xml version="1.0" encoding="UTF-8" standalone="no"?>
<!DOCTYPE Modell SYSTEM "https://qs.highfives.io/xml/Simulator.dtd">
<Modell xmlns="https://qs.highfives.io" xmlns:xsi="http://www.w3.org/2001/XMLSchema-instance" xsi:schemaLocation="https://qs.highfives.io https://qs.highfives.io/xml/Simulator.xsd">
  <ModellVersion>1.4.0</ModellVersion>
  <ModellName/>
  <ModellBeschreibung/>
  <ModellAutor>Alexa</ModellAutor>
  <ModellKunden Aktiv="1">20</ModellKunden>
  <ModellAufwaermphase>0.05</ModellAufwaermphase>
  <ModellAbbruchbedingung Aktiv="0"/>
  <ModellAbbruchzeit Aktiv="0">10:00:00:00</ModellAbbruchzeit>
  <ModellZufallszahlenStartwert Aktiv="0">0</ModellZufallszahlenStartwert>
  <ModellElemente>
    <ModellElementSchranke id="2">
      <ModellElementGroesse h="50" w="100" x="250" y="200"/>
      <ModellElementVerbindung Element="8" Typ="Einlaufend"/>
      <ModellElementVerbindung Element="9" Typ="Auslaufend"/>
      <ModellElementSchrankeOption>
        <ModellElementSignalname>Signal</ModellElementSignalname>
        <ModellElementFreigabe Anzahl="1"/>
      </ModellElementSchrankeOption>
    </ModellElementSchranke>
    <ModellElementSignal id="3">
      <ModellElementName>Signal</ModellElementName>
      <ModellElementGroesse h="50" w="100" x="400" y="200"/>
      <ModellElementVerbindung Element="9" Typ="Einlaufend"/>
      <ModellElementVerbindung Element="10" Typ="Auslaufend"/>
    </ModellElementSignal>
    <ModellElementEnde id="4">
      <ModellElementGroesse h="50" w="100" x="600" y="200"/>
      <ModellElementVerbindung Element="10" Typ="Einlaufend"/>
    </ModellElementEnde>
    <ModellElementEnde id="5">
      <ModellElementGroesse h="50" w="100" x="600" y="50"/>
      <ModellElementVerbindung Element="12" Typ="Einlaufend"/>
    </ModellElementEnde>
    <ModellElementAusleiten id="7">
      <ModellElementGroesse h="50" w="100" x="300" y="50"/>
      <ModellElementVerbindung Element="11" Typ="Einlaufend"/>
      <ModellElementVerbindung Element="12" Typ="Auslaufend"/>
      <ModellElementWarteschlange IgnorierenWennLeer="1">2</ModellElementWarteschlange>
      <ModellElementBatchModus>Sammeln</ModellElementBatchModus>
    </ModellElementAusleiten>
    <ModellElementQuelle id="1">
      <ModellElementName>KundenA</ModellElementName>
      <ModellElementGroesse h="50" w="100" x="50" y="50"/>
      <ModellElementVerbindung Element="11" Typ="Auslaufend"/>
      <ModellElementVerteilung Zeitbasis="Sekunden">Exponentialverteilung (60)</ModellElementVerteilung>
    </ModellElementQuelle>
    <ModellElementQuelle id="6">
      <ModellElementName>KundenB</ModellElementName>
      <ModellElementGroesse h="50" w="100" x="50" y="200"/>
      <ModellElementVerbindung Element="8" Typ="Auslaufend"/>
      <ModellElementVerteilung Anzahl="1" Zeitbasis="Sekunden">Exponentialverteilung (60)</ModellElementVerteilung>
    </ModellElementQuelle>
    <ModellElementKante id="8">
      <ModellElementName>Ankünfte (KundenB)</ModellElementName>
      <ModellElementVerbindung Element1="6" Element2="2" Typ="Kante"/>
    </ModellElementKante>
    <ModellElementKante id="9">
      <ModellElementVerbindung Element1="2" Element2="3" Typ="Kante"/>
    </ModellElementKante>
    <ModellElementKante id="10">
      <ModellElementVerbindung Element1="3" Element2="4" Typ="Kante"/>
    </ModellElementKante>
    <ModellElementKante id="11">
      <ModellElementName>Ankünfte (KundenA)</ModellElementName>
      <ModellElementVerbindung Element1="1" Element2="7" Typ="Kante"/>
    </ModellElementKante>
    <ModellElementKante id="12">
      <ModellElementVerbindung Element1="7" Element2="5" Typ="Kante"/>
    </ModellElementKante>
  </ModellElemente>
  <KundentypenDaten/>
</Modell>
