<?xml version="1.0" encoding="UTF-8" standalone="no"?>
<!DOCTYPE Modell SYSTEM "http://www.tu-clausthal.de/fileadmin/simulator/Simulator.dtd">
<Modell xmlns="http://www.tu-clausthal.de" xmlns:xsi="http://www.w3.org/2001/XMLSchema-instance" xsi:schemaLocation="http://www.tu-clausthal.de http://www.tu-clausthal.de/fileadmin/simulator/Simulator.xsd">
  <ModellVersion>0.1.1</ModellVersion>
  <ModellName>Erlang-C-Test </ModellName>
  <ModellBeschreibung>2x
lambda=0,6 (pro Minute)
1/mu=1,333 (Minuten)
1/nu=infty (Minuten)

c=2</ModellBeschreibung>
  <ModellKunden>10000000</ModellKunden>
  <ModellAufwaermphase>0.1</ModellAufwaermphase>
  <ModellElemente>
    <ModellElementQuelle id="2">
      <ModellElementName>KundenA</ModellElementName>
      <ModellElementGroesse h="50" w="100" x="50" y="100"/>
      <ModellElementVerbindung Element="4" Typ="Auslaufend"/>
      <ModellElementVerteilung>Exponentialverteilung (200)</ModellElementVerteilung>
    </ModellElementQuelle>
    <ModellElementEnde id="3">
      <ModellElementGroesse h="50" w="100" x="550" y="150"/>
      <ModellElementVerbindung Element="5" Typ="Einlaufend"/>
    </ModellElementEnde>
    <ModellElementQuelle id="6">
      <ModellElementName>KundenB</ModellElementName>
      <ModellElementGroesse h="50" w="100" x="50" y="200"/>
      <ModellElementVerbindung Element="7" Typ="Auslaufend"/>
      <ModellElementVerteilung>Exponentialverteilung (200)</ModellElementVerteilung>
    </ModellElementQuelle>
    <ModellElementBedienstation id="1">
      <ModellElementGroesse h="50" w="100" x="300" y="150"/>
      <ModellElementVerbindung Element="4" Typ="Einlaufend"/>
      <ModellElementVerbindung Element="7" Typ="Einlaufend"/>
      <ModellElementVerbindung Element="5" Typ="Auslaufend"/>
      <ModellElementVerteilung Typ="Bedienzeiten">Exponentialverteilung (80)</ModellElementVerteilung>
      <ModellElementPrioritaet Kundentyp="Kunden">w</ModellElementPrioritaet>
      <ModellElementPrioritaet Kundentyp="KundenA">w</ModellElementPrioritaet>
      <ModellElementPrioritaet Kundentyp="KundenB">w+100</ModellElementPrioritaet>
      <ModellElementBediener Anzahl="1" Gruppe="Bedienergruppe"/>
    </ModellElementBedienstation>
    <ModellElementKante id="4">
      <ModellElementName>Ankünfte (KundenA)</ModellElementName>
      <ModellElementVerbindung Element1="2" Element2="1" Typ="Kante"/>
    </ModellElementKante>
    <ModellElementKante id="5">
      <ModellElementVerbindung Element1="1" Element2="3" Typ="Kante"/>
    </ModellElementKante>
    <ModellElementKante id="7">
      <ModellElementName>Ankünfte (KundenB)</ModellElementName>
      <ModellElementVerbindung Element1="6" Element2="1" Typ="Kante"/>
    </ModellElementKante>
  </ModellElemente>
  <Ressourcen>
    <Ressource Name="Bedienergruppe">1</Ressource>
  </Ressourcen>
</Modell>
