<?xml version="1.0" encoding="UTF-8" standalone="no"?>
<!DOCTYPE Modell SYSTEM "https://qs.highfives.io/xml/Simulator.dtd">
<Modell xmlns="https://qs.highfives.io" xmlns:xsi="http://www.w3.org/2001/XMLSchema-instance" xsi:schemaLocation="https://qs.highfives.io https://qs.highfives.io/xml/Simulator.xsd">
  <ModellVersion>3.3.0</ModellVersion>
  <ModellAutor>Alexander Herzog</ModellAutor>
  <ModellKunden Aktiv="1">2000000</ModellKunden>
  <ModellAufwaermphase>0.05</ModellAufwaermphase>
  <ModellAbbruchzeit Aktiv="0">10:00:00:00</ModellAbbruchzeit>
  <ModellElemente>
    <ModellElementQuelle id="1">
      <ModellElementName>Kunden</ModellElementName>
      <ModellElementGroesse h="50" w="100" x="50" y="100"/>
      <ModellElementVerbindung Element="3" Typ="Auslaufend"/>
      <ModellElementVerteilung Zeitbasis="Sekunden">Exponentialverteilung (60)</ModellElementVerteilung>
      <ModellElementBatch Groesse="1"/>
    </ModellElementQuelle>
    <ModellElementVariable id="2">
      <ModellElementGroesse h="50" w="100" x="250" y="100"/>
      <ModellElementVerbindung Element="3" Typ="Einlaufend"/>
      <ModellElementVerbindung Element="7" Typ="Auslaufend"/>
      <ModellElementVariablenzuweisung Variable="ClientData(1)">ExpDist(120)</ModellElementVariablenzuweisung>
    </ModellElementVariable>
    <ModellElementKante id="3">
      <ModellElementName>Ankünfte (Kunden)</ModellElementName>
      <ModellElementVerbindung Element1="1" Element2="2" Typ="Kante"/>
    </ModellElementKante>
    <ModellElementBedienstation id="4">
      <ModellElementGroesse h="50" w="100" x="400" y="100"/>
      <ModellElementVerbindung Element="7" Typ="Einlaufend"/>
      <ModellElementVerbindung Element="10" Typ="Auslaufend"/>
      <ModellElementVerbindung Element="11" Status="Warteabbruch" Typ="Auslaufend"/>
      <ModellElementVerteilung Status="Bedienzeit" Typ="Bedienzeiten" Zeitbasis="Sekunden">Exponentialverteilung (50)</ModellElementVerteilung>
      <ModellElementAusdruck Typ="Abbruchzeiten">ClientData(1)</ModellElementAusdruck>
      <ModellElementPrioritaet Kundentyp="Kunden">w</ModellElementPrioritaet>
      <ModellElementBediener Alternative="1" Anzahl="1" Gruppe="Neue Bedienergruppe"/>
      <ModellElementBedienerPrioritaet>1</ModellElementBedienerPrioritaet>
    </ModellElementBedienstation>
    <ModellElementEnde id="5">
      <ModellElementGroesse h="50" w="100" x="700" y="200"/>
      <ModellElementVerbindung Element="13" Typ="Einlaufend"/>
      <ModellElementVerbindung Element="14" Typ="Einlaufend"/>
    </ModellElementEnde>
    <ModellElementAufzeichnung id="6">
      <ModellElementName>Erfolg</ModellElementName>
      <ModellElementGroesse h="50" w="100" x="700" y="100"/>
      <ModellElementVerbindung Element="12" Typ="Einlaufend"/>
      <ModellElementVerbindung Element="14" Typ="Auslaufend"/>
      <ModellElementAufzeichnungAusdruck1>w</ModellElementAufzeichnungAusdruck1>
      <ModellElementAufzeichnungAusdruck2>ClientData(1)</ModellElementAufzeichnungAusdruck2>
    </ModellElementAufzeichnung>
    <ModellElementKante id="7">
      <ModellElementVerbindung Element1="2" Element2="4" Typ="Kante"/>
    </ModellElementKante>
    <ModellElementZaehler id="8">
      <ModellElementName>Erfolg</ModellElementName>
      <ModellElementGroesse h="50" w="100" x="550" y="100"/>
      <ModellElementVerbindung Element="10" Typ="Einlaufend"/>
      <ModellElementVerbindung Element="12" Typ="Auslaufend"/>
      <ModellElementZaehlerGruppe>Typ</ModellElementZaehlerGruppe>
    </ModellElementZaehler>
    <ModellElementZaehler id="9">
      <ModellElementName>Abbruch</ModellElementName>
      <ModellElementGroesse h="50" w="100" x="400" y="200"/>
      <ModellElementVerbindung Element="11" Typ="Einlaufend"/>
      <ModellElementVerbindung Element="13" Typ="Auslaufend"/>
      <ModellElementZaehlerGruppe>Typ</ModellElementZaehlerGruppe>
    </ModellElementZaehler>
    <ModellElementKante id="10">
      <ModellElementName>Erfolg</ModellElementName>
      <ModellElementVerbindung Element1="4" Element2="8" Typ="Kante"/>
    </ModellElementKante>
    <ModellElementKante id="11">
      <ModellElementName>Warteabbruch</ModellElementName>
      <ModellElementVerbindung Element1="4" Element2="9" Typ="Kante"/>
    </ModellElementKante>
    <ModellElementKante id="12">
      <ModellElementVerbindung Element1="8" Element2="6" Typ="Kante"/>
    </ModellElementKante>
    <ModellElementKante id="13">
      <ModellElementVerbindung Element1="9" Element2="5" Typ="Kante"/>
    </ModellElementKante>
    <ModellElementKante id="14">
      <ModellElementVerbindung Element1="6" Element2="5" Typ="Kante"/>
    </ModellElementKante>
    <ModellElementAnimationAufzeichnung id="15">
      <ModellElementName>Aufzeichnung "Erfolg" (id=6) - Letzte Werte anzeigen</ModellElementName>
      <ModellElementGroesse h="300" w="300" x="150" y="300"/>
      <ModellElementLinienBreite>1</ModellElementLinienBreite>
      <ModellElementLinienFarbe>0,0,0</ModellElementLinienFarbe>
      <ModellElementAnimationAufzeichnungElementID>6</ModellElementAnimationAufzeichnungElementID>
      <ModellElementAnimationAufzeichnungAnzahlPunkte>1000</ModellElementAnimationAufzeichnungAnzahlPunkte>
    </ModellElementAnimationAufzeichnung>
  </ModellElemente>
  <Ressourcen UntergeordnetePrioritaet="Zufaellig">
    <Ressource Name="Neue Bedienergruppe" Typ="Anzahl" Wert="1"/>
  </Ressourcen>
  <KundentypenDaten/>
  <ModellKantenNormal Breite="1" Farbe="0,0,0" Typ="0"/>
  <ModellKantenSelektiert Breite="1" Typ="0"/>
  <ModellElementVerbindungsdarstellungsart>Abgerundet abgewinkelt</ModellElementVerbindungsdarstellungsart>
</Modell>
