<?xml version="1.0" encoding="UTF-8" standalone="no"?>
<!DOCTYPE Modell SYSTEM "https://qs.highfives.io/xml/Simulator.dtd">
<Modell xmlns="https://qs.highfives.io" xmlns:xsi="http://www.w3.org/2001/XMLSchema-instance" xsi:schemaLocation="https://qs.highfives.io https://qs.highfives.io/xml/Simulator.xsd">
  <ModellVersion>3.3.0</ModellVersion>
  <ModellAutor>Alexander Herzog</ModellAutor>
  <ModellKunden Aktiv="1">10000000</ModellKunden>
  <ModellAufwaermphase>0.05</ModellAufwaermphase>
  <ModellAbbruchzeit Aktiv="0">10:00:00:00</ModellAbbruchzeit>
  <ModellElemente>
    <ModellElementQuelle id="1">
      <ModellElementName>Kunden</ModellElementName>
      <ModellElementGroesse h="50" w="100" x="50" y="50"/>
      <ModellElementVerbindung Element="5" Typ="Auslaufend"/>
      <ModellElementVerteilung Zeitbasis="Sekunden">Exponentialverteilung (60)</ModellElementVerteilung>
      <ModellElementBatch Groesse="1"/>
    </ModellElementQuelle>
    <ModellElementBedienstation id="2">
      <ModellElementGroesse h="50" w="100" x="250" y="50"/>
      <ModellElementVerbindung Element="5" Typ="Einlaufend"/>
      <ModellElementVerbindung Element="6" Typ="Auslaufend"/>
      <ModellElementVerteilung Status="Bedienzeit" Typ="Bedienzeiten" Zeitbasis="Sekunden">Exponentialverteilung (50)</ModellElementVerteilung>
      <ModellElementPrioritaet Kundentyp="Kunden">w</ModellElementPrioritaet>
      <ModellElementBediener Alternative="1" Anzahl="1" Gruppe="Neue Bedienergruppe"/>
      <ModellElementBedienerPrioritaet>1</ModellElementBedienerPrioritaet>
    </ModellElementBedienstation>
    <ModellElementAufzeichnung id="3">
      <ModellElementName>Wartezeit</ModellElementName>
      <ModellElementGroesse h="50" w="100" x="400" y="50"/>
      <ModellElementVerbindung Element="6" Typ="Einlaufend"/>
      <ModellElementVerbindung Element="7" Typ="Auslaufend"/>
      <ModellElementAufzeichnungAusdruck1>w</ModellElementAufzeichnungAusdruck1>
    </ModellElementAufzeichnung>
    <ModellElementEnde id="4">
      <ModellElementGroesse h="50" w="100" x="550" y="50"/>
      <ModellElementVerbindung Element="7" Typ="Einlaufend"/>
    </ModellElementEnde>
    <ModellElementKante id="5">
      <ModellElementName>Ankünfte (Kunden)</ModellElementName>
      <ModellElementVerbindung Element1="1" Element2="2" Typ="Kante"/>
    </ModellElementKante>
    <ModellElementKante id="6">
      <ModellElementVerbindung Element1="2" Element2="3" Typ="Kante"/>
    </ModellElementKante>
    <ModellElementKante id="7">
      <ModellElementVerbindung Element1="3" Element2="4" Typ="Kante"/>
    </ModellElementKante>
    <ModellElementAnimationAufzeichnung id="9">
      <ModellElementName>Aufzeichnung "Wartezeit" (id=3) - Letzte Werte anzeigen</ModellElementName>
      <ModellElementGroesse h="200" w="600" x="50" y="150"/>
      <ModellElementLinienBreite>1</ModellElementLinienBreite>
      <ModellElementLinienFarbe>0,0,0</ModellElementLinienFarbe>
      <ModellElementAnimationAufzeichnungElementID>3</ModellElementAnimationAufzeichnungElementID>
      <ModellElementAnimationAufzeichnungAnzahlPunkte>1500</ModellElementAnimationAufzeichnungAnzahlPunkte>
    </ModellElementAnimationAufzeichnung>
  </ModellElemente>
  <Ressourcen UntergeordnetePrioritaet="Zufaellig">
    <Ressource Name="Neue Bedienergruppe" Typ="Anzahl" Wert="1"/>
  </Ressourcen>
  <KundentypenDaten/>
  <ModellKantenNormal Breite="1" Farbe="0,0,0" Typ="0"/>
  <ModellKantenSelektiert Breite="1" Typ="0"/>
  <ModellElementVerbindungsdarstellungsart>Abgerundet abgewinkelt</ModellElementVerbindungsdarstellungsart>
</Modell>
