<?xml version="1.0" encoding="UTF-8" standalone="no"?>
<!DOCTYPE Modell SYSTEM "https://qs.highfives.io/xml/Simulator.dtd">
<Modell xmlns="https://qs.highfives.io" xmlns:xsi="http://www.w3.org/2001/XMLSchema-instance" xsi:schemaLocation="https://qs.highfives.io https://qs.highfives.io/xml/Simulator.xsd">
  <ModellVersion>2.0.0</ModellVersion>
  <ModellAutor>Alexander Herzog</ModellAutor>
  <ModellKunden Aktiv="1">10000000</ModellKunden>
  <ModellAufwaermphase>0.05</ModellAufwaermphase>
  <ModellAbbruchzeit Aktiv="0">10:00:00:00</ModellAbbruchzeit>
  <ModellElemente>
    <ModellElementQuelle id="1">
      <ModellElementName>KundenA</ModellElementName>
      <ModellElementGroesse h="50" w="100" x="50" y="50"/>
      <ModellElementVerbindung Element="12" Typ="Auslaufend"/>
      <ModellElementVerteilung Zeitbasis="Sekunden">Exponentialverteilung (60)</ModellElementVerteilung>
    </ModellElementQuelle>
    <ModellElementQuelle id="2">
      <ModellElementName>KundenB</ModellElementName>
      <ModellElementGroesse h="50" w="100" x="50" y="250"/>
      <ModellElementVerbindung Element="14" Typ="Auslaufend"/>
      <ModellElementVerteilung Zeitbasis="Sekunden">Exponentialverteilung (60)</ModellElementVerteilung>
    </ModellElementQuelle>
    <ModellElementIcon id="3">
      <ModellElementGroesse h="50" w="100" x="450" y="50"/>
      <ModellElementVerbindung Element="13" Typ="Einlaufend"/>
      <ModellElementVerbindung Element="10" Typ="Auslaufend"/>
      <ModellElementIconName>emoticon_smile</ModellElementIconName>
    </ModellElementIcon>
    <ModellElementVerzoegerung id="5">
      <ModellElementName>A</ModellElementName>
      <ModellElementGroesse h="50" w="100" x="650" y="50"/>
      <ModellElementVerbindung Element="10" Typ="Einlaufend"/>
      <ModellElementVerbindung Element="11" Typ="Auslaufend"/>
      <ModellElementVerteilung Typ="Bedienzeit" Zeitbasis="Sekunden">Exponentialverteilung (50)</ModellElementVerteilung>
    </ModellElementVerzoegerung>
    <ModellElementVerzoegerung id="6">
      <ModellElementName>B</ModellElementName>
      <ModellElementGroesse h="50" w="100" x="650" y="250"/>
      <ModellElementVerbindung Element="17" Typ="Einlaufend"/>
      <ModellElementVerbindung Element="8" Typ="Auslaufend"/>
      <ModellElementVerteilung Typ="Bedienzeit" Zeitbasis="Sekunden">Exponentialverteilung (50)</ModellElementVerteilung>
    </ModellElementVerzoegerung>
    <ModellElementEnde id="7">
      <ModellElementGroesse h="50" w="100" x="830" y="130"/>
      <ModellElementVerbindung Element="8" Typ="Einlaufend"/>
      <ModellElementVerbindung Element="11" Typ="Einlaufend"/>
    </ModellElementEnde>
    <ModellElementKante id="8">
      <ModellElementVerbindung Element1="6" Element2="7" Typ="Kante"/>
    </ModellElementKante>
    <ModellElementKante id="10">
      <ModellElementVerbindung Element1="3" Element2="5" Typ="Kante"/>
    </ModellElementKante>
    <ModellElementKante id="11">
      <ModellElementVerbindung Element1="5" Element2="7" Typ="Kante"/>
    </ModellElementKante>
    <ModellElementVerzoegerung id="9">
      <ModellElementName>0A</ModellElementName>
      <ModellElementGroesse h="50" w="100" x="250" y="50"/>
      <ModellElementVerbindung Element="12" Typ="Einlaufend"/>
      <ModellElementVerbindung Element="13" Typ="Auslaufend"/>
      <ModellElementVerteilung Typ="Bedienzeit" Zeitbasis="Sekunden">Exponentialverteilung (50)</ModellElementVerteilung>
    </ModellElementVerzoegerung>
    <ModellElementVerzoegerung id="4">
      <ModellElementName>0B</ModellElementName>
      <ModellElementGroesse h="50" w="100" x="250" y="250"/>
      <ModellElementVerbindung Element="14" Typ="Einlaufend"/>
      <ModellElementVerbindung Element="19" Typ="Einlaufend"/>
      <ModellElementVerbindung Element="16" Typ="Auslaufend"/>
      <ModellElementVerteilung Typ="Bedienzeit" Zeitbasis="Sekunden">Exponentialverteilung (50)</ModellElementVerteilung>
    </ModellElementVerzoegerung>
    <ModellElementKante id="12">
      <ModellElementName>Ankünfte (KundenA)</ModellElementName>
      <ModellElementVerbindung Element1="1" Element2="9" Typ="Kante"/>
    </ModellElementKante>
    <ModellElementKante id="13">
      <ModellElementVerbindung Element1="9" Element2="3" Typ="Kante"/>
    </ModellElementKante>
    <ModellElementKante id="14">
      <ModellElementName>Ankünfte (KundenB)</ModellElementName>
      <ModellElementVerbindung Element1="2" Element2="4" Typ="Kante"/>
    </ModellElementKante>
    <ModellElementReferenz id="15">
      <ModellElementGroesse h="50" w="100" x="445" y="250"/>
      <ModellElementVerbindung Element="16" Typ="Einlaufend"/>
      <ModellElementVerbindung Element="17" Typ="Auslaufend"/>
      <ModellElementReferenzID>3</ModellElementReferenzID>
    </ModellElementReferenz>
    <ModellElementKante id="16">
      <ModellElementVerbindung Element1="4" Element2="15" Typ="Kante"/>
    </ModellElementKante>
    <ModellElementKante id="17">
      <ModellElementVerbindung Element1="15" Element2="6" Typ="Kante"/>
    </ModellElementKante>
    <ModellElementReferenz id="18">
      <ModellElementName>KundenC</ModellElementName>
      <ModellElementGroesse h="50" w="100" x="50" y="400"/>
      <ModellElementVerbindung Element="19" Typ="Auslaufend"/>
      <ModellElementReferenzID>1</ModellElementReferenzID>
    </ModellElementReferenz>
    <ModellElementKante id="19">
      <ModellElementVerbindung Element1="18" Element2="4" Typ="Kante"/>
    </ModellElementKante>
  </ModellElemente>
  <KundentypenDaten>
    <KundenDaten Icon="user_green" Name="KundenA"/>
    <KundenDaten Icon="user_red" Name="KundenB"/>
  </KundentypenDaten>
</Modell>
