<?xml version="1.0" encoding="UTF-8" standalone="no"?>
<!DOCTYPE Modell SYSTEM "https://qs.highfives.io/xml/Simulator.dtd">
<Modell xmlns="https://qs.highfives.io" xmlns:xsi="http://www.w3.org/2001/XMLSchema-instance" xsi:schemaLocation="https://qs.highfives.io https://qs.highfives.io/xml/Simulator.xsd">
  <ModellVersion>0.7.0</ModellVersion>
  <ModellName/>
  <ModellBeschreibung/>
  <ModellKunden Aktiv="1">10000000</ModellKunden>
  <ModellAufwaermphase>0.05</ModellAufwaermphase>
  <ModellAbbruchbedingung Aktiv="0"/>
  <ModellAbbruchzeit Aktiv="0">10:00:00:00</ModellAbbruchzeit>
  <ModellElemente>
    <ModellElementQuelle id="1">
      <ModellElementName>KundenA</ModellElementName>
      <ModellElementGroesse h="50" w="100" x="50" y="50"/>
      <ModellElementVerbindung Element="6" Typ="Auslaufend"/>
      <ModellElementVerteilung Zeitbasis="Sekunden">Exponentialverteilung (60)</ModellElementVerteilung>
    </ModellElementQuelle>
    <ModellElementQuelle id="2">
      <ModellElementName>KundenB</ModellElementName>
      <ModellElementGroesse h="50" w="100" x="50" y="150"/>
      <ModellElementVerbindung Element="7" Typ="Auslaufend"/>
      <ModellElementVerteilung Zeitbasis="Sekunden">Exponentialverteilung (60)</ModellElementVerteilung>
    </ModellElementQuelle>
    <ModellElementRessourceBelegen id="3">
      <ModellElementName>Gruppe</ModellElementName>
      <ModellElementGroesse h="50" w="100" x="300" y="100"/>
      <ModellElementVerbindung Element="6" Typ="Einlaufend"/>
      <ModellElementVerbindung Element="7" Typ="Einlaufend"/>
      <ModellElementVerbindung Element="8" Typ="Auslaufend"/>
      <ModellElementBediener Anzahl="1" Gruppe="Neue Bedienergruppe"/>
      <ModellElementBedienerPrioritaet>1</ModellElementBedienerPrioritaet>
    </ModellElementRessourceBelegen>
    <ModellElementRessourceFreigeben id="4">
      <ModellElementGroesse h="50" w="100" x="500" y="100"/>
      <ModellElementVerbindung Element="8" Typ="Einlaufend"/>
      <ModellElementVerbindung Element="9" Typ="Auslaufend"/>
      <ModellElementBelegteRessource>Gruppe</ModellElementBelegteRessource>
      <ModellElementVerteilung Zeitbasis="Sekunden">Exponentialverteilung (50)</ModellElementVerteilung>
      <ModellElementAusdruck Kundentyp="KundenB">123</ModellElementAusdruck>
    </ModellElementRessourceFreigeben>
    <ModellElementEnde id="5">
      <ModellElementGroesse h="50" w="100" x="650" y="100"/>
      <ModellElementVerbindung Element="9" Typ="Einlaufend"/>
    </ModellElementEnde>
    <ModellElementKante id="6">
      <ModellElementName>Ankünfte (KundenA)</ModellElementName>
      <ModellElementVerbindung Element1="1" Element2="3" Typ="Kante"/>
    </ModellElementKante>
    <ModellElementKante id="7">
      <ModellElementName>Ankünfte (KundenB)</ModellElementName>
      <ModellElementVerbindung Element1="2" Element2="3" Typ="Kante"/>
    </ModellElementKante>
    <ModellElementKante id="8">
      <ModellElementVerbindung Element1="3" Element2="4" Typ="Kante"/>
    </ModellElementKante>
    <ModellElementKante id="9">
      <ModellElementVerbindung Element1="4" Element2="5" Typ="Kante"/>
    </ModellElementKante>
  </ModellElemente>
  <Ressourcen>
    <Ressource Name="Neue Bedienergruppe" Typ="Anzahl">1</Ressource>
  </Ressourcen>
  <KundentypenDaten/>
  <ModellZeitplaene/>
</Modell>
