<?xml version="1.0" encoding="UTF-8" standalone="no"?>
<!DOCTYPE Modell SYSTEM "https://qs.highfives.io/xml/Simulator.dtd">
<Modell xmlns="https://qs.highfives.io" xmlns:xsi="http://www.w3.org/2001/XMLSchema-instance" xsi:schemaLocation="https://qs.highfives.io https://qs.highfives.io/xml/Simulator.xsd">
  <ModellVersion>0.7.0</ModellVersion>
  <ModellName/>
  <ModellBeschreibung/>
  <ModellKunden Aktiv="1">10000000</ModellKunden>
  <ModellAufwaermphase>0.05</ModellAufwaermphase>
  <ModellAbbruchbedingung Aktiv="0"/>
  <ModellAbbruchzeit Aktiv="0">10:00:00:00</ModellAbbruchzeit>
  <ModellElemente>
    <ModellElementQuelle id="1">
      <ModellElementName>KundenA</ModellElementName>
      <ModellElementGroesse h="50" w="100" x="50" y="50"/>
      <ModellElementVerbindung Element="4" Typ="Auslaufend"/>
      <ModellElementVerteilung Zeitbasis="Sekunden">Exponentialverteilung (60)</ModellElementVerteilung>
    </ModellElementQuelle>
    <ModellElementQuelle id="2">
      <ModellElementName>KundenB</ModellElementName>
      <ModellElementGroesse h="50" w="100" x="50" y="150"/>
      <ModellElementVerbindung Element="5" Typ="Auslaufend"/>
      <ModellElementVerteilung Zeitbasis="Sekunden">Exponentialverteilung (60)</ModellElementVerteilung>
    </ModellElementQuelle>
    <ModellElementBedienstation id="3">
      <ModellElementGroesse h="50" w="100" x="300" y="100"/>
      <ModellElementVerbindung Element="4" Typ="Einlaufend"/>
      <ModellElementVerbindung Element="5" Typ="Einlaufend"/>
      <ModellElementVerbindung Element="12" Typ="Auslaufend"/>
      <ModellElementVerteilung Typ="Bedienzeiten" Zeitbasis="Sekunden">Exponentialverteilung (50)</ModellElementVerteilung>
      <ModellElementPrioritaet Kundentyp="KundenA">w</ModellElementPrioritaet>
      <ModellElementPrioritaet Kundentyp="KundenAX">w</ModellElementPrioritaet>
      <ModellElementPrioritaet Kundentyp="KundenB">w</ModellElementPrioritaet>
      <ModellElementBediener Alternative="1" Anzahl="1" Gruppe="Neue Bedienergruppe"/>
      <ModellElementBedienerPrioritaet>1</ModellElementBedienerPrioritaet>
    </ModellElementBedienstation>
    <ModellElementKante id="4">
      <ModellElementName>Ankünfte (KundenA)</ModellElementName>
      <ModellElementVerbindung Element1="1" Element2="3" Typ="Kante"/>
    </ModellElementKante>
    <ModellElementKante id="5">
      <ModellElementName>Ankünfte (KundenB)</ModellElementName>
      <ModellElementVerbindung Element1="2" Element2="3" Typ="Kante"/>
    </ModellElementKante>
    <ModellElementEnde id="7">
      <ModellElementGroesse h="50" w="100" x="1050" y="50"/>
      <ModellElementVerbindung Element="16" Typ="Einlaufend"/>
    </ModellElementEnde>
    <ModellElementEnde id="8">
      <ModellElementGroesse h="50" w="100" x="1050" y="150"/>
      <ModellElementVerbindung Element="17" Typ="Einlaufend"/>
    </ModellElementEnde>
    <ModellElementSchranke id="6">
      <ModellElementGroesse h="50" w="100" x="450" y="100"/>
      <ModellElementVerbindung Element="12" Typ="Einlaufend"/>
      <ModellElementVerbindung Element="13" Typ="Auslaufend"/>
      <ModellElementSchrankeOption>
        <ModellElementSignalname>SigA</ModellElementSignalname>
        <ModellElementInitialeFreigabe Anzahl="1"/>
        <ModellElementFreigabe Anzahl="1"/>
        <ModellElementKundentyp>KundenA</ModellElementKundentyp>
      </ModellElementSchrankeOption>
      <ModellElementSchrankeOption>
        <ModellElementSignalname>SigB</ModellElementSignalname>
        <ModellElementInitialeFreigabe Anzahl="1"/>
        <ModellElementFreigabe Anzahl="1"/>
        <ModellElementKundentyp>KundenB</ModellElementKundentyp>
      </ModellElementSchrankeOption>
    </ModellElementSchranke>
    <ModellElementSignal id="9">
      <ModellElementName>SigA</ModellElementName>
      <ModellElementGroesse h="50" w="100" x="850" y="50"/>
      <ModellElementVerbindung Element="14" Typ="Einlaufend"/>
      <ModellElementVerbindung Element="16" Typ="Auslaufend"/>
    </ModellElementSignal>
    <ModellElementVerzweigen id="10">
      <ModellElementGroesse h="50" w="100" x="600" y="100"/>
      <ModellElementVerzweigungsmodus>Kundentyp</ModellElementVerzweigungsmodus>
      <ModellElementVerbindung Element="13" Typ="Einlaufend"/>
      <ModellElementVerbindung Element="14" Kundentyp="KundenA" Typ="Auslaufend"/>
      <ModellElementVerbindung Element="15" Typ="Auslaufend"/>
    </ModellElementVerzweigen>
    <ModellElementSignal id="11">
      <ModellElementName>SigB</ModellElementName>
      <ModellElementGroesse h="50" w="100" x="850" y="150"/>
      <ModellElementVerbindung Element="15" Typ="Einlaufend"/>
      <ModellElementVerbindung Element="17" Typ="Auslaufend"/>
    </ModellElementSignal>
    <ModellElementKante id="12">
      <ModellElementVerbindung Element1="3" Element2="6" Typ="Kante"/>
    </ModellElementKante>
    <ModellElementKante id="13">
      <ModellElementVerbindung Element1="6" Element2="10" Typ="Kante"/>
    </ModellElementKante>
    <ModellElementKante id="14">
      <ModellElementName>KundenA</ModellElementName>
      <ModellElementVerbindung Element1="10" Element2="9" Typ="Kante"/>
    </ModellElementKante>
    <ModellElementKante id="15">
      <ModellElementName>alle anderen Kundentypen</ModellElementName>
      <ModellElementVerbindung Element1="10" Element2="11" Typ="Kante"/>
    </ModellElementKante>
    <ModellElementKante id="16">
      <ModellElementVerbindung Element1="9" Element2="7" Typ="Kante"/>
    </ModellElementKante>
    <ModellElementKante id="17">
      <ModellElementVerbindung Element1="11" Element2="8" Typ="Kante"/>
    </ModellElementKante>
  </ModellElemente>
  <Ressourcen>
    <Ressource Name="Neue Bedienergruppe" Typ="Anzahl">1</Ressource>
  </Ressourcen>
  <KundentypenDaten/>
  <ModellZeitplaene/>
</Modell>
