<?xml version="1.0" encoding="UTF-8" standalone="no"?>
<!DOCTYPE Modell SYSTEM "https://qs.highfives.io/xml/Simulator.dtd">
<Modell xmlns="https://qs.highfives.io" xmlns:xsi="http://www.w3.org/2001/XMLSchema-instance" xsi:schemaLocation="https://qs.highfives.io https://qs.highfives.io/xml/Simulator.xsd">
  <ModellVersion>2.7.0</ModellVersion>
  <ModellAutor>Alexander Herzog</ModellAutor>
  <ModellKunden Aktiv="1">10000000</ModellKunden>
  <ModellAufwaermphase>0.05</ModellAufwaermphase>
  <ModellAbbruchzeit Aktiv="0">10:00:00:00</ModellAbbruchzeit>
  <ModellElemente>
    <ModellElementQuelle id="1">
      <ModellElementName>Kunden A</ModellElementName>
      <ModellElementGroesse h="50" w="100" x="50" y="50"/>
      <ModellElementVerbindung Element="8" Typ="Auslaufend"/>
      <ModellElementVerteilung Zeitbasis="Sekunden">Exponentialverteilung (110)</ModellElementVerteilung>
      <ModellElementBatch Groesse="1"/>
    </ModellElementQuelle>
    <ModellElementQuelle id="2">
      <ModellElementName>Kunden B</ModellElementName>
      <ModellElementGroesse h="50" w="100" x="50" y="150"/>
      <ModellElementVerbindung Element="9" Typ="Auslaufend"/>
      <ModellElementVerteilung Zeitbasis="Sekunden">Exponentialverteilung (110)</ModellElementVerteilung>
      <ModellElementBatch Groesse="1"/>
    </ModellElementQuelle>
    <ModellElementBedienstation id="3">
      <ModellElementGroesse h="50" w="100" x="300" y="50"/>
      <ModellElementVerbindung Element="8" Typ="Einlaufend"/>
      <ModellElementVerbindung Element="6" Typ="Auslaufend"/>
      <ModellElementAusdruck Status="Bedienzeit" Typ="Bedienzeiten" Zeitbasis="Sekunden">50</ModellElementAusdruck>
      <ModellElementPrioritaet Kundentyp="Kunden A">w</ModellElementPrioritaet>
      <ModellElementPrioritaet Kundentyp="Kunden B">w</ModellElementPrioritaet>
      <ModellElementBediener Alternative="1" Anzahl="1" Gruppe="Bediener"/>
      <ModellElementBedienerPrioritaet>1</ModellElementBedienerPrioritaet>
    </ModellElementBedienstation>
    <ModellElementBedienstation id="4">
      <ModellElementGroesse h="50" w="100" x="300" y="150"/>
      <ModellElementVerbindung Element="9" Typ="Einlaufend"/>
      <ModellElementVerbindung Element="10" Typ="Auslaufend"/>
      <ModellElementAusdruck Status="Bedienzeit" Typ="Bedienzeiten" Zeitbasis="Sekunden">50</ModellElementAusdruck>
      <ModellElementPrioritaet Kundentyp="Kunden A">w</ModellElementPrioritaet>
      <ModellElementPrioritaet Kundentyp="Kunden B">w</ModellElementPrioritaet>
      <ModellElementBediener Alternative="1" Anzahl="1" Gruppe="Bediener"/>
      <ModellElementBedienerPrioritaet>1</ModellElementBedienerPrioritaet>
    </ModellElementBedienstation>
    <ModellElementEnde id="5">
      <ModellElementGroesse h="50" w="100" x="450" y="50"/>
      <ModellElementVerbindung Element="6" Typ="Einlaufend"/>
    </ModellElementEnde>
    <ModellElementKante id="6">
      <ModellElementVerbindung Element1="3" Element2="5" Typ="Kante"/>
    </ModellElementKante>
    <ModellElementEnde id="7">
      <ModellElementGroesse h="50" w="100" x="450" y="150"/>
      <ModellElementVerbindung Element="10" Typ="Einlaufend"/>
    </ModellElementEnde>
    <ModellElementKante id="8">
      <ModellElementName>Ankünfte (Kunden A)</ModellElementName>
      <ModellElementVerbindung Element1="1" Element2="3" Typ="Kante"/>
    </ModellElementKante>
    <ModellElementKante id="9">
      <ModellElementName>Ankünfte (Kunden B)</ModellElementName>
      <ModellElementVerbindung Element1="2" Element2="4" Typ="Kante"/>
    </ModellElementKante>
    <ModellElementKante id="10">
      <ModellElementVerbindung Element1="4" Element2="7" Typ="Kante"/>
    </ModellElementKante>
  </ModellElemente>
  <Ressourcen UntergeordnetePrioritaet="Zufaellig">
    <Ressource Icon="status_online" Name="Bediener" RuestzeitenAusdruck="1/6" Typ="Anzahl" Wert="1" Zeitbasis="Minuten"/>
  </Ressourcen>
  <KundentypenDaten/>
</Modell>
