<?xml version="1.0" encoding="UTF-8" standalone="no"?>
<!DOCTYPE Modell SYSTEM "http://www.tu-clausthal.de/fileadmin/simulator/Simulator.dtd">
<Modell xmlns="http://www.tu-clausthal.de" xmlns:xsi="http://www.w3.org/2001/XMLSchema-instance" xsi:schemaLocation="http://www.tu-clausthal.de http://www.tu-clausthal.de/fileadmin/simulator/Simulator.xsd">
  <ModellVersion>0.1.1</ModellVersion>
  <ModellName/>
  <ModellBeschreibung/>
  <ModellKunden>10000000</ModellKunden>
  <ModellAufwaermphase>0.05</ModellAufwaermphase>
  <ModellElemente>
    <ModellElementQuelle id="1">
      <ModellElementName>Kunden</ModellElementName>
      <ModellElementGroesse h="50" w="100" x="50" y="100"/>
      <ModellElementVerbindung Element="6" Typ="Auslaufend"/>
      <ModellElementVerteilung>Exponentialverteilung (120)</ModellElementVerteilung>
    </ModellElementQuelle>
    <ModellElementDuplizieren id="2">
      <ModellElementGroesse h="50" w="100" x="250" y="100"/>
      <ModellElementVerbindung Element="6" Typ="Einlaufend"/>
      <ModellElementVerbindung Element="7" Typ="Auslaufend"/>
      <ModellElementVerbindung Element="9" Typ="Auslaufend"/>
    </ModellElementDuplizieren>
    <ModellElementBedienstation id="3">
      <ModellElementGroesse h="50" w="100" x="450" y="50"/>
      <ModellElementVerbindung Element="7" Typ="Einlaufend"/>
      <ModellElementVerbindung Element="8" Typ="Auslaufend"/>
      <ModellElementVerteilung Typ="Bedienzeiten">Exponentialverteilung (50)</ModellElementVerteilung>
      <ModellElementPrioritaet Kundentyp="Kunden">w</ModellElementPrioritaet>
      <ModellElementBediener Anzahl="1" Gruppe="Bedienergruppe"/>
      <ModellElementBedienerPrioritaet>7</ModellElementBedienerPrioritaet>
    </ModellElementBedienstation>
    <ModellElementBedienstation id="4">
      <ModellElementGroesse h="50" w="100" x="450" y="150"/>
      <ModellElementVerbindung Element="9" Typ="Einlaufend"/>
      <ModellElementVerbindung Element="10" Typ="Auslaufend"/>
      <ModellElementVerteilung Typ="Bedienzeiten">Exponentialverteilung (50)</ModellElementVerteilung>
      <ModellElementPrioritaet Kundentyp="Kunden">w</ModellElementPrioritaet>
      <ModellElementBediener Anzahl="1" Gruppe="Bedienergruppe"/>
      <ModellElementBedienerPrioritaet>2</ModellElementBedienerPrioritaet>
    </ModellElementBedienstation>
    <ModellElementEnde id="5">
      <ModellElementGroesse h="50" w="100" x="650" y="100"/>
      <ModellElementVerbindung Element="8" Typ="Einlaufend"/>
      <ModellElementVerbindung Element="10" Typ="Einlaufend"/>
    </ModellElementEnde>
    <ModellElementKante id="6">
      <ModellElementName>Ankünfte (Kunden)</ModellElementName>
      <ModellElementVerbindung Element1="1" Element2="2" Typ="Kante"/>
    </ModellElementKante>
    <ModellElementKante id="7">
      <ModellElementName>Original</ModellElementName>
      <ModellElementVerbindung Element1="2" Element2="3" Typ="Kante"/>
    </ModellElementKante>
    <ModellElementKante id="8">
      <ModellElementVerbindung Element1="3" Element2="5" Typ="Kante"/>
    </ModellElementKante>
    <ModellElementKante id="9">
      <ModellElementName>Kopie 1</ModellElementName>
      <ModellElementVerbindung Element1="2" Element2="4" Typ="Kante"/>
    </ModellElementKante>
    <ModellElementKante id="10">
      <ModellElementVerbindung Element1="4" Element2="5" Typ="Kante"/>
    </ModellElementKante>
  </ModellElemente>
  <Ressourcen>
    <Ressource Name="Bedienergruppe">1</Ressource>
  </Ressourcen>
</Modell>
