<?xml version="1.0" encoding="UTF-8" standalone="no"?>
<!DOCTYPE Modell SYSTEM "http://www.tu-clausthal.de/fileadmin/simulator/Simulator.dtd">
<Modell xmlns="http://www.tu-clausthal.de" xmlns:xsi="http://www.w3.org/2001/XMLSchema-instance" xsi:schemaLocation="http://www.tu-clausthal.de http://www.tu-clausthal.de/fileadmin/simulator/Simulator.xsd">
  <ModellVersion>0.1.1</ModellVersion>
  <ModellName/>
  <ModellBeschreibung/>
  <ModellKunden Aktiv="1">10000000</ModellKunden>
  <ModellAufwaermphase>0.05</ModellAufwaermphase>
  <ModellAbbruchbedingung Aktiv="0"/>
  <ModellAbbruchzeit Aktiv="0">10:00:00:00</ModellAbbruchzeit>
  <ModellElemente>
    <ModellElementQuelle id="1">
      <ModellElementName>Kunden</ModellElementName>
      <ModellElementGroesse h="50" w="100" x="50" y="50"/>
      <ModellElementVerbindung Element="4" Typ="Auslaufend"/>
      <ModellElementVerteilung Zeitbasis="Sekunden">Exponentialverteilung (60)</ModellElementVerteilung>
    </ModellElementQuelle>
    <ModellElementBedienstation id="2">
      <ModellElementGroesse h="50" w="100" x="300" y="50"/>
      <ModellElementVerbindung Element="4" Typ="Einlaufend"/>
      <ModellElementVerbindung Element="5" Typ="Auslaufend"/>
      <ModellElementVerteilung Typ="Bedienzeiten" Zeitbasis="Sekunden">Exponentialverteilung (50)</ModellElementVerteilung>
      <ModellElementPrioritaet Kundentyp="Kunden">w</ModellElementPrioritaet>
      <ModellElementBediener Anzahl="1" Gruppe="Bediener"/>
      <ModellElementBedienerPrioritaet>1</ModellElementBedienerPrioritaet>
    </ModellElementBedienstation>
    <ModellElementEnde id="3">
      <ModellElementGroesse h="50" w="100" x="500" y="50"/>
      <ModellElementVerbindung Element="5" Typ="Einlaufend"/>
    </ModellElementEnde>
    <ModellElementKante id="4">
      <ModellElementName>Ankünfte (Kunden)</ModellElementName>
      <ModellElementVerbindung Element1="1" Element2="2" Typ="Kante"/>
    </ModellElementKante>
    <ModellElementKante id="5">
      <ModellElementVerbindung Element1="2" Element2="3" Typ="Kante"/>
    </ModellElementKante>
    <ModellElementAnimationText id="6">
      <ModellElementName>N(2)-NQ(2)</ModellElementName>
      <ModellElementGroesse h="30" w="69" x="355" y="205"/>
      <ModellElementSchriftgrosse>14</ModellElementSchriftgrosse>
      <ModellElementFarbe>0,0,0</ModellElementFarbe>
      <ModellElementAnimationsmodus Art="Zahlenwert">Station(2)-NQ(2)</ModellElementAnimationsmodus>
    </ModellElementAnimationText>
    <ModellElementAnimationText id="7">
      <ModellElementName>Zeit</ModellElementName>
      <ModellElementGroesse h="30" w="93" x="170" y="200"/>
      <ModellElementSchriftgrosse>14</ModellElementSchriftgrosse>
      <ModellElementFarbe>0,0,0</ModellElementFarbe>
      <ModellElementAnimationsmodus Art="Simulationszeit"/>
    </ModellElementAnimationText>
    <ModellElementAnimationDiagramm id="8">
      <ModellElementGroesse h="160" w="355" x="145" y="250"/>
      <ModellElementLinienBreite>1</ModellElementLinienBreite>
      <ModellElementLinienFarbe>0,0,0</ModellElementLinienFarbe>
      <ModellElementDiagrammElement Linienbreite="2" Linienfarbe="0,0,255" Maximum="3" Minimum="0">Station(2)-NQ(2)</ModellElementDiagrammElement>
      <ModellElementDiagrammZeitbereich>1800</ModellElementDiagrammZeitbereich>
    </ModellElementAnimationDiagramm>
    <ModellElementAnimationDiagramm id="17">
      <ModellElementGroesse h="160" w="355" x="145" y="450"/>
      <ModellElementLinienBreite>1</ModellElementLinienBreite>
      <ModellElementLinienFarbe>0,0,0</ModellElementLinienFarbe>
      <ModellElementDiagrammElement Linienbreite="2" Linienfarbe="0,0,255" Maximum="5" Minimum="0">Station(2)</ModellElementDiagrammElement>
      <ModellElementDiagrammElement Linienbreite="2" Linienfarbe="255,0,0" Maximum="5" Minimum="0">NQ(2)</ModellElementDiagrammElement>
      <ModellElementDiagrammZeitbereich>1800</ModellElementDiagrammZeitbereich>
    </ModellElementAnimationDiagramm>
  </ModellElemente>
  <Ressourcen>
    <Ressource Name="Bediener" Typ="Zeitplan">Zeitplan 1</Ressource>
  </Ressourcen>
  <Kundenfarben/>
  <ModellZeitplaene>
    <ModellZeitplan DauerProSlot="1800" EditorMaxY="10" Name="Zeitplan 1" PlanFortsetzen="Wiederholen">1;2;1;2</ModellZeitplan>
  </ModellZeitplaene>
</Modell>
