<?xml version="1.0" encoding="UTF-8" standalone="no"?>
<!DOCTYPE Modell SYSTEM "https://www.mathematik.tu-clausthal.de/fileadmin/AG-StochastischeModelle/simulator/Simulator.dtd">
<Modell xmlns="https://www.mathematik.tu-clausthal.de" xmlns:xsi="http://www.w3.org/2001/XMLSchema-instance" xsi:schemaLocation="https://www.mathematik.tu-clausthal.de https://www.mathematik.tu-clausthal.de/fileadmin/AG-StochastischeModelle/simulator/Simulator.xsd">
  <ModellVersion>0.5.0</ModellVersion>
  <ModellName/>
  <ModellBeschreibung/>
  <ModellKunden Aktiv="1">10000000</ModellKunden>
  <ModellAufwaermphase>0.05</ModellAufwaermphase>
  <ModellAbbruchbedingung Aktiv="0"/>
  <ModellAbbruchzeit Aktiv="0">10:00:00:00</ModellAbbruchzeit>
  <ModellElemente>
    <ModellElementQuelle id="1">
      <ModellElementName>Kunden</ModellElementName>
      <ModellElementGroesse h="50" w="100" x="50" y="100"/>
      <ModellElementVerbindung Element="5" Typ="Auslaufend"/>
      <ModellElementVerteilung Zeitbasis="Sekunden">Exponentialverteilung (60)</ModellElementVerteilung>
    </ModellElementQuelle>
    <ModellElementQuelle id="2">
      <ModellElementName>Kunden</ModellElementName>
      <ModellElementGroesse h="50" w="100" x="50" y="300"/>
      <ModellElementVerbindung Element="6" Typ="Auslaufend"/>
      <ModellElementVerteilung Zeitbasis="Sekunden">Exponentialverteilung (60)</ModellElementVerteilung>
    </ModellElementQuelle>
    <ModellElementDuplizieren id="3">
      <ModellElementGroesse h="50" w="100" x="300" y="100"/>
      <ModellElementVerbindung Element="5" Typ="Einlaufend"/>
      <ModellElementVerbindung Element="11" Typ="Auslaufend"/>
      <ModellElementVerbindung Element="12" Typ="Auslaufend"/>
    </ModellElementDuplizieren>
    <ModellElementDuplizieren id="4">
      <ModellElementGroesse h="50" w="100" x="300" y="300"/>
      <ModellElementVerbindung Element="6" Typ="Einlaufend"/>
      <ModellElementVerbindung Element="13" Typ="Auslaufend"/>
      <ModellElementVerbindung Element="14" Typ="Auslaufend"/>
    </ModellElementDuplizieren>
    <ModellElementKante id="5">
      <ModellElementName>Ankünfte (Kunden)</ModellElementName>
      <ModellElementVerbindung Element1="1" Element2="3" Typ="Kante"/>
    </ModellElementKante>
    <ModellElementKante id="6">
      <ModellElementName>Ankünfte (Kunden)</ModellElementName>
      <ModellElementVerbindung Element1="2" Element2="4" Typ="Kante"/>
    </ModellElementKante>
    <ModellElementZuweisung id="7">
      <ModellElementName>Kunden1a</ModellElementName>
      <ModellElementGroesse h="50" w="100" x="500" y="50"/>
      <ModellElementVerbindung Element="11" Typ="Einlaufend"/>
      <ModellElementVerbindung Element="16" Typ="Auslaufend"/>
    </ModellElementZuweisung>
    <ModellElementZuweisung id="8">
      <ModellElementName>Kunden2a</ModellElementName>
      <ModellElementGroesse h="50" w="100" x="500" y="150"/>
      <ModellElementVerbindung Element="12" Typ="Einlaufend"/>
      <ModellElementVerbindung Element="26" Typ="Auslaufend"/>
    </ModellElementZuweisung>
    <ModellElementZuweisung id="9">
      <ModellElementName>Kunden1b</ModellElementName>
      <ModellElementGroesse h="50" w="100" x="500" y="250"/>
      <ModellElementVerbindung Element="13" Typ="Einlaufend"/>
      <ModellElementVerbindung Element="21" Typ="Auslaufend"/>
    </ModellElementZuweisung>
    <ModellElementZuweisung id="10">
      <ModellElementName>Kunden2b</ModellElementName>
      <ModellElementGroesse h="50" w="100" x="500" y="350"/>
      <ModellElementVerbindung Element="14" Typ="Einlaufend"/>
      <ModellElementVerbindung Element="27" Typ="Auslaufend"/>
    </ModellElementZuweisung>
    <ModellElementKante id="11">
      <ModellElementName>Original</ModellElementName>
      <ModellElementVerbindung Element1="3" Element2="7" Typ="Kante"/>
    </ModellElementKante>
    <ModellElementKante id="12">
      <ModellElementName>Kopie 1</ModellElementName>
      <ModellElementVerbindung Element1="3" Element2="8" Typ="Kante"/>
    </ModellElementKante>
    <ModellElementKante id="13">
      <ModellElementName>Original</ModellElementName>
      <ModellElementVerbindung Element1="4" Element2="9" Typ="Kante"/>
    </ModellElementKante>
    <ModellElementKante id="14">
      <ModellElementName>Kopie 1</ModellElementName>
      <ModellElementVerbindung Element1="4" Element2="10" Typ="Kante"/>
    </ModellElementKante>
    <ModellElementEnde id="17">
      <ModellElementGroesse h="50" w="100" x="1000" y="200"/>
      <ModellElementVerbindung Element="22" Typ="Einlaufend"/>
      <ModellElementVerbindung Element="23" Typ="Einlaufend"/>
      <ModellElementVerbindung Element="24" Typ="Einlaufend"/>
      <ModellElementVerbindung Element="25" Typ="Einlaufend"/>
    </ModellElementEnde>
    <ModellElementBedienstation id="15">
      <ModellElementName>3x Single1a</ModellElementName>
      <ModellElementGroesse h="50" w="100" x="800" y="50"/>
      <ModellElementVerbindung Element="16" Typ="Einlaufend"/>
      <ModellElementVerbindung Element="22" Typ="Auslaufend"/>
      <ModellElementVerteilung Typ="Bedienzeiten" Zeitbasis="Sekunden">Exponentialverteilung (150)</ModellElementVerteilung>
      <ModellElementPrioritaet Kundentyp="Kunden">w</ModellElementPrioritaet>
      <ModellElementPrioritaet Kundentyp="Kunden1a">w</ModellElementPrioritaet>
      <ModellElementPrioritaet Kundentyp="Kunden1b">w</ModellElementPrioritaet>
      <ModellElementPrioritaet Kundentyp="Kunden2a">w</ModellElementPrioritaet>
      <ModellElementPrioritaet Kundentyp="Kunden2b">w</ModellElementPrioritaet>
      <ModellElementBediener Alternative="1" Anzahl="1" Gruppe="Single1a"/>
      <ModellElementBedienerPrioritaet>1</ModellElementBedienerPrioritaet>
    </ModellElementBedienstation>
    <ModellElementKante id="16">
      <ModellElementName>Neuer Kundentyp: Kunden1a</ModellElementName>
      <ModellElementVerbindung Element1="7" Element2="15" Typ="Kante"/>
    </ModellElementKante>
    <ModellElementBedienstation id="18">
      <ModellElementName>3x Single1b</ModellElementName>
      <ModellElementGroesse h="50" w="100" x="800" y="150"/>
      <ModellElementVerbindung Element="21" Typ="Einlaufend"/>
      <ModellElementVerbindung Element="23" Typ="Auslaufend"/>
      <ModellElementVerteilung Typ="Bedienzeiten" Zeitbasis="Sekunden">Exponentialverteilung (150)</ModellElementVerteilung>
      <ModellElementPrioritaet Kundentyp="Kunden">w</ModellElementPrioritaet>
      <ModellElementPrioritaet Kundentyp="Kunden1a">w</ModellElementPrioritaet>
      <ModellElementPrioritaet Kundentyp="Kunden1b">w</ModellElementPrioritaet>
      <ModellElementPrioritaet Kundentyp="Kunden2a">w</ModellElementPrioritaet>
      <ModellElementPrioritaet Kundentyp="Kunden2b">w</ModellElementPrioritaet>
      <ModellElementBediener Alternative="1" Anzahl="1" Gruppe="Single1b"/>
      <ModellElementBedienerPrioritaet>1</ModellElementBedienerPrioritaet>
    </ModellElementBedienstation>
    <ModellElementBedienstation id="19">
      <ModellElementName>2x S2a, 1x M</ModellElementName>
      <ModellElementGroesse h="50" w="100" x="800" y="250"/>
      <ModellElementVerbindung Element="26" Typ="Einlaufend"/>
      <ModellElementVerbindung Element="24" Typ="Auslaufend"/>
      <ModellElementVerteilung Typ="Bedienzeiten" Zeitbasis="Sekunden">Exponentialverteilung (150)</ModellElementVerteilung>
      <ModellElementPrioritaet Kundentyp="Kunden">w</ModellElementPrioritaet>
      <ModellElementPrioritaet Kundentyp="Kunden1a">w</ModellElementPrioritaet>
      <ModellElementPrioritaet Kundentyp="Kunden1b">w</ModellElementPrioritaet>
      <ModellElementPrioritaet Kundentyp="Kunden2a">w</ModellElementPrioritaet>
      <ModellElementPrioritaet Kundentyp="Kunden2b">w</ModellElementPrioritaet>
      <ModellElementBediener Alternative="1" Anzahl="1" Gruppe="Multi"/>
      <ModellElementBediener Alternative="2" Anzahl="1" Gruppe="Single2a"/>
      <ModellElementBedienerPrioritaet>1</ModellElementBedienerPrioritaet>
    </ModellElementBedienstation>
    <ModellElementBedienstation id="20">
      <ModellElementName>2x S2b, 1x M</ModellElementName>
      <ModellElementGroesse h="50" w="100" x="800" y="350"/>
      <ModellElementVerbindung Element="27" Typ="Einlaufend"/>
      <ModellElementVerbindung Element="25" Typ="Auslaufend"/>
      <ModellElementVerteilung Typ="Bedienzeiten" Zeitbasis="Sekunden">Exponentialverteilung (150)</ModellElementVerteilung>
      <ModellElementPrioritaet Kundentyp="Kunden">w</ModellElementPrioritaet>
      <ModellElementPrioritaet Kundentyp="Kunden1a">w</ModellElementPrioritaet>
      <ModellElementPrioritaet Kundentyp="Kunden1b">w</ModellElementPrioritaet>
      <ModellElementPrioritaet Kundentyp="Kunden2a">w</ModellElementPrioritaet>
      <ModellElementPrioritaet Kundentyp="Kunden2b">w</ModellElementPrioritaet>
      <ModellElementBediener Alternative="1" Anzahl="1" Gruppe="Multi"/>
      <ModellElementBediener Alternative="2" Anzahl="1" Gruppe="Single2b"/>
      <ModellElementBedienerPrioritaet>1</ModellElementBedienerPrioritaet>
    </ModellElementBedienstation>
    <ModellElementKante id="22">
      <ModellElementVerbindung Element1="15" Element2="17" Typ="Kante"/>
    </ModellElementKante>
    <ModellElementKante id="23">
      <ModellElementVerbindung Element1="18" Element2="17" Typ="Kante"/>
    </ModellElementKante>
    <ModellElementKante id="24">
      <ModellElementVerbindung Element1="19" Element2="17" Typ="Kante"/>
    </ModellElementKante>
    <ModellElementKante id="25">
      <ModellElementVerbindung Element1="20" Element2="17" Typ="Kante"/>
    </ModellElementKante>
    <ModellElementKante id="27">
      <ModellElementName>Neuer Kundentyp: Kunden2b</ModellElementName>
      <ModellElementVerbindung Element1="10" Element2="20" Typ="Kante"/>
    </ModellElementKante>
    <ModellElementKante id="21">
      <ModellElementName>Neuer Kundentyp: Kunden1b</ModellElementName>
      <ModellElementVerbindung Element1="9" Element2="18" Typ="Kante"/>
    </ModellElementKante>
    <ModellElementKante id="26">
      <ModellElementName>Neuer Kundentyp: Kunden2a</ModellElementName>
      <ModellElementVerbindung Element1="8" Element2="19" Typ="Kante"/>
    </ModellElementKante>
  </ModellElemente>
  <Ressourcen>
    <Ressource Name="Single1a" Typ="Anzahl">3</Ressource>
    <Ressource Name="Single1b" Typ="Anzahl">3</Ressource>
    <Ressource Name="Single2a" Typ="Anzahl">2</Ressource>
    <Ressource Name="Single2b" Typ="Anzahl">2</Ressource>
    <Ressource Name="Multi" Typ="Anzahl">2</Ressource>
  </Ressourcen>
  <KundentypenDaten/>
  <ModellZeitplaene/>
</Modell>
