<?xml version="1.0" encoding="UTF-8" standalone="no"?>
<!DOCTYPE Modell SYSTEM "https://qs.highfives.io/xml/Simulator.dtd">
<Modell xmlns="https://qs.highfives.io" xmlns:xsi="http://www.w3.org/2001/XMLSchema-instance" xsi:schemaLocation="https://qs.highfives.io https://qs.highfives.io/xml/Simulator.xsd">
  <ModellVersion>1.7.0</ModellVersion>
  <ModellName/>
  <ModellBeschreibung/>
  <ModellAutor>Alexander Herzog</ModellAutor>
  <ModellKunden Aktiv="1">10000000</ModellKunden>
  <ModellAufwaermphase>0.05</ModellAufwaermphase>
  <ModellAbbruchbedingung Aktiv="0"/>
  <ModellAbbruchzeit Aktiv="0">10:00:00:00</ModellAbbruchzeit>
  <ModellZufallszahlenStartwert Aktiv="0">0</ModellZufallszahlenStartwert>
  <ModellElemente>
    <ModellElementEnde id="2">
      <ModellElementGroesse h="50" w="100" x="500" y="50"/>
      <ModellElementVerbindung Element="6" Typ="Einlaufend"/>
    </ModellElementEnde>
    <ModellElementDatenbankQuelle id="1">
      <ModellElementGroesse h="50" w="100" x="50" y="50"/>
      <ModellElementVerbindung Element="3" Typ="Auslaufend"/>
      <DatenbankVerbindung Konfiguration="C:\Users\Alexander Herzog\Documents\Java\workspace-simulator\SourceDB.s3db" Typ="SQLite"/>
      <ModellElementDatenbankTabelle>Arrivals</ModellElementDatenbankTabelle>
      <ModellElementDatenbankAnkuenfteSpalte>time</ModellElementDatenbankAnkuenfteSpalte>
      <ModellElementDatenbankKundentypSpalte>type</ModellElementDatenbankKundentypSpalte>
      <ModellElementDatenbankInformationenSpalte>info</ModellElementDatenbankInformationenSpalte>
      <ModellElementDatenbankKundentyp>A</ModellElementDatenbankKundentyp>
      <ModellElementDatenbankKundentyp>B</ModellElementDatenbankKundentyp>
    </ModellElementDatenbankQuelle>
    <ModellElementVariable id="4">
      <ModellElementGroesse h="50" w="100" x="300" y="50"/>
      <ModellElementVerbindung Element="3" Typ="Einlaufend"/>
      <ModellElementVerbindung Element="6" Typ="Auslaufend"/>
      <ModellElementVariablenzuweisung Variable="a">ClientData(1)</ModellElementVariablenzuweisung>
    </ModellElementVariable>
    <ModellElementAnimationText id="5">
      <ModellElementName>a=</ModellElementName>
      <ModellElementGroesse h="30" w="69" x="300" y="120"/>
      <ModellElementSchriftgrosse>14</ModellElementSchriftgrosse>
      <ModellElementFarbe>0,0,0</ModellElementFarbe>
      <ModellElementAnimationsmodus Art="Zahlenwert">a</ModellElementAnimationsmodus>
    </ModellElementAnimationText>
    <ModellElementKante id="3">
      <ModellElementName>Ankünfte</ModellElementName>
      <ModellElementVerbindung Element1="1" Element2="4" Typ="Kante"/>
    </ModellElementKante>
    <ModellElementKante id="6">
      <ModellElementVerbindung Element1="4" Element2="2" Typ="Kante"/>
    </ModellElementKante>
  </ModellElemente>
  <KundentypenDaten>
    <KundenDaten Icon="user_red" Name="B"/>
  </KundentypenDaten>
</Modell>
