<?xml version="1.0" encoding="UTF-8" standalone="no"?>
<!DOCTYPE Modell SYSTEM "https://qs.highfives.io/xml/Simulator.dtd">
<Modell xmlns="https://qs.highfives.io" xmlns:xsi="http://www.w3.org/2001/XMLSchema-instance" xsi:schemaLocation="https://qs.highfives.io https://qs.highfives.io/xml/Simulator.xsd">
  <ModellVersion>2.1.0</ModellVersion>
  <ModellAutor>Alexander Herzog</ModellAutor>
  <ModellKunden Aktiv="1">10000000</ModellKunden>
  <ModellAufwaermphase>0.05</ModellAufwaermphase>
  <ModellAbbruchzeit Aktiv="0">10:00:00:00</ModellAbbruchzeit>
  <ModellElemente>
    <ModellElementVerzweigen id="2">
      <ModellElementGroesse h="50" w="100" x="250" y="150"/>
      <ModellElementVerzweigungsmodus>Texteigenschaft</ModellElementVerzweigungsmodus>
      <ModellElementVerzweigSchluessel>A</ModellElementVerzweigSchluessel>
      <ModellElementVerbindung Element="1" Typ="Einlaufend"/>
      <ModellElementVerbindung Element="5" Texteigenschaft="B" Typ="Auslaufend"/>
      <ModellElementVerbindung Element="7" Typ="Auslaufend"/>
    </ModellElementVerzweigen>
    <ModellElementEnde id="4">
      <ModellElementGroesse h="50" w="100" x="450" y="100"/>
      <ModellElementVerbindung Element="5" Typ="Einlaufend"/>
    </ModellElementEnde>
    <ModellElementKante id="5">
      <ModellElementName>A=B</ModellElementName>
      <ModellElementVerbindung Element1="2" Element2="4" Typ="Kante"/>
    </ModellElementKante>
    <ModellElementEnde id="6">
      <ModellElementGroesse h="50" w="100" x="450" y="200"/>
      <ModellElementVerbindung Element="7" Typ="Einlaufend"/>
    </ModellElementEnde>
    <ModellElementKante id="7">
      <ModellElementName>alle anderen Werte</ModellElementName>
      <ModellElementVerbindung Element1="2" Element2="6" Typ="Kante"/>
    </ModellElementKante>
    <ModellElementMehrfachQuelle id="8">
      <ModellElementGroesse h="50" w="100" x="50" y="150"/>
      <ModellElementVerbindung Element="1" Typ="Auslaufend"/>
      <ModellElementMehrfachQuelleDaten>
        <ModellElementName>Kunden</ModellElementName>
        <ModellElementVerteilung Zeitbasis="Sekunden">Exponentialverteilung (60)</ModellElementVerteilung>
        <ModellElementVariablenzuweisung Variable="ClientData(3)">7</ModellElementVariablenzuweisung>
        <ModellElementZuweisungTextEintrag Schluessel="A">B</ModellElementZuweisungTextEintrag>
      </ModellElementMehrfachQuelleDaten>
    </ModellElementMehrfachQuelle>
    <ModellElementKante id="1">
      <ModellElementVerbindung Element1="8" Element2="2" Typ="Kante"/>
    </ModellElementKante>
  </ModellElemente>
  <KundentypenDaten/>
</Modell>
