<?xml version="1.0" encoding="UTF-8" standalone="no"?>
<!DOCTYPE Modell SYSTEM "https://qs.highfives.io/xml/Simulator.dtd">
<Modell xmlns="https://qs.highfives.io" xmlns:xsi="http://www.w3.org/2001/XMLSchema-instance" xsi:schemaLocation="https://qs.highfives.io https://qs.highfives.io/xml/Simulator.xsd">
  <ModellVersion>2.2.0</ModellVersion>
  <ModellAutor>Alexander Herzog</ModellAutor>
  <ModellKunden Aktiv="1">10000000</ModellKunden>
  <ModellAufwaermphase>0.05</ModellAufwaermphase>
  <ModellAbbruchzeit Aktiv="0">10:00:00:00</ModellAbbruchzeit>
  <ModellElemente>
    <ModellElementQuelle id="1">
      <ModellElementName>Kunden</ModellElementName>
      <ModellElementGroesse h="50" w="100" x="50" y="50"/>
      <ModellElementVerbindung Element="6" Typ="Auslaufend"/>
      <ModellElementVerteilung Zeitbasis="Sekunden">Exponentialverteilung (60)</ModellElementVerteilung>
    </ModellElementQuelle>
    <ModellElementZerteilen id="2">
      <ModellElementGroesse h="50" w="100" x="400" y="50"/>
      <ModellElementVerbindung Element="7" Typ="Einlaufend"/>
      <ModellElementVerbindung Element="10" Typ="Auslaufend"/>
      <ModellElementZerteilenDaten>
        <ModellElementName>A</ModellElementName>
      </ModellElementZerteilenDaten>
      <ModellElementZerteilenDaten>
        <ModellElementName>B</ModellElementName>
        <ModellElementVariablenzuweisung Variable="ClientData(0)">TNow()</ModellElementVariablenzuweisung>
      </ModellElementZerteilenDaten>
    </ModellElementZerteilen>
    <ModellElementEnde id="4">
      <ModellElementGroesse h="50" w="100" x="900" y="50"/>
      <ModellElementVerbindung Element="9" Typ="Einlaufend"/>
    </ModellElementEnde>
    <ModellElementVerzoegerung id="3">
      <ModellElementGroesse h="50" w="100" x="250" y="50"/>
      <ModellElementVerbindung Element="6" Typ="Einlaufend"/>
      <ModellElementVerbindung Element="7" Typ="Auslaufend"/>
    </ModellElementVerzoegerung>
    <ModellElementKante id="6">
      <ModellElementName>Ankünfte (Kunden)</ModellElementName>
      <ModellElementVerbindung Element1="1" Element2="3" Typ="Kante"/>
    </ModellElementKante>
    <ModellElementKante id="7">
      <ModellElementVerbindung Element1="3" Element2="2" Typ="Kante"/>
    </ModellElementKante>
    <ModellElementVerzoegerung id="5">
      <ModellElementGroesse h="50" w="100" x="750" y="50"/>
      <ModellElementVerbindung Element="11" Typ="Einlaufend"/>
      <ModellElementVerbindung Element="14" Typ="Einlaufend"/>
      <ModellElementVerbindung Element="9" Typ="Auslaufend"/>
    </ModellElementVerzoegerung>
    <ModellElementKante id="9">
      <ModellElementVerbindung Element1="5" Element2="4" Typ="Kante"/>
    </ModellElementKante>
    <ModellElementVerzweigen id="8">
      <ModellElementGroesse h="50" w="100" x="550" y="50"/>
      <ModellElementVerzweigungsmodus>Kundentyp</ModellElementVerzweigungsmodus>
      <ModellElementVerbindung Element="10" Typ="Einlaufend"/>
      <ModellElementVerbindung Element="11" Kundentyp="A" Typ="Auslaufend"/>
      <ModellElementVerbindung Element="13" Typ="Auslaufend"/>
    </ModellElementVerzweigen>
    <ModellElementKante id="10">
      <ModellElementVerbindung Element1="2" Element2="8" Typ="Kante"/>
    </ModellElementKante>
    <ModellElementKante id="11">
      <ModellElementName>A</ModellElementName>
      <ModellElementVerbindung Element1="8" Element2="5" Typ="Kante"/>
    </ModellElementKante>
    <ModellElementVariable id="12">
      <ModellElementGroesse h="50" w="100" x="600" y="145"/>
      <ModellElementVerbindung Element="13" Typ="Einlaufend"/>
      <ModellElementVerbindung Element="14" Typ="Auslaufend"/>
      <ModellElementVariablenzuweisung Variable="a">ClientData(0)</ModellElementVariablenzuweisung>
    </ModellElementVariable>
    <ModellElementKante id="13">
      <ModellElementName>alle anderen Kundentypen</ModellElementName>
      <ModellElementVerbindung Element1="8" Element2="12" Typ="Kante"/>
    </ModellElementKante>
    <ModellElementKante id="14">
      <ModellElementVerbindung Element1="12" Element2="5" Typ="Kante"/>
    </ModellElementKante>
    <ModellElementAnimationText id="15">
      <ModellElementName>a=</ModellElementName>
      <ModellElementGroesse h="30" w="69" x="600" y="220"/>
      <ModellElementSchriftgrosse>14</ModellElementSchriftgrosse>
      <ModellElementFarbe>0,0,0</ModellElementFarbe>
      <ModellElementAnimationsmodus Art="Zahlenwert">a</ModellElementAnimationsmodus>
    </ModellElementAnimationText>
  </ModellElemente>
  <KundentypenDaten>
    <KundenDaten Icon="user_green" Name="A"/>
    <KundenDaten Icon="user_red" Name="B"/>
  </KundentypenDaten>
</Modell>
