<?xml version="1.0" encoding="UTF-8"?>
<!DOCTYPE Modell SYSTEM "https://a-herzog.github.io/Warteschlangensimulator/Simulator.dtd">
<Modell xmlns="https://a-herzog.github.io" xmlns:xsi="http://www.w3.org/2001/XMLSchema-instance" xsi:schemaLocation="https://a-herzog.github.io https://a-herzog.github.io/Warteschlangensimulator/Simulator.xsd">
  <!-- Diese Datei wurde mit Warteschlangensimulator erstellt. Download-Adresse: https://github.com/A-Herzog/Warteschlangensimulator -->
  <ModellVersion>4.8.0</ModellVersion>
  <ModellAutor>Alexander Herzog</ModellAutor>
  <ModellKunden Aktiv="1">10000000</ModellKunden>
  <ModellAufwaermphase>0.01</ModellAufwaermphase>
  <ModellAbbruchzeit Aktiv="0">10:00:00:00</ModellAbbruchzeit>
  <ModellElemente>
    <ModellElementQuelle id="1">
      <ModellElementName>Kunden</ModellElementName>
      <ModellElementGroesse h="50" w="100" x="100" y="150"/>
      <ModellElementVerbindung Element="4" Typ="Auslaufend"/>
      <ModellElementVerteilung Zeitbasis="Sekunden">Exponentialverteilung (60)</ModellElementVerteilung>
      <ModellElementBatch Groesse="1"/>
    </ModellElementQuelle>
    <ModellElementZerteilen id="2">
      <ModellElementGroesse h="50" w="100" x="450" y="150"/>
      <ModellElementVerbindung Element="5" Typ="Einlaufend"/>
      <ModellElementVerbindung Element="12" Typ="Auslaufend"/>
      <ModellElementZerteilenDaten>
        <ModellElementName>A</ModellElementName>
        <ModellElementBatch Groesse="1"/>
      </ModellElementZerteilenDaten>
      <ModellElementZerteilenDaten>
        <ModellElementName>B</ModellElementName>
        <ModellElementBatch Groesse="1"/>
      </ModellElementZerteilenDaten>
      <ModellElementZerteilenKundendatenKopieren>1</ModellElementZerteilenKundendatenKopieren>
    </ModellElementZerteilen>
    <ModellElementVariable id="3">
      <ModellElementGroesse h="50" w="100" x="300" y="150"/>
      <ModellElementVerbindung Element="4" Typ="Einlaufend"/>
      <ModellElementVerbindung Element="5" Typ="Auslaufend"/>
      <ModellElementVariablenzuweisung Variable="ClientData(1)">ClientNumber()</ModellElementVariablenzuweisung>
    </ModellElementVariable>
    <ModellElementKante id="4">
      <ModellElementName>Ankünfte (Kunden)</ModellElementName>
      <ModellElementVerbindung Element1="1" Element2="3" Typ="Kante"/>
    </ModellElementKante>
    <ModellElementKante id="5">
      <ModellElementVerbindung Element1="3" Element2="2" Typ="Kante"/>
    </ModellElementKante>
    <ModellElementVariable id="6">
      <ModellElementGroesse h="50" w="100" x="600" y="45"/>
      <ModellElementVerbindung Element="13" Typ="Einlaufend"/>
      <ModellElementVerbindung Element="11" Typ="Auslaufend"/>
      <ModellElementVariablenzuweisung Variable="a">ClientData(1)</ModellElementVariablenzuweisung>
    </ModellElementVariable>
    <ModellElementVariable id="7">
      <ModellElementGroesse h="50" w="100" x="600" y="250"/>
      <ModellElementVerbindung Element="14" Typ="Einlaufend"/>
      <ModellElementVerbindung Element="15" Typ="Auslaufend"/>
      <ModellElementVariablenzuweisung Variable="b">ClientData(1)</ModellElementVariablenzuweisung>
    </ModellElementVariable>
    <ModellElementEnde id="8">
      <ModellElementGroesse h="50" w="100" x="745" y="45"/>
      <ModellElementVerbindung Element="11" Typ="Einlaufend"/>
    </ModellElementEnde>
    <ModellElementKante id="11">
      <ModellElementVerbindung Element1="6" Element2="8" Typ="Kante"/>
    </ModellElementKante>
    <ModellElementVerzweigen id="9">
      <ModellElementGroesse h="50" w="100" x="600" y="150"/>
      <ModellElementVerzweigungsmodus>Kundentyp</ModellElementVerzweigungsmodus>
      <ModellElementVerbindung Element="12" Typ="Einlaufend"/>
      <ModellElementVerbindung Element="13" Kundentyp="A" Typ="Auslaufend"/>
      <ModellElementVerbindung Element="14" Typ="Auslaufend"/>
    </ModellElementVerzweigen>
    <ModellElementKante id="12">
      <ModellElementVerbindung Element1="2" Element2="9" Typ="Kante"/>
    </ModellElementKante>
    <ModellElementKante id="13">
      <ModellElementName>A</ModellElementName>
      <ModellElementVerbindung Element1="9" Element2="6" Typ="Kante"/>
    </ModellElementKante>
    <ModellElementKante id="14">
      <ModellElementName>alle anderen Kundentypen</ModellElementName>
      <ModellElementVerbindung Element1="9" Element2="7" Typ="Kante"/>
    </ModellElementKante>
    <ModellElementEnde id="10">
      <ModellElementGroesse h="50" w="100" x="745" y="250"/>
      <ModellElementVerbindung Element="15" Typ="Einlaufend"/>
    </ModellElementEnde>
    <ModellElementKante id="15">
      <ModellElementVerbindung Element1="7" Element2="10" Typ="Kante"/>
    </ModellElementKante>
    <ModellElementAnimationText id="16">
      <ModellElementName>a=</ModellElementName>
      <ModellElementGroesse h="30" w="69" x="450" y="50"/>
      <ModellElementSchriftgrosse>14</ModellElementSchriftgrosse>
      <ModellElementFarbe>0,0,0</ModellElementFarbe>
      <ModellElementAnimationsmodus Art="Zahlenwert">a</ModellElementAnimationsmodus>
    </ModellElementAnimationText>
    <ModellElementAnimationText id="17">
      <ModellElementName>b=</ModellElementName>
      <ModellElementGroesse h="30" w="69" x="450" y="250"/>
      <ModellElementSchriftgrosse>14</ModellElementSchriftgrosse>
      <ModellElementFarbe>0,0,0</ModellElementFarbe>
      <ModellElementAnimationsmodus Art="Zahlenwert">b</ModellElementAnimationsmodus>
    </ModellElementAnimationText>
  </ModellElemente>
  <Ressourcen UntergeordnetePrioritaet="Zufaellig"/>
  <KundentypenDaten/>
  <ModellKantenNormal Breite="1" Farbe="0,0,0" Typ="0"/>
  <ModellKantenSelektiert Breite="1" Typ="0"/>
  <ModellElementVerbindungsdarstellungsart>Abgerundet abgewinkelt</ModellElementVerbindungsdarstellungsart>
</Modell>
