<?xml version="1.0" encoding="UTF-8" standalone="no"?>
<!DOCTYPE Modell SYSTEM "https://qs.highfives.io/xml/Simulator.dtd">
<Modell xmlns="https://qs.highfives.io" xmlns:xsi="http://www.w3.org/2001/XMLSchema-instance" xsi:schemaLocation="https://qs.highfives.io https://qs.highfives.io/xml/Simulator.xsd">
  <ModellVersion>2.2.0</ModellVersion>
  <ModellAutor>Alexander Herzog</ModellAutor>
  <ModellKunden Aktiv="1">10000000</ModellKunden>
  <ModellAufwaermphase>0.05</ModellAufwaermphase>
  <ModellAbbruchzeit Aktiv="0">10:00:00:00</ModellAbbruchzeit>
  <ModellElemente>
    <ModellElementQuelle id="1">
      <ModellElementName>Kunden</ModellElementName>
      <ModellElementGroesse h="50" w="100" x="50" y="50"/>
      <ModellElementVerbindung Element="6" Typ="Auslaufend"/>
      <ModellElementVerteilung Zeitbasis="Sekunden">Exponentialverteilung (60)</ModellElementVerteilung>
    </ModellElementQuelle>
    <ModellElementZerteilen id="2">
      <ModellElementGroesse h="50" w="100" x="400" y="50"/>
      <ModellElementVerbindung Element="7" Typ="Einlaufend"/>
      <ModellElementVerbindung Element="8" Typ="Auslaufend"/>
      <ModellElementZerteilenDaten>
        <ModellElementName>A</ModellElementName>
      </ModellElementZerteilenDaten>
      <ModellElementZerteilenDaten>
        <ModellElementName>B</ModellElementName>
      </ModellElementZerteilenDaten>
    </ModellElementZerteilen>
    <ModellElementEnde id="4">
      <ModellElementGroesse h="50" w="100" x="700" y="50"/>
      <ModellElementVerbindung Element="9" Typ="Einlaufend"/>
    </ModellElementEnde>
    <ModellElementVerzoegerung id="3">
      <ModellElementGroesse h="50" w="100" x="250" y="50"/>
      <ModellElementVerbindung Element="6" Typ="Einlaufend"/>
      <ModellElementVerbindung Element="7" Typ="Auslaufend"/>
    </ModellElementVerzoegerung>
    <ModellElementKante id="6">
      <ModellElementName>Ankünfte (Kunden)</ModellElementName>
      <ModellElementVerbindung Element1="1" Element2="3" Typ="Kante"/>
    </ModellElementKante>
    <ModellElementKante id="7">
      <ModellElementVerbindung Element1="3" Element2="2" Typ="Kante"/>
    </ModellElementKante>
    <ModellElementVerzoegerung id="5">
      <ModellElementGroesse h="50" w="100" x="550" y="50"/>
      <ModellElementVerbindung Element="8" Typ="Einlaufend"/>
      <ModellElementVerbindung Element="9" Typ="Auslaufend"/>
    </ModellElementVerzoegerung>
    <ModellElementKante id="8">
      <ModellElementVerbindung Element1="2" Element2="5" Typ="Kante"/>
    </ModellElementKante>
    <ModellElementKante id="9">
      <ModellElementVerbindung Element1="5" Element2="4" Typ="Kante"/>
    </ModellElementKante>
  </ModellElemente>
  <KundentypenDaten>
    <KundenDaten Icon="user_green" Name="A"/>
    <KundenDaten Icon="user_red" Name="B"/>
  </KundentypenDaten>
</Modell>
