<?xml version="1.0" encoding="UTF-8" standalone="no"?>
<!DOCTYPE Modell SYSTEM "https://qs.highfives.io/xml/Simulator.dtd">
<Modell xmlns="https://qs.highfives.io" xmlns:xsi="http://www.w3.org/2001/XMLSchema-instance" xsi:schemaLocation="https://qs.highfives.io https://qs.highfives.io/xml/Simulator.xsd">
  <ModellVersion>1.3.0</ModellVersion>
  <ModellName/>
  <ModellBeschreibung/>
  <ModellAutor>Alexa</ModellAutor>
  <ModellKunden Aktiv="1">10000000</ModellKunden>
  <ModellAufwaermphase>0.05</ModellAufwaermphase>
  <ModellAbbruchbedingung Aktiv="0"/>
  <ModellAbbruchzeit Aktiv="0">10:00:00:00</ModellAbbruchzeit>
  <ModellZufallszahlenStartwert Aktiv="0">0</ModellZufallszahlenStartwert>
  <ModellElemente>
    <ModellElementQuelle id="1">
      <ModellElementName>Kunden</ModellElementName>
      <ModellElementGroesse h="50" w="100" x="50" y="100"/>
      <ModellElementVerbindung Element="3" Typ="Auslaufend"/>
      <ModellElementAnkunftssignal>Next</ModellElementAnkunftssignal>
    </ModellElementQuelle>
    <ModellElementZustandsstatistik id="2">
      <ModellElementName>A</ModellElementName>
      <ModellElementGroesse h="50" w="100" x="250" y="100"/>
      <ModellElementVerbindung Element="3" Typ="Einlaufend"/>
      <ModellElementVerbindung Element="15" Typ="Einlaufend"/>
      <ModellElementVerbindung Element="5" Typ="Auslaufend"/>
      <ModellElementZustandsstatistikGruppe>Systemzustand</ModellElementZustandsstatistikGruppe>
    </ModellElementZustandsstatistik>
    <ModellElementKante id="3">
      <ModellElementName>Ankünfte (Kunden)</ModellElementName>
      <ModellElementVerbindung Element1="1" Element2="2" Typ="Kante"/>
    </ModellElementKante>
    <ModellElementVerzoegerung id="4">
      <ModellElementName>30 Sek.</ModellElementName>
      <ModellElementGroesse h="50" w="100" x="400" y="100"/>
      <ModellElementVerbindung Element="5" Typ="Einlaufend"/>
      <ModellElementVerbindung Element="7" Typ="Auslaufend"/>
      <ModellElementAusdruck Typ="Bedienzeit" Zeitbasis="Sekunden">30</ModellElementAusdruck>
    </ModellElementVerzoegerung>
    <ModellElementKante id="5">
      <ModellElementVerbindung Element1="2" Element2="4" Typ="Kante"/>
    </ModellElementKante>
    <ModellElementZustandsstatistik id="6">
      <ModellElementName>B</ModellElementName>
      <ModellElementGroesse h="50" w="100" x="550" y="100"/>
      <ModellElementVerbindung Element="7" Typ="Einlaufend"/>
      <ModellElementVerbindung Element="9" Typ="Auslaufend"/>
      <ModellElementZustandsstatistikGruppe>Systemzustand</ModellElementZustandsstatistikGruppe>
    </ModellElementZustandsstatistik>
    <ModellElementKante id="7">
      <ModellElementVerbindung Element1="4" Element2="6" Typ="Kante"/>
    </ModellElementKante>
    <ModellElementVerzoegerung id="8">
      <ModellElementName>60 Sek.</ModellElementName>
      <ModellElementGroesse h="50" w="100" x="700" y="100"/>
      <ModellElementVerbindung Element="9" Typ="Einlaufend"/>
      <ModellElementVerbindung Element="11" Typ="Auslaufend"/>
      <ModellElementAusdruck Typ="Bedienzeit" Zeitbasis="Sekunden">60</ModellElementAusdruck>
    </ModellElementVerzoegerung>
    <ModellElementKante id="9">
      <ModellElementVerbindung Element1="6" Element2="8" Typ="Kante"/>
    </ModellElementKante>
    <ModellElementSignal id="10">
      <ModellElementName>Next</ModellElementName>
      <ModellElementGroesse h="50" w="100" x="850" y="100"/>
      <ModellElementVerbindung Element="11" Typ="Einlaufend"/>
      <ModellElementVerbindung Element="13" Typ="Auslaufend"/>
    </ModellElementSignal>
    <ModellElementKante id="11">
      <ModellElementVerbindung Element1="8" Element2="10" Typ="Kante"/>
    </ModellElementKante>
    <ModellElementEnde id="12">
      <ModellElementGroesse h="50" w="100" x="1000" y="100"/>
      <ModellElementVerbindung Element="13" Typ="Einlaufend"/>
    </ModellElementEnde>
    <ModellElementKante id="13">
      <ModellElementVerbindung Element1="10" Element2="12" Typ="Kante"/>
    </ModellElementKante>
    <ModellElementQuelle id="14">
      <ModellElementName>Kunden</ModellElementName>
      <ModellElementGroesse h="50" w="100" x="50" y="200"/>
      <ModellElementVerbindung Element="15" Typ="Auslaufend"/>
      <ModellElementVerteilung Anzahl="1" Zeitbasis="Sekunden">Exponentialverteilung (60)</ModellElementVerteilung>
    </ModellElementQuelle>
    <ModellElementKante id="15">
      <ModellElementName>Ankünfte (Kunden)</ModellElementName>
      <ModellElementVerbindung Element1="14" Element2="2" Typ="Kante"/>
    </ModellElementKante>
  </ModellElemente>
  <KundentypenDaten/>
</Modell>
