<?xml version="1.0" encoding="UTF-8" standalone="no"?>
<!DOCTYPE Modell SYSTEM "https://www.mathematik.tu-clausthal.de/fileadmin/AG-StochastischeModelle/simulator/Simulator.dtd">
<Modell xmlns="https://www.mathematik.tu-clausthal.de" xmlns:xsi="http://www.w3.org/2001/XMLSchema-instance" xsi:schemaLocation="https://www.mathematik.tu-clausthal.de https://www.mathematik.tu-clausthal.de/fileadmin/AG-StochastischeModelle/simulator/Simulator.xsd">
  <ModellVersion>0.5.0</ModellVersion>
  <ModellName/>
  <ModellBeschreibung/>
  <ModellKunden Aktiv="1">1000000</ModellKunden>
  <ModellAufwaermphase>0</ModellAufwaermphase>
  <ModellAbbruchbedingung Aktiv="0"/>
  <ModellAbbruchzeit Aktiv="0">10:00:00:00</ModellAbbruchzeit>
  <ModellElemente>
    <ModellElementQuelle id="1">
      <ModellElementName>Kunden</ModellElementName>
      <ModellElementGroesse h="50" w="100" x="50" y="50"/>
      <ModellElementVerbindung Element="10" Typ="Auslaufend"/>
      <ModellElementVerteilung Anzahl="10" Zeitbasis="Sekunden">Exponentialverteilung (60)</ModellElementVerteilung>
    </ModellElementQuelle>
    <ModellElementVerzoegerung id="2">
      <ModellElementGroesse h="50" w="100" x="250" y="50"/>
      <ModellElementVerbindung Element="10" Typ="Einlaufend"/>
      <ModellElementVerbindung Element="11" Typ="Auslaufend"/>
      <ModellElementVerteilung Typ="Bedienzeit" Zeitbasis="Sekunden">Exponentialverteilung (300)</ModellElementVerteilung>
    </ModellElementVerzoegerung>
    <ModellElementEnde id="3">
      <ModellElementGroesse h="50" w="100" x="650" y="50"/>
      <ModellElementVerbindung Element="12" Typ="Einlaufend"/>
    </ModellElementEnde>
    <ModellElementUntermodell id="4">
      <ModellElementGroesse h="50" w="100" x="450" y="50"/>
      <ModellElementVerbindung Element="11" Typ="Einlaufend"/>
      <ModellElementVerbindung Element="12" Typ="Auslaufend"/>
      <ModellElemente>
        <ModellElementUntermodellEingang id="5">
          <ModellElementName>Zu id=0</ModellElementName>
          <ModellElementGroesse h="50" w="100" x="50" y="50"/>
          <ModellElementVerbindung Element="8" Typ="Auslaufend"/>
        </ModellElementUntermodellEingang>
        <ModellElementUntermodellAusgang id="6">
          <ModellElementName>Zu id=0</ModellElementName>
          <ModellElementGroesse h="50" w="100" x="200" y="50"/>
          <ModellElementVerbindung Element="9" Typ="Einlaufend"/>
        </ModellElementUntermodellAusgang>
        <ModellElementVerzoegerung id="7">
          <ModellElementGroesse h="50" w="100" x="120" y="150"/>
          <ModellElementVerbindung Element="8" Typ="Einlaufend"/>
          <ModellElementVerbindung Element="9" Typ="Auslaufend"/>
          <ModellElementVerteilung Typ="Bedienzeit" Zeitbasis="Sekunden">Exponentialverteilung (600)</ModellElementVerteilung>
        </ModellElementVerzoegerung>
        <ModellElementKante id="8">
          <ModellElementVerbindung Element1="5" Element2="7" Typ="Kante"/>
        </ModellElementKante>
        <ModellElementKante id="9">
          <ModellElementVerbindung Element1="7" Element2="6" Typ="Kante"/>
        </ModellElementKante>
      </ModellElemente>
    </ModellElementUntermodell>
    <ModellElementKante id="10">
      <ModellElementName>Ankünfte (Kunden)</ModellElementName>
      <ModellElementVerbindung Element1="1" Element2="2" Typ="Kante"/>
    </ModellElementKante>
    <ModellElementKante id="11">
      <ModellElementVerbindung Element1="2" Element2="4" Typ="Kante"/>
    </ModellElementKante>
    <ModellElementKante id="12">
      <ModellElementName>Ausgang 1</ModellElementName>
      <ModellElementVerbindung Element1="4" Element2="3" Typ="Kante"/>
    </ModellElementKante>
  </ModellElemente>
  <Ressourcen/>
  <KundentypenDaten/>
  <ModellZeitplaene/>
</Modell>
