<?xml version="1.0" encoding="UTF-8" standalone="no"?>
<!DOCTYPE Modell SYSTEM "http://www.tu-clausthal.de/fileadmin/simulator/Simulator.dtd">
<Modell xmlns="http://www.tu-clausthal.de" xmlns:xsi="http://www.w3.org/2001/XMLSchema-instance" xsi:schemaLocation="http://www.tu-clausthal.de http://www.tu-clausthal.de/fileadmin/simulator/Simulator.xsd">
  <ModellVersion>0.1.1</ModellVersion>
  <ModellName/>
  <ModellBeschreibung/>
  <ModellKunden Aktiv="1">20</ModellKunden>
  <ModellAufwaermphase>0.05</ModellAufwaermphase>
  <ModellAbbruchbedingung Aktiv="0"/>
  <ModellElemente>
    <ModellElementQuelle id="1">
      <ModellElementName>Kunden</ModellElementName>
      <ModellElementGroesse h="50" w="100" x="50" y="100"/>
      <ModellElementVerbindung Element="9" Typ="Auslaufend"/>
      <ModellElementVerteilung Zeitbasis="Sekunden">Exponentialverteilung (60)</ModellElementVerteilung>
    </ModellElementQuelle>
    <ModellElementUntermodell id="2">
      <ModellElementGroesse h="50" w="100" x="250" y="100"/>
      <ModellElementVerbindung Element="9" Typ="Einlaufend"/>
      <ModellElementVerbindung Element="10" Typ="Auslaufend"/>
      <ModellElemente>
        <ModellElementUntermodellEingang id="4">
          <ModellElementName>Zu id=0</ModellElementName>
          <ModellElementGroesse h="50" w="100" x="50" y="50"/>
          <ModellElementVerbindung Element="7" Typ="Auslaufend"/>
        </ModellElementUntermodellEingang>
        <ModellElementUntermodellAusgang id="5">
          <ModellElementName>Zu id=0</ModellElementName>
          <ModellElementGroesse h="50" w="100" x="200" y="50"/>
          <ModellElementVerbindung Element="8" Typ="Einlaufend"/>
        </ModellElementUntermodellAusgang>
        <ModellElementZuweisung id="6">
          <ModellElementName>KundenB</ModellElementName>
          <ModellElementGroesse h="50" w="100" x="125" y="200"/>
          <ModellElementVerbindung Element="7" Typ="Einlaufend"/>
          <ModellElementVerbindung Element="8" Typ="Auslaufend"/>
        </ModellElementZuweisung>
        <ModellElementKante id="7">
          <ModellElementVerbindung Element1="4" Element2="6" Typ="Kante"/>
        </ModellElementKante>
        <ModellElementKante id="8">
          <ModellElementName>Neuer Kundentyp: KundenB</ModellElementName>
          <ModellElementVerbindung Element1="6" Element2="5" Typ="Kante"/>
        </ModellElementKante>
      </ModellElemente>
    </ModellElementUntermodell>
    <ModellElementEnde id="3">
      <ModellElementGroesse h="50" w="100" x="450" y="100"/>
      <ModellElementVerbindung Element="10" Typ="Einlaufend"/>
    </ModellElementEnde>
    <ModellElementKante id="9">
      <ModellElementName>Ankünfte (Kunden)</ModellElementName>
      <ModellElementVerbindung Element1="1" Element2="2" Typ="Kante"/>
    </ModellElementKante>
    <ModellElementKante id="10">
      <ModellElementName>Ausgang 1</ModellElementName>
      <ModellElementVerbindung Element1="2" Element2="3" Typ="Kante"/>
    </ModellElementKante>
  </ModellElemente>
  <Ressourcen/>
</Modell>
