<?xml version="1.0" encoding="UTF-8" standalone="no"?>
<!DOCTYPE Modell SYSTEM "https://qs.highfives.io/xml/Simulator.dtd">
<Modell xmlns="https://qs.highfives.io" xmlns:xsi="http://www.w3.org/2001/XMLSchema-instance" xsi:schemaLocation="https://qs.highfives.io https://qs.highfives.io/xml/Simulator.xsd">
  <ModellVersion>3.1.1</ModellVersion>
  <ModellAutor>Alexander Herzog</ModellAutor>
  <ModellKunden Aktiv="1">10000000</ModellKunden>
  <ModellAufwaermphase>0.05</ModellAufwaermphase>
  <ModellAbbruchzeit Aktiv="0">10:00:00:00</ModellAbbruchzeit>
  <ModellElemente>
    <ModellElementQuelle id="1">
      <ModellElementName>Kunden</ModellElementName>
      <ModellElementGroesse h="50" w="100" x="50" y="200"/>
      <ModellElementVerbindung Element="10" Typ="Auslaufend"/>
      <ModellElementVerteilung Zeitbasis="Sekunden">Exponentialverteilung (30)</ModellElementVerteilung>
      <ModellElementBatch Groesse="1"/>
    </ModellElementQuelle>
    <ModellElementVerzweigen id="2">
      <ModellElementGroesse h="50" w="100" x="250" y="200"/>
      <ModellElementVerzweigungsmodus>BedienstationMinimumN</ModellElementVerzweigungsmodus>
      <ModellElementVerbindung Element="10" Typ="Einlaufend"/>
      <ModellElementVerbindung Element="11" Typ="Auslaufend"/>
      <ModellElementVerbindung Element="12" Typ="Auslaufend"/>
    </ModellElementVerzweigen>
    <ModellElementTeleportStart id="3">
      <ModellElementGroesse h="25" w="25" x="325" y="100"/>
      <ModellElementVerbindung Element="11" Typ="Einlaufend"/>
      <ModellElementTeleportStartZuZiel>A</ModellElementTeleportStartZuZiel>
    </ModellElementTeleportStart>
    <ModellElementTeleportStart id="4">
      <ModellElementGroesse h="25" w="25" x="325" y="325"/>
      <ModellElementVerbindung Element="12" Typ="Einlaufend"/>
      <ModellElementTeleportStartZuZiel>B</ModellElementTeleportStartZuZiel>
    </ModellElementTeleportStart>
    <ModellElementTeleportZiel id="5">
      <ModellElementName>A</ModellElementName>
      <ModellElementGroesse h="25" w="25" x="475" y="100"/>
      <ModellElementVerbindung Element="13" Typ="Auslaufend"/>
    </ModellElementTeleportZiel>
    <ModellElementTeleportZiel id="6">
      <ModellElementName>B</ModellElementName>
      <ModellElementGroesse h="25" w="25" x="475" y="325"/>
      <ModellElementVerbindung Element="15" Typ="Auslaufend"/>
    </ModellElementTeleportZiel>
    <ModellElementBedienstation id="7">
      <ModellElementGroesse h="50" w="100" x="600" y="100"/>
      <ModellElementVerbindung Element="13" Typ="Einlaufend"/>
      <ModellElementVerbindung Element="14" Typ="Auslaufend"/>
      <ModellElementVerteilung Status="Bedienzeit" Typ="Bedienzeiten" Zeitbasis="Sekunden">Exponentialverteilung (50)</ModellElementVerteilung>
      <ModellElementPrioritaet Kundentyp="Kunden">w</ModellElementPrioritaet>
      <ModellElementBediener Alternative="1" Anzahl="1" Gruppe="Gruppe1"/>
      <ModellElementBedienerPrioritaet>1</ModellElementBedienerPrioritaet>
    </ModellElementBedienstation>
    <ModellElementBedienstation id="8">
      <ModellElementGroesse h="50" w="100" x="600" y="300"/>
      <ModellElementVerbindung Element="15" Typ="Einlaufend"/>
      <ModellElementVerbindung Element="16" Typ="Auslaufend"/>
      <ModellElementVerteilung Status="Bedienzeit" Typ="Bedienzeiten" Zeitbasis="Sekunden">Exponentialverteilung (50)</ModellElementVerteilung>
      <ModellElementPrioritaet Kundentyp="Kunden">w</ModellElementPrioritaet>
      <ModellElementBediener Alternative="1" Anzahl="1" Gruppe="Gruppe2"/>
      <ModellElementBedienerPrioritaet>1</ModellElementBedienerPrioritaet>
    </ModellElementBedienstation>
    <ModellElementEnde id="9">
      <ModellElementGroesse h="50" w="100" x="600" y="200"/>
      <ModellElementVerbindung Element="14" Typ="Einlaufend"/>
      <ModellElementVerbindung Element="16" Typ="Einlaufend"/>
    </ModellElementEnde>
    <ModellElementKante id="10">
      <ModellElementName>Ankünfte (Kunden)</ModellElementName>
      <ModellElementVerbindung Element1="1" Element2="2" Typ="Kante"/>
    </ModellElementKante>
    <ModellElementKante id="11">
      <ModellElementVerbindung Element1="2" Element2="3" Typ="Kante"/>
    </ModellElementKante>
    <ModellElementKante id="12">
      <ModellElementVerbindung Element1="2" Element2="4" Typ="Kante"/>
    </ModellElementKante>
    <ModellElementKante id="13">
      <ModellElementVerbindung Element1="5" Element2="7" Typ="Kante"/>
    </ModellElementKante>
    <ModellElementKante id="14">
      <ModellElementVerbindung Element1="7" Element2="9" Typ="Kante"/>
    </ModellElementKante>
    <ModellElementKante id="15">
      <ModellElementVerbindung Element1="6" Element2="8" Typ="Kante"/>
    </ModellElementKante>
    <ModellElementKante id="16">
      <ModellElementVerbindung Element1="8" Element2="9" Typ="Kante"/>
    </ModellElementKante>
  </ModellElemente>
  <Ressourcen UntergeordnetePrioritaet="Zufaellig">
    <Ressource Name="Gruppe1" Typ="Anzahl" Wert="1"/>
    <Ressource Name="Gruppe2" Typ="Anzahl" Wert="1"/>
  </Ressourcen>
  <KundentypenDaten/>
  <ModellZusatzStatistik Schrittweite="36000">
    <ModellZusatzStatistikElement Modus="Maximum">abs(WIP(7)-WIP(8))</ModellZusatzStatistikElement>
  </ModellZusatzStatistik>
  <ModellKantenNormal Breite="1" Farbe="0,0,0" Typ="0"/>
  <ModellKantenSelektiert Breite="1" Typ="0"/>
</Modell>
