<?xml version="1.0" encoding="UTF-8" standalone="no"?>
<!DOCTYPE Modell SYSTEM "https://qs.highfives.io/xml/Simulator.dtd">
<Modell xmlns="https://qs.highfives.io" xmlns:xsi="http://www.w3.org/2001/XMLSchema-instance" xsi:schemaLocation="https://qs.highfives.io https://qs.highfives.io/xml/Simulator.xsd">
  <ModellVersion>0.7.0</ModellVersion>
  <ModellName/>
  <ModellBeschreibung/>
  <ModellKunden Aktiv="1">10</ModellKunden>
  <ModellAufwaermphase>0</ModellAufwaermphase>
  <ModellAbbruchbedingung Aktiv="0"/>
  <ModellAbbruchzeit Aktiv="0">10:00:00:00</ModellAbbruchzeit>
  <ModellElemente>
    <ModellElementQuelle id="1">
      <ModellElementName>Kunden</ModellElementName>
      <ModellElementGroesse h="50" w="100" x="50" y="100"/>
      <ModellElementVerbindung Element="6" Typ="Auslaufend"/>
      <ModellElementAusdruck Zeitbasis="Sekunden">60</ModellElementAusdruck>
    </ModellElementQuelle>
    <ModellElementVerzoegerung id="2">
      <ModellElementGroesse h="50" w="100" x="250" y="100"/>
      <ModellElementVerbindung Element="6" Typ="Einlaufend"/>
      <ModellElementVerbindung Element="7" Typ="Auslaufend"/>
      <ModellElementAusdruck Typ="Bedienzeit" Zeitbasis="Sekunden">10</ModellElementAusdruck>
    </ModellElementVerzoegerung>
    <ModellElementZusammenfassen id="3">
      <ModellElementGroesse h="50" w="100" x="400" y="100"/>
      <ModellElementVerbindung Element="7" Typ="Einlaufend"/>
      <ModellElementVerbindung Element="8" Typ="Auslaufend"/>
      <BatchModus>Zeitweise</BatchModus>
      <ModellElementKundentyp>Batch</ModellElementKundentyp>
      <ModellElementBatch Groesse="2"/>
    </ModellElementZusammenfassen>
    <ModellElementVerzoegerung id="4">
      <ModellElementGroesse h="50" w="100" x="600" y="100"/>
      <ModellElementVerbindung Element="8" Typ="Einlaufend"/>
      <ModellElementVerbindung Element="11" Typ="Auslaufend"/>
      <ModellElementAusdruck Typ="Transferzeit" Zeitbasis="Sekunden">15</ModellElementAusdruck>
    </ModellElementVerzoegerung>
    <ModellElementEnde id="5">
      <ModellElementGroesse h="50" w="100" x="1055" y="100"/>
      <ModellElementVerbindung Element="13" Typ="Einlaufend"/>
    </ModellElementEnde>
    <ModellElementKante id="6">
      <ModellElementName>Ankünfte (Kunden)</ModellElementName>
      <ModellElementVerbindung Element1="1" Element2="2" Typ="Kante"/>
    </ModellElementKante>
    <ModellElementKante id="7">
      <ModellElementVerbindung Element1="2" Element2="3" Typ="Kante"/>
    </ModellElementKante>
    <ModellElementKante id="8">
      <ModellElementName>Neuer Kundentyp "Batch"</ModellElementName>
      <ModellElementVerbindung Element1="3" Element2="4" Typ="Kante"/>
    </ModellElementKante>
    <ModellElementTrennen id="9">
      <ModellElementGroesse h="50" w="100" x="750" y="100"/>
      <ModellElementVerbindung Element="11" Typ="Einlaufend"/>
      <ModellElementVerbindung Element="12" Typ="Auslaufend"/>
    </ModellElementTrennen>
    <ModellElementVerzoegerung id="10">
      <ModellElementGroesse h="50" w="100" x="900" y="100"/>
      <ModellElementVerbindung Element="12" Typ="Einlaufend"/>
      <ModellElementVerbindung Element="13" Typ="Auslaufend"/>
      <ModellElementAusdruck Typ="Transferzeit" Zeitbasis="Sekunden">3</ModellElementAusdruck>
    </ModellElementVerzoegerung>
    <ModellElementKante id="11">
      <ModellElementVerbindung Element1="4" Element2="9" Typ="Kante"/>
    </ModellElementKante>
    <ModellElementKante id="12">
      <ModellElementVerbindung Element1="9" Element2="10" Typ="Kante"/>
    </ModellElementKante>
    <ModellElementKante id="13">
      <ModellElementVerbindung Element1="10" Element2="5" Typ="Kante"/>
    </ModellElementKante>
  </ModellElemente>
  <Ressourcen/>
  <KundentypenDaten>
    <KundenDaten Icon="icon_package" Name="Batch"/>
  </KundentypenDaten>
  <ModellZeitplaene/>
</Modell>
