<?xml version="1.0" encoding="UTF-8" standalone="no"?>
<!DOCTYPE Modell SYSTEM "https://qs.highfives.io/xml/Simulator.dtd">
<Modell xmlns="https://qs.highfives.io" xmlns:xsi="http://www.w3.org/2001/XMLSchema-instance" xsi:schemaLocation="https://qs.highfives.io https://qs.highfives.io/xml/Simulator.xsd">
  <ModellVersion>1.2.0</ModellVersion>
  <ModellName/>
  <ModellBeschreibung/>
  <ModellAutor>Alexa</ModellAutor>
  <ModellKunden Aktiv="1">10000000</ModellKunden>
  <ModellAufwaermphase>0.05</ModellAufwaermphase>
  <ModellAbbruchbedingung Aktiv="0"/>
  <ModellAbbruchzeit Aktiv="0">10:00:00:00</ModellAbbruchzeit>
  <ModellZufallszahlenStartwert Aktiv="0">0</ModellZufallszahlenStartwert>
  <ModellElemente>
    <ModellElementQuelle id="1">
      <ModellElementName>Kunden</ModellElementName>
      <ModellElementGroesse h="50" w="100" x="50" y="50"/>
      <ModellElementVerbindung Element="3" Typ="Auslaufend"/>
      <ModellElementVerteilung Zeitbasis="Sekunden">Exponentialverteilung (60)</ModellElementVerteilung>
    </ModellElementQuelle>
    <ModellElementTransportStart id="2">
      <ModellElementGroesse h="50" w="100" x="300" y="50"/>
      <ModellElementVerbindung Element="3" Typ="Einlaufend"/>
      <ModellElementVerteilung Typ="Transferzeit" Zeitbasis="Sekunden">Exponentialverteilung (50)</ModellElementVerteilung>
      <ModellElementTransportRoute>Ziel</ModellElementTransportRoute>
      <ModellElementTransportRessource Anzahl="1" Name="Fahrer"/>
      <ModellElementTransportRessource Anzahl="1" Name="LKW"/>
      <ModellElementTransportRessourcePrioritaet>1</ModellElementTransportRessourcePrioritaet>
    </ModellElementTransportStart>
    <ModellElementKante id="3">
      <ModellElementName>Ankünfte (Kunden)</ModellElementName>
      <ModellElementVerbindung Element1="1" Element2="2" Typ="Kante"/>
    </ModellElementKante>
    <ModellElementTransportZiel id="4">
      <ModellElementName>Ziel</ModellElementName>
      <ModellElementGroesse h="50" w="100" x="50" y="200"/>
      <ModellElementVerbindung Element="6" Typ="Auslaufend"/>
    </ModellElementTransportZiel>
    <ModellElementEnde id="5">
      <ModellElementGroesse h="50" w="100" x="300" y="200"/>
      <ModellElementVerbindung Element="6" Typ="Einlaufend"/>
    </ModellElementEnde>
    <ModellElementKante id="6">
      <ModellElementVerbindung Element1="4" Element2="5" Typ="Kante"/>
    </ModellElementKante>
    <ModellElementAnimationText id="7">
      <ModellElementName>Belegte LKWs</ModellElementName>
      <ModellElementGroesse h="30" w="69" x="50" y="320"/>
      <ModellElementSchriftgrosse>14</ModellElementSchriftgrosse>
      <ModellElementFarbe>0,0,0</ModellElementFarbe>
      <ModellElementAnimationsmodus Art="Zahlenwert">Resource(1)</ModellElementAnimationsmodus>
    </ModellElementAnimationText>
    <ModellElementAnimationText id="8">
      <ModellElementName>Belegte Fehrer</ModellElementName>
      <ModellElementGroesse h="30" w="69" x="200" y="325"/>
      <ModellElementSchriftgrosse>14</ModellElementSchriftgrosse>
      <ModellElementFarbe>0,0,0</ModellElementFarbe>
      <ModellElementAnimationsmodus Art="Zahlenwert">Resource(2)</ModellElementAnimationsmodus>
    </ModellElementAnimationText>
  </ModellElemente>
  <Ressourcen>
    <Ressource Name="LKW" Typ="Anzahl" Wert="2"/>
    <Ressource Name="Fahrer" Typ="Anzahl" Wert="1"/>
  </Ressourcen>
  <KundentypenDaten/>
</Modell>
