<?xml version="1.0" encoding="UTF-8" standalone="no"?>
<!DOCTYPE Modell SYSTEM "https://qs.highfives.io/xml/Simulator.dtd">
<Modell xmlns="https://qs.highfives.io" xmlns:xsi="http://www.w3.org/2001/XMLSchema-instance" xsi:schemaLocation="https://qs.highfives.io https://qs.highfives.io/xml/Simulator.xsd">
  <ModellVersion>1.3.0</ModellVersion>
  <ModellName/>
  <ModellBeschreibung/>
  <ModellAutor>Alexa</ModellAutor>
  <ModellKunden Aktiv="1">10000000</ModellKunden>
  <ModellAufwaermphase>0.05</ModellAufwaermphase>
  <ModellAbbruchbedingung Aktiv="0"/>
  <ModellAbbruchzeit Aktiv="0">10:00:00:00</ModellAbbruchzeit>
  <ModellZufallszahlenStartwert Aktiv="0">0</ModellZufallszahlenStartwert>
  <ModellElemente>
    <ModellElementQuelle id="1">
      <ModellElementName>Kunden</ModellElementName>
      <ModellElementGroesse h="50" w="100" x="50" y="50"/>
      <ModellElementVerbindung Element="3" Typ="Auslaufend"/>
      <ModellElementAusdruck Zeitbasis="Sekunden">60</ModellElementAusdruck>
    </ModellElementQuelle>
    <ModellElementTransporterStart id="2">
      <ModellElementName>Start</ModellElementName>
      <ModellElementGroesse h="50" w="100" x="250" y="50"/>
      <ModellElementVerbindung Element="3" Typ="Einlaufend"/>
      <ModellElementTransportRoute>Ziel</ModellElementTransportRoute>
      <ModellElementTransporterTyp>Transporter</ModellElementTransporterTyp>
      <ModellElementTransporterMindestWartezahl>1</ModellElementTransporterMindestWartezahl>
      <ModellElementTransporterAnforderungsPrioritaet>3</ModellElementTransporterAnforderungsPrioritaet>
      <ModellElementTransporterWarteplaetze>1</ModellElementTransporterWarteplaetze>
      <ModellElementTransporterWartePrioritaet>2</ModellElementTransporterWartePrioritaet>
      <ModellElementTransporterPrioritaet Name="Kunden">w</ModellElementTransporterPrioritaet>
    </ModellElementTransporterStart>
    <ModellElementKante id="3">
      <ModellElementName>Ankünfte (Kunden)</ModellElementName>
      <ModellElementVerbindung Element1="1" Element2="2" Typ="Kante"/>
    </ModellElementKante>
    <ModellElementTransportZiel id="4">
      <ModellElementName>Ziel</ModellElementName>
      <ModellElementGroesse h="50" w="100" x="50" y="200"/>
      <ModellElementVerbindung Element="6" Typ="Auslaufend"/>
    </ModellElementTransportZiel>
    <ModellElementEnde id="5">
      <ModellElementGroesse h="50" w="100" x="250" y="200"/>
      <ModellElementVerbindung Element="6" Typ="Einlaufend"/>
    </ModellElementEnde>
    <ModellElementKante id="6">
      <ModellElementVerbindung Element1="4" Element2="5" Typ="Kante"/>
    </ModellElementKante>
    <ModellElementAnimationStapelBalken id="7">
      <ModellElementGroesse h="50" w="50" x="450" y="200"/>
      <ModellElementDatenausdruck>Transporter_count()-Transporter_down()-Transporter()</ModellElementDatenausdruck>
      <ModellElementDatenausdruck>Transporter_down()</ModellElementDatenausdruck>
      <ModellElementDatenausdruck>Transporter()</ModellElementDatenausdruck>
      <ModellElementDatenbereich Richtung="nach oben"/>
      <ModellElementLinienBreite>1</ModellElementLinienBreite>
      <ModellElementLinienFarbe>0,0,0</ModellElementLinienFarbe>
      <ModellElementBalkenFarbe>180,180,180</ModellElementBalkenFarbe>
      <ModellElementBalkenFarbe>240,0,0</ModellElementBalkenFarbe>
      <ModellElementBalkenFarbe>0,0,255</ModellElementBalkenFarbe>
    </ModellElementAnimationStapelBalken>
  </ModellElemente>
  <KundentypenDaten/>
  <ModellTransporterListe>
    <ModellTransporter Icon="lorry" IconLinks="lorry-left" Name="Transporter">
      <ModellTransporterAnzahl Anzahl="1" Station="Start"/>
      <ModellTransporterKapazitaet>1</ModellTransporterKapazitaet>
      <ModellTransporterEntfernung Start="Start" Ziel="Ziel">10</ModellTransporterEntfernung>
      <ModellTransporterEntfernung Start="Ziel" Ziel="Start">10</ModellTransporterEntfernung>
      <ModellTransporterTransferzeiten>distance</ModellTransporterTransferzeiten>
      <TransporterAusfall AusfallAusdruck="150" AusfallNachKundenanzahl="5"/>
    </ModellTransporter>
  </ModellTransporterListe>
</Modell>
