<?xml version="1.0" encoding="UTF-8" standalone="no"?>
<!DOCTYPE Modell SYSTEM "https://qs.highfives.io/xml/Simulator.dtd">
<Modell xmlns="https://qs.highfives.io" xmlns:xsi="http://www.w3.org/2001/XMLSchema-instance" xsi:schemaLocation="https://qs.highfives.io https://qs.highfives.io/xml/Simulator.xsd">
  <ModellVersion>0.6.0</ModellVersion>
  <ModellName/>
  <ModellBeschreibung/>
  <ModellKunden Aktiv="1">1000</ModellKunden>
  <ModellAufwaermphase>0</ModellAufwaermphase>
  <ModellAbbruchbedingung Aktiv="0"/>
  <ModellAbbruchzeit Aktiv="0">10:00:00:00</ModellAbbruchzeit>
  <ModellElemente>
    <ModellElementQuelle id="1">
      <ModellElementName>Kunden A</ModellElementName>
      <ModellElementGroesse h="50" w="100" x="50" y="50"/>
      <ModellElementVerbindung Element="7" Typ="Auslaufend"/>
      <ModellElementVerteilung Zeitbasis="Sekunden">Ein-Punkt-Verteilung (60)</ModellElementVerteilung>
    </ModellElementQuelle>
    <ModellElementQuelle id="2">
      <ModellElementName>Kunden B</ModellElementName>
      <ModellElementGroesse h="50" w="100" x="50" y="150"/>
      <ModellElementVerbindung Element="8" Typ="Auslaufend"/>
      <ModellElementVerteilung Zeitbasis="Sekunden">Ein-Punkt-Verteilung (60)</ModellElementVerteilung>
      <ModellElementStartZeitpunkt>30</ModellElementStartZeitpunkt>
    </ModellElementQuelle>
    <ModellElementTransportStart id="3">
      <ModellElementGroesse h="50" w="100" x="300" y="100"/>
      <ModellElementVerbindung Element="7" Typ="Einlaufend"/>
      <ModellElementVerbindung Element="8" Typ="Einlaufend"/>
      <ModellElementVerteilung Typ="Transferzeit" Zeitbasis="Sekunden">Ein-Punkt-Verteilung (10)</ModellElementVerteilung>
      <ModellElementVerteilung Ziel="Ziel B">Ein-Punkt-Verteilung (20)</ModellElementVerteilung>
      <ModelElementTransportRoute Kundentyp="Kunden A">Ziel A</ModelElementTransportRoute>
      <ModelElementTransportRoute Kundentyp="Kunden B">Ziel B</ModelElementTransportRoute>
      <ModelElementTransportRoute>Ziel A</ModelElementTransportRoute>
    </ModellElementTransportStart>
    <ModellElementTransportZiel id="4">
      <ModellElementName>Ziel A</ModellElementName>
      <ModellElementGroesse h="50" w="100" x="50" y="300"/>
      <ModellElementVerbindung Element="9" Typ="Auslaufend"/>
    </ModellElementTransportZiel>
    <ModellElementTransportZiel id="5">
      <ModellElementName>Ziel B</ModellElementName>
      <ModellElementGroesse h="50" w="100" x="50" y="400"/>
      <ModellElementVerbindung Element="10" Typ="Auslaufend"/>
    </ModellElementTransportZiel>
    <ModellElementEnde id="6">
      <ModellElementGroesse h="50" w="100" x="250" y="350"/>
      <ModellElementVerbindung Element="9" Typ="Einlaufend"/>
      <ModellElementVerbindung Element="10" Typ="Einlaufend"/>
    </ModellElementEnde>
    <ModellElementKante id="7">
      <ModellElementName>Ankünfte (Kunden A)</ModellElementName>
      <ModellElementVerbindung Element1="1" Element2="3" Typ="Kante"/>
    </ModellElementKante>
    <ModellElementKante id="8">
      <ModellElementName>Ankünfte (Kunden B)</ModellElementName>
      <ModellElementVerbindung Element1="2" Element2="3" Typ="Kante"/>
    </ModellElementKante>
    <ModellElementKante id="9">
      <ModellElementVerbindung Element1="4" Element2="6" Typ="Kante"/>
    </ModellElementKante>
    <ModellElementKante id="10">
      <ModellElementVerbindung Element1="5" Element2="6" Typ="Kante"/>
    </ModellElementKante>
  </ModellElemente>
  <Ressourcen/>
  <KundentypenDaten>
    <KundenDaten Icon="user_red" Name="Kunden B"/>
  </KundentypenDaten>
  <ModellZeitplaene/>
</Modell>
