<?xml version="1.0" encoding="UTF-8" standalone="no"?>
<!DOCTYPE Modell SYSTEM "https://qs.highfives.io/xml/Simulator.dtd">
<Modell xmlns="https://qs.highfives.io" xmlns:xsi="http://www.w3.org/2001/XMLSchema-instance" xsi:schemaLocation="https://qs.highfives.io https://qs.highfives.io/xml/Simulator.xsd">
  <ModellVersion>2.2.0</ModellVersion>
  <ModellAutor>Alexander Herzog</ModellAutor>
  <ModellKunden Aktiv="1">10000000</ModellKunden>
  <ModellAufwaermphase>0.05</ModellAufwaermphase>
  <ModellAbbruchzeit Aktiv="0">10:00:00:00</ModellAbbruchzeit>
  <ModellElemente>
    <ModellElementTransportZiel id="1">
      <ModellElementName>ZielA</ModellElementName>
      <ModellElementGroesse h="50" w="100" x="900" y="50"/>
      <ModellElementVerbindung Element="17" Typ="Auslaufend"/>
    </ModellElementTransportZiel>
    <ModellElementTransportZiel id="2">
      <ModellElementName>ZielB</ModellElementName>
      <ModellElementGroesse h="50" w="100" x="900" y="150"/>
      <ModellElementVerbindung Element="18" Typ="Auslaufend"/>
    </ModellElementTransportZiel>
    <ModellElementTransportStart id="3">
      <ModellElementGroesse h="50" w="100" x="650" y="150"/>
      <ModellElementVerbindung Element="11" Typ="Einlaufend"/>
      <ModellElementVerbindung Element="12" Typ="Einlaufend"/>
      <ModellElementVerbindung Element="13" Typ="Einlaufend"/>
      <ModellElementVerteilung Typ="Transferzeit" Zeitbasis="Sekunden">Exponentialverteilung (50)</ModellElementVerteilung>
      <ModellElementTransportRouteNachEigenschaft>target</ModellElementTransportRouteNachEigenschaft>
      <ModellElementTransportRoute>ZielC</ModellElementTransportRoute>
    </ModellElementTransportStart>
    <ModellElementQuelle id="4">
      <ModellElementName>KundenA</ModellElementName>
      <ModellElementGroesse h="50" w="100" x="150" y="50"/>
      <ModellElementVerbindung Element="9" Typ="Auslaufend"/>
      <ModellElementVerteilung Zeitbasis="Sekunden">Exponentialverteilung (60)</ModellElementVerteilung>
    </ModellElementQuelle>
    <ModellElementQuelle id="5">
      <ModellElementName>KundenB</ModellElementName>
      <ModellElementGroesse h="50" w="100" x="150" y="150"/>
      <ModellElementVerbindung Element="10" Typ="Auslaufend"/>
      <ModellElementVerteilung Zeitbasis="Sekunden">Exponentialverteilung (60)</ModellElementVerteilung>
    </ModellElementQuelle>
    <ModellElementQuelle id="6">
      <ModellElementName>KundenC</ModellElementName>
      <ModellElementGroesse h="50" w="100" x="150" y="250"/>
      <ModellElementVerbindung Element="11" Typ="Auslaufend"/>
      <ModellElementVerteilung Zeitbasis="Sekunden">Exponentialverteilung (60)</ModellElementVerteilung>
    </ModellElementQuelle>
    <ModellElementZuweisungText id="7">
      <ModellElementGroesse h="50" w="100" x="400" y="50"/>
      <ModellElementVerbindung Element="9" Typ="Einlaufend"/>
      <ModellElementVerbindung Element="13" Typ="Auslaufend"/>
      <ModellElementZuweisungTextEintrag Schluessel="target">ZielA</ModellElementZuweisungTextEintrag>
    </ModellElementZuweisungText>
    <ModellElementZuweisungText id="8">
      <ModellElementGroesse h="50" w="100" x="400" y="150"/>
      <ModellElementVerbindung Element="10" Typ="Einlaufend"/>
      <ModellElementVerbindung Element="12" Typ="Auslaufend"/>
      <ModellElementZuweisungTextEintrag Schluessel="Target">zielb</ModellElementZuweisungTextEintrag>
    </ModellElementZuweisungText>
    <ModellElementKante id="9">
      <ModellElementName>Ankünfte (KundenA)</ModellElementName>
      <ModellElementVerbindung Element1="4" Element2="7" Typ="Kante"/>
    </ModellElementKante>
    <ModellElementKante id="10">
      <ModellElementName>Ankünfte (KundenB)</ModellElementName>
      <ModellElementVerbindung Element1="5" Element2="8" Typ="Kante"/>
    </ModellElementKante>
    <ModellElementKante id="11">
      <ModellElementName>Ankünfte (KundenC)</ModellElementName>
      <ModellElementVerbindung Element1="6" Element2="3" Typ="Kante"/>
    </ModellElementKante>
    <ModellElementKante id="12">
      <ModellElementName>Target:=zielb</ModellElementName>
      <ModellElementVerbindung Element1="8" Element2="3" Typ="Kante"/>
    </ModellElementKante>
    <ModellElementKante id="13">
      <ModellElementName>target:=ZielA</ModellElementName>
      <ModellElementVerbindung Element1="7" Element2="3" Typ="Kante"/>
    </ModellElementKante>
    <ModellElementTransportZiel id="14">
      <ModellElementName>ZielC</ModellElementName>
      <ModellElementGroesse h="50" w="100" x="900" y="250"/>
      <ModellElementVerbindung Element="16" Typ="Auslaufend"/>
    </ModellElementTransportZiel>
    <ModellElementEnde id="15">
      <ModellElementGroesse h="50" w="100" x="1150" y="150"/>
      <ModellElementVerbindung Element="16" Typ="Einlaufend"/>
      <ModellElementVerbindung Element="17" Typ="Einlaufend"/>
      <ModellElementVerbindung Element="18" Typ="Einlaufend"/>
    </ModellElementEnde>
    <ModellElementKante id="16">
      <ModellElementVerbindung Element1="14" Element2="15" Typ="Kante"/>
    </ModellElementKante>
    <ModellElementKante id="17">
      <ModellElementVerbindung Element1="1" Element2="15" Typ="Kante"/>
    </ModellElementKante>
    <ModellElementKante id="18">
      <ModellElementVerbindung Element1="2" Element2="15" Typ="Kante"/>
    </ModellElementKante>
  </ModellElemente>
  <KundentypenDaten>
    <KundenDaten Icon="user_green" Name="KundenB"/>
    <KundenDaten Icon="user_red" Name="KundenC"/>
  </KundentypenDaten>
</Modell>
