<?xml version="1.0" encoding="UTF-8" standalone="no"?>
<!DOCTYPE Modell SYSTEM "https://qs.highfives.io/xml/Simulator.dtd">
<Modell xmlns="https://qs.highfives.io" xmlns:xsi="http://www.w3.org/2001/XMLSchema-instance" xsi:schemaLocation="https://qs.highfives.io https://qs.highfives.io/xml/Simulator.xsd">
  <ModellVersion>1.1.0</ModellVersion>
  <ModellName/>
  <ModellBeschreibung/>
  <ModellAutor>Alexa</ModellAutor>
  <ModellKunden Aktiv="1">10000000</ModellKunden>
  <ModellAufwaermphase>0.05</ModellAufwaermphase>
  <ModellAbbruchbedingung Aktiv="0"/>
  <ModellAbbruchzeit Aktiv="0">10:00:00:00</ModellAbbruchzeit>
  <ModellZufallszahlenStartwert Aktiv="0">0</ModellZufallszahlenStartwert>
  <ModellElemente>
    <ModellElementUntermodell id="1">
      <ModellElementName>A</ModellElementName>
      <ModellElementGroesse h="50" w="100" x="150" y="200"/>
      <ModellElementVerbindung Element="20" Typ="Einlaufend"/>
      <ModellElementVerbindung Element="17" Typ="Auslaufend"/>
      <ModellElemente>
        <ModellElementUntermodellEingang id="4">
          <ModellElementName>Zu id=0</ModellElementName>
          <ModellElementGroesse h="50" w="100" x="50" y="50"/>
          <ModellElementVerbindung Element="8" Typ="Auslaufend"/>
        </ModellElementUntermodellEingang>
        <ModellElementUntermodellAusgang id="5">
          <ModellElementName>Zu id=0</ModellElementName>
          <ModellElementGroesse h="50" w="100" x="250" y="50"/>
          <ModellElementVerbindung Element="7" Typ="Einlaufend"/>
          <ModellElementVerbindung Element="8" Typ="Einlaufend"/>
        </ModellElementUntermodellAusgang>
        <ModellElementTransportZiel id="6">
          <ModellElementName>ZielA</ModellElementName>
          <ModellElementGroesse h="50" w="100" x="250" y="150"/>
          <ModellElementVerbindung Element="7" Typ="Auslaufend"/>
        </ModellElementTransportZiel>
        <ModellElementKante id="7">
          <ModellElementVerbindung Element1="6" Element2="5" Typ="Kante"/>
        </ModellElementKante>
        <ModellElementKante id="8">
          <ModellElementVerbindung Element1="4" Element2="5" Typ="Kante"/>
        </ModellElementKante>
      </ModellElemente>
    </ModellElementUntermodell>
    <ModellElementUntermodell id="2">
      <ModellElementName>B</ModellElementName>
      <ModellElementGroesse h="50" w="100" x="350" y="200"/>
      <ModellElementVerbindung Element="21" Typ="Einlaufend"/>
      <ModellElementVerbindung Element="23" Typ="Auslaufend"/>
      <ModellElemente>
        <ModellElementUntermodellEingang id="3">
          <ModellElementName>Zu id=0</ModellElementName>
          <ModellElementGroesse h="50" w="100" x="50" y="50"/>
          <ModellElementVerbindung Element="11" Typ="Auslaufend"/>
        </ModellElementUntermodellEingang>
        <ModellElementUntermodellAusgang id="9">
          <ModellElementName>Zu id=0</ModellElementName>
          <ModellElementGroesse h="50" w="100" x="250" y="50"/>
          <ModellElementVerbindung Element="11" Typ="Einlaufend"/>
          <ModellElementVerbindung Element="12" Typ="Einlaufend"/>
        </ModellElementUntermodellAusgang>
        <ModellElementTransportZiel id="10">
          <ModellElementName>Ziel B</ModellElementName>
          <ModellElementGroesse h="50" w="100" x="250" y="150"/>
          <ModellElementVerbindung Element="12" Typ="Auslaufend"/>
        </ModellElementTransportZiel>
        <ModellElementKante id="11">
          <ModellElementVerbindung Element1="3" Element2="9" Typ="Kante"/>
        </ModellElementKante>
        <ModellElementKante id="12">
          <ModellElementVerbindung Element1="10" Element2="9" Typ="Kante"/>
        </ModellElementKante>
      </ModellElemente>
    </ModellElementUntermodell>
    <ModellElementQuelle id="13">
      <ModellElementName>Kunden</ModellElementName>
      <ModellElementGroesse h="50" w="100" x="50" y="50"/>
      <ModellElementVerbindung Element="18" Typ="Auslaufend"/>
      <ModellElementVerteilung Zeitbasis="Sekunden">Exponentialverteilung (60)</ModellElementVerteilung>
    </ModellElementQuelle>
    <ModellElementTransportStart id="14">
      <ModellElementGroesse h="50" w="100" x="550" y="50"/>
      <ModellElementVerbindung Element="19" Typ="Einlaufend"/>
      <ModellElementVerteilung Typ="Transferzeit" Zeitbasis="Sekunden">Exponentialverteilung (50)</ModellElementVerteilung>
      <ModellElementTransportRoute>ZielA</ModellElementTransportRoute>
    </ModellElementTransportStart>
    <ModellElementEnde id="16">
      <ModellElementGroesse h="50" w="100" x="350" y="400"/>
      <ModellElementVerbindung Element="17" Typ="Einlaufend"/>
      <ModellElementVerbindung Element="23" Typ="Einlaufend"/>
      <ModellElementVerbindung Element="24" Typ="Einlaufend"/>
    </ModellElementEnde>
    <ModellElementKante id="17">
      <ModellElementName>Ausgang 1</ModellElementName>
      <ModellElementVerbindung Element1="1" Element2="16" Typ="Kante"/>
    </ModellElementKante>
    <ModellElementVerzweigen id="15">
      <ModellElementGroesse h="50" w="100" x="250" y="50"/>
      <ModellElementVerzweigungsmodus>Zufall</ModellElementVerzweigungsmodus>
      <ModellElementVerbindung Element="18" Typ="Einlaufend"/>
      <ModellElementVerbindung Element="19" Rate="1" Typ="Auslaufend"/>
      <ModellElementVerbindung Element="20" Rate="0" Typ="Auslaufend"/>
      <ModellElementVerbindung Element="21" Rate="0" Typ="Auslaufend"/>
    </ModellElementVerzweigen>
    <ModellElementKante id="18">
      <ModellElementName>Ankünfte (Kunden)</ModellElementName>
      <ModellElementVerbindung Element1="13" Element2="15" Typ="Kante"/>
    </ModellElementKante>
    <ModellElementKante id="19">
      <ModellElementName>Rate 1 (100%)</ModellElementName>
      <ModellElementVerbindung Element1="15" Element2="14" Typ="Kante"/>
    </ModellElementKante>
    <ModellElementKante id="20">
      <ModellElementName>Rate 0 (0%)</ModellElementName>
      <ModellElementVerbindung Element1="15" Element2="1" Typ="Kante"/>
    </ModellElementKante>
    <ModellElementKante id="21">
      <ModellElementName>Rate 0 (0%)</ModellElementName>
      <ModellElementVerbindung Element1="15" Element2="2" Typ="Kante"/>
    </ModellElementKante>
    <ModellElementTransportZiel id="22">
      <ModellElementName>Default</ModellElementName>
      <ModellElementGroesse h="50" w="100" x="550" y="200"/>
      <ModellElementVerbindung Element="24" Typ="Auslaufend"/>
    </ModellElementTransportZiel>
    <ModellElementKante id="23">
      <ModellElementName>Ausgang 1</ModellElementName>
      <ModellElementVerbindung Element1="2" Element2="16" Typ="Kante"/>
    </ModellElementKante>
    <ModellElementKante id="24">
      <ModellElementVerbindung Element1="22" Element2="16" Typ="Kante"/>
    </ModellElementKante>
  </ModellElemente>
  <KundentypenDaten/>
</Modell>
