<?xml version="1.0" encoding="UTF-8" standalone="no"?>
<!DOCTYPE Modell SYSTEM "https://qs.highfives.io/xml/Simulator.dtd">
<Modell xmlns="https://qs.highfives.io" xmlns:xsi="http://www.w3.org/2001/XMLSchema-instance" xsi:schemaLocation="https://qs.highfives.io https://qs.highfives.io/xml/Simulator.xsd">
  <ModellVersion>1.2.0</ModellVersion>
  <ModellName/>
  <ModellBeschreibung/>
  <ModellAutor>Alexa</ModellAutor>
  <ModellKunden Aktiv="1">10000000</ModellKunden>
  <ModellAufwaermphase>0.05</ModellAufwaermphase>
  <ModellAbbruchbedingung Aktiv="0"/>
  <ModellAbbruchzeit Aktiv="0">10:00:00:00</ModellAbbruchzeit>
  <ModellZufallszahlenStartwert Aktiv="0">0</ModellZufallszahlenStartwert>
  <ModellElemente>
    <ModellElementQuelle id="1">
      <ModellElementName>Kunden</ModellElementName>
      <ModellElementGroesse h="50" w="100" x="50" y="50"/>
      <ModellElementVerbindung Element="3" Typ="Auslaufend"/>
      <ModellElementVerteilung Zeitbasis="Sekunden">Exponentialverteilung (60)</ModellElementVerteilung>
    </ModellElementQuelle>
    <ModellElementUntermodell id="2">
      <ModellElementGroesse h="50" w="100" x="250" y="50"/>
      <ModellElementVerbindung Element="3" Typ="Einlaufend"/>
      <ModellElementVerbindung Element="5" Typ="Auslaufend"/>
      <ModellElemente>
        <ModellElementUntermodellEingang id="8">
          <ModellElementName>Zu id=0</ModellElementName>
          <ModellElementGroesse h="50" w="100" x="50" y="50"/>
          <ModellElementVerbindung Element="12" Typ="Auslaufend"/>
        </ModellElementUntermodellEingang>
        <ModellElementUntermodellAusgang id="9">
          <ModellElementName>Zu id=0</ModellElementName>
          <ModellElementGroesse h="50" w="100" x="450" y="50"/>
          <ModellElementVerbindung Element="13" Typ="Einlaufend"/>
          <ModellElementVerbindung Element="6" Typ="Einlaufend"/>
        </ModellElementUntermodellAusgang>
        <ModellElementVerzweigen id="10">
          <ModellElementGroesse h="50" w="100" x="250" y="50"/>
          <ModellElementVerzweigungsmodus>Zufall</ModellElementVerzweigungsmodus>
          <ModellElementVerbindung Element="12" Typ="Einlaufend"/>
          <ModellElementVerbindung Element="13" Rate="0" Typ="Auslaufend"/>
          <ModellElementVerbindung Element="16" Rate="1" Typ="Auslaufend"/>
        </ModellElementVerzweigen>
        <ModellElementKante id="12">
          <ModellElementVerbindung Element1="8" Element2="10" Typ="Kante"/>
        </ModellElementKante>
        <ModellElementKante id="13">
          <ModellElementName>Rate 0 (0%)</ModellElementName>
          <ModellElementVerbindung Element1="10" Element2="9" Typ="Kante"/>
        </ModellElementKante>
        <ModellElementTransporterStart id="15">
          <ModellElementName>Start</ModellElementName>
          <ModellElementGroesse h="50" w="100" x="150" y="200"/>
          <ModellElementVerbindung Element="16" Typ="Einlaufend"/>
          <ModellElementTransportRoute>Ziel</ModellElementTransportRoute>
          <ModellElementTransporterTyp>Transporter 1</ModellElementTransporterTyp>
          <ModellElementTransporterMindestWartezahl>1</ModellElementTransporterMindestWartezahl>
          <ModellElementTransporterAnforderungsPrioritaet>3</ModellElementTransporterAnforderungsPrioritaet>
          <ModellElementTransporterWarteplaetze>1</ModellElementTransporterWarteplaetze>
          <ModellElementTransporterWartePrioritaet>2</ModellElementTransporterWartePrioritaet>
          <ModellElementTransporterPrioritaet Name="Kunden">w</ModellElementTransporterPrioritaet>
        </ModellElementTransporterStart>
        <ModellElementKante id="16">
          <ModellElementName>Rate 1 (100%)</ModellElementName>
          <ModellElementVerbindung Element1="10" Element2="15" Typ="Kante"/>
        </ModellElementKante>
        <ModellElementTransportZiel id="23">
          <ModellElementName>Ziel</ModellElementName>
          <ModellElementGroesse h="50" w="100" x="450" y="200"/>
          <ModellElementVerbindung Element="6" Typ="Auslaufend"/>
        </ModellElementTransportZiel>
        <ModellElementKante id="6">
          <ModellElementVerbindung Element1="23" Element2="9" Typ="Kante"/>
        </ModellElementKante>
      </ModellElemente>
    </ModellElementUntermodell>
    <ModellElementKante id="3">
      <ModellElementName>Ankünfte (Kunden)</ModellElementName>
      <ModellElementVerbindung Element1="1" Element2="2" Typ="Kante"/>
    </ModellElementKante>
    <ModellElementEnde id="4">
      <ModellElementGroesse h="50" w="100" x="450" y="50"/>
      <ModellElementVerbindung Element="5" Typ="Einlaufend"/>
    </ModellElementEnde>
    <ModellElementKante id="5">
      <ModellElementName>Ausgang 1</ModellElementName>
      <ModellElementVerbindung Element1="2" Element2="4" Typ="Kante"/>
    </ModellElementKante>
  </ModellElemente>
  <KundentypenDaten/>
  <ModellTransporterListe>
    <ModellTransporter Icon="lorry" Name="Transporter 1">
      <ModellTransporterAnzahl Anzahl="1" Station="Start"/>
      <ModellTransporterKapazitaet>1</ModellTransporterKapazitaet>
      <ModellTransporterEntfernung Start="Start" Ziel="Ziel">1</ModellTransporterEntfernung>
      <ModellTransporterEntfernung Start="Ziel" Ziel="Start">1</ModellTransporterEntfernung>
      <ModellTransporterTransferzeiten>distance</ModellTransporterTransferzeiten>
    </ModellTransporter>
  </ModellTransporterListe>
</Modell>
