<?xml version="1.0" encoding="UTF-8" standalone="no"?>
<!DOCTYPE Modell SYSTEM "https://qs.highfives.io/xml/Simulator.dtd">
<Modell xmlns="https://qs.highfives.io" xmlns:xsi="http://www.w3.org/2001/XMLSchema-instance" xsi:schemaLocation="https://qs.highfives.io https://qs.highfives.io/xml/Simulator.xsd">
  <ModellVersion>1.2.0</ModellVersion>
  <ModellName/>
  <ModellBeschreibung/>
  <ModellAutor>Alexa</ModellAutor>
  <ModellKunden Aktiv="1">10000000</ModellKunden>
  <ModellAufwaermphase>0.05</ModellAufwaermphase>
  <ModellAbbruchbedingung Aktiv="0"/>
  <ModellAbbruchzeit Aktiv="0">10:00:00:00</ModellAbbruchzeit>
  <ModellZufallszahlenStartwert Aktiv="0">0</ModellZufallszahlenStartwert>
  <ModellElemente>
    <ModellElementQuelle id="1">
      <ModellElementName>Kunden</ModellElementName>
      <ModellElementGroesse h="50" w="100" x="50" y="50"/>
      <ModellElementVerbindung Element="3" Typ="Auslaufend"/>
      <ModellElementVerteilung Zeitbasis="Sekunden">Exponentialverteilung (60)</ModellElementVerteilung>
    </ModellElementQuelle>
    <ModellElementTransportZiel id="5">
      <ModellElementName>StationA</ModellElementName>
      <ModellElementGroesse h="50" w="100" x="50" y="200"/>
      <ModellElementVerbindung Element="7" Typ="Auslaufend"/>
    </ModellElementTransportZiel>
    <ModellElementVerzoegerung id="6">
      <ModellElementGroesse h="50" w="100" x="250" y="200"/>
      <ModellElementVerbindung Element="7" Typ="Einlaufend"/>
      <ModellElementVerbindung Element="13" Typ="Auslaufend"/>
    </ModellElementVerzoegerung>
    <ModellElementKante id="7">
      <ModellElementVerbindung Element1="5" Element2="6" Typ="Kante"/>
    </ModellElementKante>
    <ModellElementTransportZiel id="14">
      <ModellElementName>StationB</ModellElementName>
      <ModellElementGroesse h="50" w="100" x="50" y="300"/>
      <ModellElementVerbindung Element="16" Typ="Auslaufend"/>
    </ModellElementTransportZiel>
    <ModellElementVerzoegerung id="15">
      <ModellElementGroesse h="50" w="100" x="250" y="300"/>
      <ModellElementVerbindung Element="16" Typ="Einlaufend"/>
      <ModellElementVerbindung Element="17" Typ="Auslaufend"/>
    </ModellElementVerzoegerung>
    <ModellElementKante id="16">
      <ModellElementVerbindung Element1="14" Element2="15" Typ="Kante"/>
    </ModellElementKante>
    <ModellElementTransportZiel id="9">
      <ModellElementName>StationC</ModellElementName>
      <ModellElementGroesse h="50" w="100" x="50" y="400"/>
      <ModellElementVerbindung Element="11" Typ="Auslaufend"/>
    </ModellElementTransportZiel>
    <ModellElementEnde id="10">
      <ModellElementGroesse h="50" w="100" x="250" y="400"/>
      <ModellElementVerbindung Element="11" Typ="Einlaufend"/>
      <ModellElementVerbindung Element="21" Typ="Einlaufend"/>
    </ModellElementEnde>
    <ModellElementKante id="11">
      <ModellElementVerbindung Element1="9" Element2="10" Typ="Kante"/>
    </ModellElementKante>
    <ModellElementTransportZiel id="18">
      <ModellElementName>Fehler</ModellElementName>
      <ModellElementGroesse h="50" w="100" x="50" y="550"/>
      <ModellElementVerbindung Element="20" Typ="Auslaufend"/>
    </ModellElementTransportZiel>
    <ModellElementZaehler id="19">
      <ModellElementName>Fehlerzähler</ModellElementName>
      <ModellElementGroesse h="50" w="100" x="250" y="550"/>
      <ModellElementVerbindung Element="20" Typ="Einlaufend"/>
      <ModellElementVerbindung Element="21" Typ="Auslaufend"/>
      <ModellElementZaehlerGruppe>Zählergruppe</ModellElementZaehlerGruppe>
    </ModellElementZaehler>
    <ModellElementKante id="20">
      <ModellElementVerbindung Element1="18" Element2="19" Typ="Kante"/>
    </ModellElementKante>
    <ModellElementKante id="21">
      <ModellElementVerbindung Element1="19" Element2="10" Typ="Kante"/>
    </ModellElementKante>
    <ModellElementFertigungsplanZuweisung id="22">
      <ModellElementGroesse h="50" w="100" x="250" y="50"/>
      <ModellElementVerbindung Element="3" Typ="Einlaufend"/>
      <ModellElementVerbindung Element="12" Typ="Auslaufend"/>
      <ModellElementFertigungsplan>Plan</ModellElementFertigungsplan>
    </ModellElementFertigungsplanZuweisung>
    <ModellElementKante id="3">
      <ModellElementName>Ankünfte (Kunden)</ModellElementName>
      <ModellElementVerbindung Element1="1" Element2="22" Typ="Kante"/>
    </ModellElementKante>
    <ModellElementTransportStart id="2">
      <ModellElementGroesse h="50" w="100" x="450" y="50"/>
      <ModellElementVerbindung Element="12" Typ="Einlaufend"/>
      <ModellElementVerteilung Typ="Transferzeit" Zeitbasis="Sekunden">Exponentialverteilung (50)</ModellElementVerteilung>
      <ModellElementTransportRouteNachSequenz>1</ModellElementTransportRouteNachSequenz>
      <ModellElementTransportRoute>Fehler</ModellElementTransportRoute>
    </ModellElementTransportStart>
    <ModellElementTransportStart id="4">
      <ModellElementGroesse h="50" w="100" x="450" y="200"/>
      <ModellElementVerbindung Element="13" Typ="Einlaufend"/>
      <ModellElementVerteilung Typ="Transferzeit" Zeitbasis="Sekunden">Exponentialverteilung (50)</ModellElementVerteilung>
      <ModellElementTransportRouteNachSequenz>1</ModellElementTransportRouteNachSequenz>
      <ModellElementTransportRoute>Fehler</ModellElementTransportRoute>
    </ModellElementTransportStart>
    <ModellElementTransportStart id="8">
      <ModellElementGroesse h="50" w="100" x="450" y="300"/>
      <ModellElementVerbindung Element="17" Typ="Einlaufend"/>
      <ModellElementVerteilung Typ="Transferzeit" Zeitbasis="Sekunden">Exponentialverteilung (50)</ModellElementVerteilung>
      <ModellElementTransportRouteNachSequenz>1</ModellElementTransportRouteNachSequenz>
      <ModellElementTransportRoute>Fehler</ModellElementTransportRoute>
    </ModellElementTransportStart>
    <ModellElementKante id="12">
      <ModellElementVerbindung Element1="22" Element2="2" Typ="Kante"/>
    </ModellElementKante>
    <ModellElementKante id="13">
      <ModellElementVerbindung Element1="6" Element2="4" Typ="Kante"/>
    </ModellElementKante>
    <ModellElementKante id="17">
      <ModellElementVerbindung Element1="15" Element2="8" Typ="Kante"/>
    </ModellElementKante>
  </ModellElemente>
  <KundentypenDaten/>
  <ModellFertigungsplaene>
    <ModellFertigungsplan Name="Plan">
      <ModellFertigungsplanSchritt Ziel="StationA">
        <ModellFertigungsplanSchrittZuweisung Nummer="1">123</ModellFertigungsplanSchrittZuweisung>
        <ModellFertigungsplanSchrittZuweisung Nummer="2">1+2</ModellFertigungsplanSchrittZuweisung>
      </ModellFertigungsplanSchritt>
      <ModellFertigungsplanSchritt Ziel="StationB"/>
      <ModellFertigungsplanSchritt NaechsterSchritt="0" Ziel="StationC"/>
    </ModellFertigungsplan>
  </ModellFertigungsplaene>
</Modell>
