<?xml version="1.0" encoding="UTF-8" standalone="no"?>
<!DOCTYPE Modell SYSTEM "https://qs.highfives.io/xml/Simulator.dtd">
<Modell xmlns="https://qs.highfives.io" xmlns:xsi="http://www.w3.org/2001/XMLSchema-instance" xsi:schemaLocation="https://qs.highfives.io https://qs.highfives.io/xml/Simulator.xsd">
  <ModellVersion>1.2.0</ModellVersion>
  <ModellName/>
  <ModellBeschreibung/>
  <ModellAutor>Alexander Herzog</ModellAutor>
  <ModellKunden Aktiv="1">10000000</ModellKunden>
  <ModellAufwaermphase>0.05</ModellAufwaermphase>
  <ModellAbbruchbedingung Aktiv="0"/>
  <ModellAbbruchzeit Aktiv="0">10:00:00:00</ModellAbbruchzeit>
  <ModellZufallszahlenStartwert Aktiv="0">0</ModellZufallszahlenStartwert>
  <ModellElemente>
    <ModellElementQuelle id="1">
      <ModellElementName>KundenA</ModellElementName>
      <ModellElementGroesse h="50" w="100" x="50" y="50"/>
      <ModellElementVerbindung Element="6" Typ="Auslaufend"/>
      <ModellElementVerteilung Zeitbasis="Sekunden">Exponentialverteilung (60)</ModellElementVerteilung>
    </ModellElementQuelle>
    <ModellElementQuelle id="2">
      <ModellElementName>KundenB</ModellElementName>
      <ModellElementGroesse h="50" w="100" x="50" y="150"/>
      <ModellElementVerbindung Element="14" Typ="Auslaufend"/>
      <ModellElementVerteilung Zeitbasis="Sekunden">Exponentialverteilung (60)</ModellElementVerteilung>
    </ModellElementQuelle>
    <ModellElementTransporterStart id="3">
      <ModellElementName>Start1</ModellElementName>
      <ModellElementGroesse h="50" w="100" x="450" y="100"/>
      <ModellElementVerbindung Element="15" Typ="Einlaufend"/>
      <ModellElementTransportRouteNachSequenz>1</ModellElementTransportRouteNachSequenz>
      <ModellElementTransportRoute>Ziel1</ModellElementTransportRoute>
      <ModellElementTransporterTyp>Transporter 1</ModellElementTransporterTyp>
      <ModellElementTransporterMindestWartezahl>1</ModellElementTransporterMindestWartezahl>
      <ModellElementTransporterAnforderungsPrioritaet>3</ModellElementTransporterAnforderungsPrioritaet>
      <ModellElementTransporterWarteplaetze>1</ModellElementTransporterWarteplaetze>
      <ModellElementTransporterWartePrioritaet>2</ModellElementTransporterWartePrioritaet>
      <ModellElementTransporterPrioritaet Name="KundenA">w+100</ModellElementTransporterPrioritaet>
      <ModellElementTransporterPrioritaet Name="KundenB">w</ModellElementTransporterPrioritaet>
    </ModellElementTransporterStart>
    <ModellElementTransportZiel id="4">
      <ModellElementName>Ziel1</ModellElementName>
      <ModellElementGroesse h="50" w="100" x="50" y="300"/>
      <ModellElementVerbindung Element="8" Typ="Auslaufend"/>
    </ModellElementTransportZiel>
    <ModellElementVerzoegerung id="7">
      <ModellElementGroesse h="50" w="100" x="250" y="300"/>
      <ModellElementVerbindung Element="8" Typ="Einlaufend"/>
      <ModellElementVerbindung Element="13" Typ="Auslaufend"/>
      <ModellElementVerteilung Typ="Bedienzeit" Zeitbasis="Sekunden">Exponentialverteilung (50)</ModellElementVerteilung>
    </ModellElementVerzoegerung>
    <ModellElementKante id="8">
      <ModellElementVerbindung Element1="4" Element2="7" Typ="Kante"/>
    </ModellElementKante>
    <ModellElementTransporterStart id="9">
      <ModellElementName>Start2</ModellElementName>
      <ModellElementGroesse h="50" w="100" x="450" y="300"/>
      <ModellElementVerbindung Element="13" Typ="Einlaufend"/>
      <ModellElementTransportRouteNachSequenz>1</ModellElementTransportRouteNachSequenz>
      <ModellElementTransportRoute>Ziel1</ModellElementTransportRoute>
      <ModellElementTransporterTyp>Transporter 1</ModellElementTransporterTyp>
      <ModellElementTransporterMindestWartezahl>1</ModellElementTransporterMindestWartezahl>
      <ModellElementTransporterAnforderungsPrioritaet>3</ModellElementTransporterAnforderungsPrioritaet>
      <ModellElementTransporterWarteplaetze>1</ModellElementTransporterWarteplaetze>
      <ModellElementTransporterWartePrioritaet>2</ModellElementTransporterWartePrioritaet>
      <ModellElementTransporterPrioritaet Name="KundenA">w+100</ModellElementTransporterPrioritaet>
      <ModellElementTransporterPrioritaet Name="KundenB">w</ModellElementTransporterPrioritaet>
    </ModellElementTransporterStart>
    <ModellElementTransportZiel id="10">
      <ModellElementName>Ziel2</ModellElementName>
      <ModellElementGroesse h="50" w="100" x="50" y="450"/>
      <ModellElementVerbindung Element="12" Typ="Auslaufend"/>
    </ModellElementTransportZiel>
    <ModellElementEnde id="11">
      <ModellElementGroesse h="50" w="100" x="350" y="450"/>
      <ModellElementVerbindung Element="12" Typ="Einlaufend"/>
    </ModellElementEnde>
    <ModellElementKante id="12">
      <ModellElementVerbindung Element1="10" Element2="11" Typ="Kante"/>
    </ModellElementKante>
    <ModellElementKante id="13">
      <ModellElementVerbindung Element1="7" Element2="9" Typ="Kante"/>
    </ModellElementKante>
    <ModellElementFertigungsplanZuweisung id="5">
      <ModellElementGroesse h="50" w="100" x="250" y="100"/>
      <ModellElementVerbindung Element="6" Typ="Einlaufend"/>
      <ModellElementVerbindung Element="14" Typ="Einlaufend"/>
      <ModellElementVerbindung Element="15" Typ="Auslaufend"/>
      <ModellElementFertigungsplan>Plan</ModellElementFertigungsplan>
    </ModellElementFertigungsplanZuweisung>
    <ModellElementKante id="6">
      <ModellElementName>Ankünfte (KundenA)</ModellElementName>
      <ModellElementVerbindung Element1="1" Element2="5" Typ="Kante"/>
    </ModellElementKante>
    <ModellElementKante id="14">
      <ModellElementName>Ankünfte (KundenB)</ModellElementName>
      <ModellElementVerbindung Element1="2" Element2="5" Typ="Kante"/>
    </ModellElementKante>
    <ModellElementKante id="15">
      <ModellElementVerbindung Element1="5" Element2="3" Typ="Kante"/>
    </ModellElementKante>
    <ModellElementWegpunkt id="16">
      <ModellElementGroesse h="16" w="16" x="770" y="230"/>
      <ModellElementWegpunktIcon>flag_red</ModellElementWegpunktIcon>
      <ModellElementWegpunktEintrag Ausgangsstation="Start1" Zielstation="Ziel1">0</ModellElementWegpunktEintrag>
      <ModellElementWegpunktEintrag Ausgangsstation="Ziel1" Zielstation="Start1">1</ModellElementWegpunktEintrag>
    </ModellElementWegpunkt>
    <ModellElementWegpunkt id="17">
      <ModellElementGroesse h="16" w="16" x="125" y="225"/>
      <ModellElementWegpunktIcon>flag_red</ModellElementWegpunktIcon>
      <ModellElementWegpunktEintrag Ausgangsstation="Start1" Zielstation="Ziel1">1</ModellElementWegpunktEintrag>
      <ModellElementWegpunktEintrag Ausgangsstation="Ziel1" Zielstation="Start1">0</ModellElementWegpunktEintrag>
    </ModellElementWegpunkt>
  </ModellElemente>
  <KundentypenDaten>
    <KundenDaten Icon="user_red" Name="KundenA"/>
  </KundentypenDaten>
  <ModellFertigungsplaene>
    <ModellFertigungsplan Name="Plan">
      <ModellFertigungsplanSchritt Ziel="Ziel1"/>
      <ModellFertigungsplanSchritt Ziel="Ziel2"/>
    </ModellFertigungsplan>
  </ModellFertigungsplaene>
  <ModellTransporterListe>
    <ModellTransporter Name="Transporter 1">
      <ModellTransporterAnzahl Anzahl="5" Station="Start1"/>
      <ModellTransporterAnzahl Anzahl="4" Station="Start2"/>
      <ModellTransporterKapazitaet>1</ModellTransporterKapazitaet>
      <ModellTransporterEntfernung Start="Start1" Ziel="Start2">1</ModellTransporterEntfernung>
      <ModellTransporterEntfernung Start="Start1" Ziel="Ziel1">1</ModellTransporterEntfernung>
      <ModellTransporterEntfernung Start="Start1" Ziel="Ziel2">1</ModellTransporterEntfernung>
      <ModellTransporterEntfernung Start="Start2" Ziel="Start1">1</ModellTransporterEntfernung>
      <ModellTransporterEntfernung Start="Start2" Ziel="Ziel1">1</ModellTransporterEntfernung>
      <ModellTransporterEntfernung Start="Start2" Ziel="Ziel2">1</ModellTransporterEntfernung>
      <ModellTransporterEntfernung Start="Ziel1" Ziel="Start1">1</ModellTransporterEntfernung>
      <ModellTransporterEntfernung Start="Ziel1" Ziel="Start2">1</ModellTransporterEntfernung>
      <ModellTransporterEntfernung Start="Ziel1" Ziel="Ziel2">1</ModellTransporterEntfernung>
      <ModellTransporterEntfernung Start="Ziel2" Ziel="Start1">1</ModellTransporterEntfernung>
      <ModellTransporterEntfernung Start="Ziel2" Ziel="Start2">1</ModellTransporterEntfernung>
      <ModellTransporterEntfernung Start="Ziel2" Ziel="Ziel1">1</ModellTransporterEntfernung>
      <ModellTransporterTransferzeiten>distance*60</ModellTransporterTransferzeiten>
    </ModellTransporter>
  </ModellTransporterListe>
</Modell>
