<?xml version="1.0" encoding="UTF-8" standalone="no"?>
<!DOCTYPE Modell SYSTEM "https://qs.highfives.io/xml/Simulator.dtd">
<Modell xmlns="https://qs.highfives.io" xmlns:xsi="http://www.w3.org/2001/XMLSchema-instance" xsi:schemaLocation="https://qs.highfives.io https://qs.highfives.io/xml/Simulator.xsd">
  <ModellVersion>1.2.0</ModellVersion>
  <ModellName/>
  <ModellBeschreibung/>
  <ModellAutor>Alexander Herzog</ModellAutor>
  <ModellKunden Aktiv="1">10000000</ModellKunden>
  <ModellAufwaermphase>0.05</ModellAufwaermphase>
  <ModellAbbruchbedingung Aktiv="0"/>
  <ModellAbbruchzeit Aktiv="0">10:00:00:00</ModellAbbruchzeit>
  <ModellZufallszahlenStartwert Aktiv="0">0</ModellZufallszahlenStartwert>
  <ModellElemente>
    <ModellElementQuelle id="1">
      <ModellElementName>Kunden</ModellElementName>
      <ModellElementGroesse h="50" w="100" x="55" y="50"/>
      <ModellElementVerbindung Element="5" Typ="Auslaufend"/>
      <ModellElementVerteilung Zeitbasis="Sekunden">Exponentialverteilung (60)</ModellElementVerteilung>
    </ModellElementQuelle>
    <ModellElementTransportZiel id="2">
      <ModellElementName>Ziel</ModellElementName>
      <ModellElementGroesse h="50" w="100" x="50" y="150"/>
      <ModellElementVerbindung Element="6" Typ="Auslaufend"/>
    </ModellElementTransportZiel>
    <ModellElementTransportParkplatz id="3">
      <ModellElementName>GarageA</ModellElementName>
      <ModellElementGroesse h="50" w="100" x="50" y="250"/>
      <ModellElementTransporterTyp>Transporter 1</ModellElementTransporterTyp>
      <ModellElementTransporterWarteplaetze>1</ModellElementTransporterWarteplaetze>
      <ModellElementTransporterWartePrioritaet>1</ModellElementTransporterWartePrioritaet>
    </ModellElementTransportParkplatz>
    <ModellElementEnde id="4">
      <ModellElementGroesse h="50" w="100" x="250" y="100"/>
      <ModellElementVerbindung Element="5" Typ="Einlaufend"/>
      <ModellElementVerbindung Element="6" Typ="Einlaufend"/>
    </ModellElementEnde>
    <ModellElementKante id="5">
      <ModellElementName>Ankünfte (Kunden)</ModellElementName>
      <ModellElementVerbindung Element1="1" Element2="4" Typ="Kante"/>
    </ModellElementKante>
    <ModellElementKante id="6">
      <ModellElementVerbindung Element1="2" Element2="4" Typ="Kante"/>
    </ModellElementKante>
    <ModellElementTransportParkplatz id="7">
      <ModellElementName>GarageB</ModellElementName>
      <ModellElementGroesse h="50" w="100" x="250" y="250"/>
      <ModellElementTransporterTyp>Transporter 1</ModellElementTransporterTyp>
      <ModellElementTransporterWarteplaetze>1</ModellElementTransporterWarteplaetze>
      <ModellElementTransporterWartePrioritaet>2</ModellElementTransporterWartePrioritaet>
    </ModellElementTransportParkplatz>
    <ModellElementText id="8">
      <ModellElementGroesse h="57" w="607" x="50" y="345"/>
      <ModellElementTextzeile>GarageB hat eine höhere Priorität als GarageA.</ModellElementTextzeile>
      <ModellElementTextzeile>An GarageB sind initial 2 Transporter, an GarageA 0.</ModellElementTextzeile>
      <ModellElementTextzeile>Da GarageB nur eine Kapazität von 1 hat, gibt es den überzähligen Transporter an GarageA ab.</ModellElementTextzeile>
      <ModellElementSchriftgrosse>14</ModellElementSchriftgrosse>
      <ModellElementFarbe>0,0,0</ModellElementFarbe>
    </ModellElementText>
  </ModellElemente>
  <KundentypenDaten/>
  <ModellTransporterListe>
    <ModellTransporter Name="Transporter 1">
      <ModellTransporterAnzahl Anzahl="2" Station="GarageB"/>
      <ModellTransporterKapazitaet>1</ModellTransporterKapazitaet>
      <ModellTransporterEntfernung Start="GarageA" Ziel="GarageB">5</ModellTransporterEntfernung>
      <ModellTransporterEntfernung Start="GarageA" Ziel="Ziel">1</ModellTransporterEntfernung>
      <ModellTransporterEntfernung Start="GarageB" Ziel="GarageA">5</ModellTransporterEntfernung>
      <ModellTransporterEntfernung Start="GarageB" Ziel="Ziel">7</ModellTransporterEntfernung>
      <ModellTransporterEntfernung Start="Ziel" Ziel="GarageA">1</ModellTransporterEntfernung>
      <ModellTransporterEntfernung Start="Ziel" Ziel="GarageB">7</ModellTransporterEntfernung>
      <ModellTransporterTransferzeiten>distance*60</ModellTransporterTransferzeiten>
    </ModellTransporter>
  </ModellTransporterListe>
</Modell>
