<?xml version="1.0" encoding="UTF-8" standalone="no"?>
<!DOCTYPE Modell SYSTEM "https://qs.highfives.io/xml/Simulator.dtd">
<Modell xmlns="https://qs.highfives.io" xmlns:xsi="http://www.w3.org/2001/XMLSchema-instance" xsi:schemaLocation="https://qs.highfives.io https://qs.highfives.io/xml/Simulator.xsd">
  <ModellVersion>1.2.0</ModellVersion>
  <ModellName/>
  <ModellBeschreibung/>
  <ModellAutor>Alexa</ModellAutor>
  <ModellKunden Aktiv="1">10000000</ModellKunden>
  <ModellAufwaermphase>0.05</ModellAufwaermphase>
  <ModellAbbruchbedingung Aktiv="0"/>
  <ModellAbbruchzeit Aktiv="0">10:00:00:00</ModellAbbruchzeit>
  <ModellZufallszahlenStartwert Aktiv="0">0</ModellZufallszahlenStartwert>
  <ModellElemente>
    <ModellElementQuelle id="1">
      <ModellElementName>KundenA</ModellElementName>
      <ModellElementGroesse h="50" w="100" x="50" y="50"/>
      <ModellElementHintergrundfarbe>0,255,255</ModellElementHintergrundfarbe>
      <ModellElementVerbindung Element="7" Typ="Auslaufend"/>
      <ModellElementVerteilung Zeitbasis="Sekunden">Exponentialverteilung (60)</ModellElementVerteilung>
    </ModellElementQuelle>
    <ModellElementQuelle id="2">
      <ModellElementName>KundenB</ModellElementName>
      <ModellElementGroesse h="50" w="100" x="50" y="150"/>
      <ModellElementHintergrundfarbe>255,0,0</ModellElementHintergrundfarbe>
      <ModellElementVerbindung Element="9" Typ="Auslaufend"/>
      <ModellElementVerteilung Zeitbasis="Sekunden">Exponentialverteilung (60)</ModellElementVerteilung>
    </ModellElementQuelle>
    <ModellElementFertigungsplanZuweisung id="3">
      <ModellElementGroesse h="50" w="100" x="250" y="50"/>
      <ModellElementVerbindung Element="7" Typ="Einlaufend"/>
      <ModellElementVerbindung Element="6" Typ="Auslaufend"/>
      <ModellElementFertigungsplan>PlanA</ModellElementFertigungsplan>
    </ModellElementFertigungsplanZuweisung>
    <ModellElementFertigungsplanZuweisung id="4">
      <ModellElementGroesse h="50" w="100" x="250" y="150"/>
      <ModellElementVerbindung Element="9" Typ="Einlaufend"/>
      <ModellElementVerbindung Element="8" Typ="Auslaufend"/>
      <ModellElementFertigungsplan>PlanB</ModellElementFertigungsplan>
    </ModellElementFertigungsplanZuweisung>
    <ModellElementKante id="7">
      <ModellElementName>Ankünfte (KundenA)</ModellElementName>
      <ModellElementVerbindung Element1="1" Element2="3" Typ="Kante"/>
    </ModellElementKante>
    <ModellElementKante id="9">
      <ModellElementName>Ankünfte (KundenB)</ModellElementName>
      <ModellElementVerbindung Element1="2" Element2="4" Typ="Kante"/>
    </ModellElementKante>
    <ModellElementTransportZiel id="10">
      <ModellElementName>Ziel</ModellElementName>
      <ModellElementGroesse h="50" w="100" x="50" y="350"/>
      <ModellElementVerbindung Element="12" Typ="Auslaufend"/>
    </ModellElementTransportZiel>
    <ModellElementVerzweigen id="11">
      <ModellElementGroesse h="50" w="100" x="250" y="350"/>
      <ModellElementVerzweigungsmodus>Bedingung</ModellElementVerzweigungsmodus>
      <ModellElementVerbindung Element="12" Typ="Einlaufend"/>
      <ModellElementVerbindung Bedingung="ClientData(1)==1" Element="14" Typ="Auslaufend"/>
      <ModellElementVerbindung Element="16" Typ="Auslaufend"/>
    </ModellElementVerzweigen>
    <ModellElementKante id="12">
      <ModellElementVerbindung Element1="10" Element2="11" Typ="Kante"/>
    </ModellElementKante>
    <ModellElementVerzoegerung id="13">
      <ModellElementGroesse h="50" w="100" x="450" y="300"/>
      <ModellElementVerbindung Element="14" Typ="Einlaufend"/>
      <ModellElementVerbindung Element="19" Typ="Auslaufend"/>
      <ModellElementVerteilung Typ="Bedienzeit" Zeitbasis="Sekunden">Exponentialverteilung (50)</ModellElementVerteilung>
    </ModellElementVerzoegerung>
    <ModellElementKante id="14">
      <ModellElementName>Bedingung 1</ModellElementName>
      <ModellElementVerbindung Element1="11" Element2="13" Typ="Kante"/>
    </ModellElementKante>
    <ModellElementVerzoegerung id="15">
      <ModellElementGroesse h="50" w="100" x="450" y="405"/>
      <ModellElementVerbindung Element="16" Typ="Einlaufend"/>
      <ModellElementVerbindung Element="18" Typ="Auslaufend"/>
      <ModellElementVerteilung Typ="Bedienzeit" Zeitbasis="Sekunden">Exponentialverteilung (50)</ModellElementVerteilung>
    </ModellElementVerzoegerung>
    <ModellElementKante id="16">
      <ModellElementName>Fall "sonst"</ModellElementName>
      <ModellElementVerbindung Element1="11" Element2="15" Typ="Kante"/>
    </ModellElementKante>
    <ModellElementEnde id="17">
      <ModellElementGroesse h="50" w="100" x="650" y="345"/>
      <ModellElementVerbindung Element="18" Typ="Einlaufend"/>
      <ModellElementVerbindung Element="19" Typ="Einlaufend"/>
    </ModellElementEnde>
    <ModellElementKante id="18">
      <ModellElementVerbindung Element1="15" Element2="17" Typ="Kante"/>
    </ModellElementKante>
    <ModellElementKante id="19">
      <ModellElementVerbindung Element1="13" Element2="17" Typ="Kante"/>
    </ModellElementKante>
    <ModellElementTransportStart id="5">
      <ModellElementGroesse h="50" w="100" x="450" y="100"/>
      <ModellElementVerbindung Element="6" Typ="Einlaufend"/>
      <ModellElementVerbindung Element="8" Typ="Einlaufend"/>
      <ModellElementVerteilung Typ="Transferzeit" Zeitbasis="Sekunden">Exponentialverteilung (50)</ModellElementVerteilung>
      <ModellElementTransportRouteNachSequenz>1</ModellElementTransportRouteNachSequenz>
      <ModellElementTransportRoute>Ziel</ModellElementTransportRoute>
    </ModellElementTransportStart>
    <ModellElementKante id="6">
      <ModellElementVerbindung Element1="3" Element2="5" Typ="Kante"/>
    </ModellElementKante>
    <ModellElementKante id="8">
      <ModellElementVerbindung Element1="4" Element2="5" Typ="Kante"/>
    </ModellElementKante>
  </ModellElemente>
  <KundentypenDaten>
    <KundenDaten Farbe="255,0,0" Icon="user_red" Name="KundenB"/>
  </KundentypenDaten>
  <ModellFertigungsplaene>
    <ModellFertigungsplan Name="PlanA">
      <ModellFertigungsplanSchritt Ziel="Ziel">
        <ModellFertigungsplanSchrittZuweisung Nummer="1">1</ModellFertigungsplanSchrittZuweisung>
      </ModellFertigungsplanSchritt>
    </ModellFertigungsplan>
    <ModellFertigungsplan Name="PlanB">
      <ModellFertigungsplanSchritt Ziel="Ziel">
        <ModellFertigungsplanSchrittZuweisung Nummer="1">2</ModellFertigungsplanSchrittZuweisung>
      </ModellFertigungsplanSchritt>
    </ModellFertigungsplan>
  </ModellFertigungsplaene>
</Modell>
