<?xml version="1.0" encoding="UTF-8" standalone="no"?>
<!DOCTYPE Modell SYSTEM "https://qs.highfives.io/xml/Simulator.dtd">
<Modell xmlns="https://qs.highfives.io" xmlns:xsi="http://www.w3.org/2001/XMLSchema-instance" xsi:schemaLocation="https://qs.highfives.io https://qs.highfives.io/xml/Simulator.xsd">
  <ModellVersion>2.7.0</ModellVersion>
  <ModellAutor>Alexander Herzog</ModellAutor>
  <ModellKunden Aktiv="1">10000000</ModellKunden>
  <ModellAufwaermphase>0.05</ModellAufwaermphase>
  <ModellAbbruchzeit Aktiv="0">10:00:00:00</ModellAbbruchzeit>
  <ModellElemente>
    <ModellElementQuelle id="1">
      <ModellElementName>Kunden</ModellElementName>
      <ModellElementGroesse h="50" w="100" x="50" y="50"/>
      <ModellElementVerbindung Element="3" Typ="Auslaufend"/>
      <ModellElementVerteilung Zeitbasis="Sekunden">Exponentialverteilung (60)</ModellElementVerteilung>
      <ModellElementBatch Groesse="1"/>
    </ModellElementQuelle>
    <ModellElementBereichStart id="2">
      <ModellElementName>A</ModellElementName>
      <ModellElementGroesse h="50" w="100" x="250" y="50"/>
      <ModellElementVerbindung Element="3" Typ="Einlaufend"/>
      <ModellElementVerbindung Element="5" Typ="Auslaufend"/>
    </ModellElementBereichStart>
    <ModellElementKante id="3">
      <ModellElementName>Ankünfte (Kunden)</ModellElementName>
      <ModellElementVerbindung Element1="1" Element2="2" Typ="Kante"/>
    </ModellElementKante>
    <ModellElementVerzoegerung id="4">
      <ModellElementGroesse h="50" w="100" x="400" y="50"/>
      <ModellElementVerbindung Element="5" Typ="Einlaufend"/>
      <ModellElementVerbindung Element="10" Typ="Auslaufend"/>
      <ModellElementVerteilung Typ="Bedienzeit" Zeitbasis="Sekunden">Exponentialverteilung (50)</ModellElementVerteilung>
    </ModellElementVerzoegerung>
    <ModellElementKante id="5">
      <ModellElementVerbindung Element1="2" Element2="4" Typ="Kante"/>
    </ModellElementKante>
    <ModellElementTransportZiel id="7">
      <ModellElementName>Ziel</ModellElementName>
      <ModellElementGroesse h="50" w="100" x="50" y="150"/>
      <ModellElementVerbindung Element="9" Typ="Auslaufend"/>
    </ModellElementTransportZiel>
    <ModellElementEnde id="8">
      <ModellElementGroesse h="50" w="100" x="250" y="150"/>
      <ModellElementVerbindung Element="9" Typ="Einlaufend"/>
    </ModellElementEnde>
    <ModellElementKante id="9">
      <ModellElementVerbindung Element1="7" Element2="8" Typ="Kante"/>
    </ModellElementKante>
    <ModellElementTransporterStart id="6">
      <ModellElementName>Start</ModellElementName>
      <ModellElementGroesse h="50" w="100" x="600" y="50"/>
      <ModellElementVerbindung Element="10" Typ="Einlaufend"/>
      <ModellElementTransportRoute>Ziel</ModellElementTransportRoute>
      <ModellElementTransporterTyp>Transporter 1</ModellElementTransporterTyp>
      <ModellElementTransporterMindestWartezahl>1</ModellElementTransporterMindestWartezahl>
      <ModellElementTransporterAnforderungsPrioritaet>3</ModellElementTransporterAnforderungsPrioritaet>
      <ModellElementTransporterWarteplaetze>1</ModellElementTransporterWarteplaetze>
      <ModellElementTransporterWartePrioritaet>2</ModellElementTransporterWartePrioritaet>
      <ModellElementTransporterPrioritaet Name="Kunden">w</ModellElementTransporterPrioritaet>
      <ModellElementTransporterBereichStartName>A</ModellElementTransporterBereichStartName>
    </ModellElementTransporterStart>
    <ModellElementKante id="10">
      <ModellElementVerbindung Element1="4" Element2="6" Typ="Kante"/>
    </ModellElementKante>
  </ModellElemente>
  <Ressourcen UntergeordnetePrioritaet="Zufaellig"/>
  <KundentypenDaten/>
  <ModellTransporterListe>
    <ModellTransporter Icon="lorry" IconLeer="lorry-empty" IconLinks="lorry-left" IconLinksLeer="lorry-left-empty" Name="Transporter 1">
      <ModellTransporterAnzahl Anzahl="1" Station="Start"/>
      <ModellTransporterKapazitaet>1</ModellTransporterKapazitaet>
      <ModellTransporterEntfernung Start="Start" Ziel="Ziel">0</ModellTransporterEntfernung>
      <ModellTransporterEntfernung Start="Ziel" Ziel="Start">0</ModellTransporterEntfernung>
      <ModellTransporterTransferzeiten>distance</ModellTransporterTransferzeiten>
    </ModellTransporter>
  </ModellTransporterListe>
</Modell>
