<?xml version="1.0" encoding="UTF-8" standalone="no"?>
<!DOCTYPE Modell SYSTEM "https://qs.highfives.io/xml/Simulator.dtd">
<Modell xmlns="https://qs.highfives.io" xmlns:xsi="http://www.w3.org/2001/XMLSchema-instance" xsi:schemaLocation="https://qs.highfives.io https://qs.highfives.io/xml/Simulator.xsd">
  <ModellVersion>1.2.0</ModellVersion>
  <ModellName/>
  <ModellBeschreibung/>
  <ModellAutor>Alexander Herzog</ModellAutor>
  <ModellKunden Aktiv="1">10000000</ModellKunden>
  <ModellAufwaermphase>0.05</ModellAufwaermphase>
  <ModellAbbruchbedingung Aktiv="0"/>
  <ModellAbbruchzeit Aktiv="0">10:00:00:00</ModellAbbruchzeit>
  <ModellZufallszahlenStartwert Aktiv="0">0</ModellZufallszahlenStartwert>
  <ModellElemente>
    <ModellElementQuelle id="1">
      <ModellElementName>KundenA</ModellElementName>
      <ModellElementGroesse h="50" w="100" x="50" y="50"/>
      <ModellElementVerbindung Element="7" Typ="Auslaufend"/>
      <ModellElementVerteilung Zeitbasis="Sekunden">Exponentialverteilung (60)</ModellElementVerteilung>
    </ModellElementQuelle>
    <ModellElementQuelle id="2">
      <ModellElementName>KundenB</ModellElementName>
      <ModellElementGroesse h="50" w="100" x="50" y="150"/>
      <ModellElementVerbindung Element="8" Typ="Auslaufend"/>
      <ModellElementVerteilung Zeitbasis="Sekunden">Exponentialverteilung (60)</ModellElementVerteilung>
    </ModellElementQuelle>
    <ModellElementTransporterStart id="3">
      <ModellElementName>Start</ModellElementName>
      <ModellElementGroesse h="50" w="100" x="250" y="100"/>
      <ModellElementVerbindung Element="7" Typ="Einlaufend"/>
      <ModellElementVerbindung Element="8" Typ="Einlaufend"/>
      <ModellElementTransportRoute>Ziel</ModellElementTransportRoute>
      <ModellElementTransporterTyp>Transporter 1</ModellElementTransporterTyp>
      <ModellElementTransporterMindestWartezahl>1</ModellElementTransporterMindestWartezahl>
      <ModellElementTransporterAnforderungsPrioritaet>2</ModellElementTransporterAnforderungsPrioritaet>
      <ModellElementTransporterWarteplaetze>1</ModellElementTransporterWarteplaetze>
      <ModellElementTransporterWartePrioritaet>0</ModellElementTransporterWartePrioritaet>
      <ModellElementTransporterPrioritaet Name="KundenA">w+100</ModellElementTransporterPrioritaet>
      <ModellElementTransporterPrioritaet Name="KundenB">w</ModellElementTransporterPrioritaet>
    </ModellElementTransporterStart>
    <ModellElementTransportZiel id="4">
      <ModellElementName>Ziel</ModellElementName>
      <ModellElementGroesse h="50" w="100" x="450" y="100"/>
      <ModellElementVerbindung Element="6" Typ="Auslaufend"/>
    </ModellElementTransportZiel>
    <ModellElementEnde id="5">
      <ModellElementGroesse h="50" w="100" x="650" y="100"/>
      <ModellElementVerbindung Element="6" Typ="Einlaufend"/>
    </ModellElementEnde>
    <ModellElementKante id="6">
      <ModellElementVerbindung Element1="4" Element2="5" Typ="Kante"/>
    </ModellElementKante>
    <ModellElementKante id="7">
      <ModellElementName>Ankünfte (KundenA)</ModellElementName>
      <ModellElementVerbindung Element1="1" Element2="3" Typ="Kante"/>
    </ModellElementKante>
    <ModellElementKante id="8">
      <ModellElementName>Ankünfte (KundenB)</ModellElementName>
      <ModellElementVerbindung Element1="2" Element2="3" Typ="Kante"/>
    </ModellElementKante>
    <ModellElementAnimationText id="9">
      <ModellElementName>E[W_A]</ModellElementName>
      <ModellElementGroesse h="30" w="69" x="50" y="275"/>
      <ModellElementSchriftgrosse>14</ModellElementSchriftgrosse>
      <ModellElementFarbe>0,0,0</ModellElementFarbe>
      <ModellElementAnimationsmodus Art="Zahlenwert">Wartezeit_avg(1)</ModellElementAnimationsmodus>
    </ModellElementAnimationText>
    <ModellElementAnimationText id="10">
      <ModellElementName>E[W_B]</ModellElementName>
      <ModellElementGroesse h="30" w="69" x="50" y="370"/>
      <ModellElementSchriftgrosse>14</ModellElementSchriftgrosse>
      <ModellElementFarbe>0,0,0</ModellElementFarbe>
      <ModellElementAnimationsmodus Art="Zahlenwert">Wartezeit_avg(2)</ModellElementAnimationsmodus>
    </ModellElementAnimationText>
  </ModellElemente>
  <KundentypenDaten>
    <KundenDaten Icon="user_red" Name="KundenA"/>
  </KundentypenDaten>
  <ModellTransporterListe>
    <ModellTransporter Name="Transporter 1">
      <ModellTransporterAnzahl Anzahl="1" Station="Start"/>
      <ModellTransporterKapazitaet>2</ModellTransporterKapazitaet>
      <ModellTransporterEntfernung Start="Start" Ziel="Ziel">20</ModellTransporterEntfernung>
      <ModellTransporterEntfernung Start="Ziel" Ziel="Start">20</ModellTransporterEntfernung>
      <ModellTransporterTransferzeiten>distance</ModellTransporterTransferzeiten>
    </ModellTransporter>
  </ModellTransporterListe>
</Modell>
