<?xml version="1.0" encoding="UTF-8" standalone="no"?>
<!DOCTYPE Modell SYSTEM "https://qs.highfives.io/xml/Simulator.dtd">
<Modell xmlns="https://qs.highfives.io" xmlns:xsi="http://www.w3.org/2001/XMLSchema-instance" xsi:schemaLocation="https://qs.highfives.io https://qs.highfives.io/xml/Simulator.xsd">
  <ModellVersion>1.2.0</ModellVersion>
  <ModellName/>
  <ModellBeschreibung/>
  <ModellAutor>Alexa</ModellAutor>
  <ModellKunden Aktiv="1">10000000</ModellKunden>
  <ModellAufwaermphase>0.05</ModellAufwaermphase>
  <ModellAbbruchbedingung Aktiv="0"/>
  <ModellAbbruchzeit Aktiv="0">10:00:00:00</ModellAbbruchzeit>
  <ModellZufallszahlenStartwert Aktiv="0">0</ModellZufallszahlenStartwert>
  <ModellElemente>
    <ModellElementQuelle id="1">
      <ModellElementName>KundenA</ModellElementName>
      <ModellElementGroesse h="50" w="100" x="50" y="50"/>
      <ModellElementVerbindung Element="5" Typ="Auslaufend"/>
      <ModellElementVerteilung Anzahl="3" Zeitbasis="Sekunden">Ein-Punkt-Verteilung (20)</ModellElementVerteilung>
      <ModellElementStartZeitpunkt>1</ModellElementStartZeitpunkt>
    </ModellElementQuelle>
    <ModellElementQuelle id="2">
      <ModellElementName>KundenB</ModellElementName>
      <ModellElementGroesse h="50" w="100" x="50" y="200"/>
      <ModellElementVerbindung Element="6" Typ="Auslaufend"/>
      <ModellElementVerteilung Anzahl="3" Zeitbasis="Sekunden">Ein-Punkt-Verteilung (20)</ModellElementVerteilung>
      <ModellElementStartZeitpunkt>2</ModellElementStartZeitpunkt>
    </ModellElementQuelle>
    <ModellElementFertigungsplanZuweisung id="3">
      <ModellElementGroesse h="50" w="100" x="250" y="50"/>
      <ModellElementVerbindung Element="5" Typ="Einlaufend"/>
      <ModellElementVerbindung Element="8" Typ="Auslaufend"/>
      <ModellElementFertigungsplan>PlanA</ModellElementFertigungsplan>
    </ModellElementFertigungsplanZuweisung>
    <ModellElementFertigungsplanZuweisung id="4">
      <ModellElementGroesse h="50" w="100" x="250" y="200"/>
      <ModellElementVerbindung Element="6" Typ="Einlaufend"/>
      <ModellElementVerbindung Element="15" Typ="Auslaufend"/>
      <ModellElementFertigungsplan>PlanB</ModellElementFertigungsplan>
    </ModellElementFertigungsplanZuweisung>
    <ModellElementKante id="5">
      <ModellElementName>Ankünfte (KundenA)</ModellElementName>
      <ModellElementVerbindung Element1="1" Element2="3" Typ="Kante"/>
    </ModellElementKante>
    <ModellElementKante id="6">
      <ModellElementName>Ankünfte (KundenB)</ModellElementName>
      <ModellElementVerbindung Element1="2" Element2="4" Typ="Kante"/>
    </ModellElementKante>
    <ModellElementTransportZiel id="9">
      <ModellElementName>ZielA</ModellElementName>
      <ModellElementGroesse h="50" w="100" x="50" y="300"/>
      <ModellElementVerbindung Element="13" Typ="Auslaufend"/>
    </ModellElementTransportZiel>
    <ModellElementTransportZiel id="10">
      <ModellElementName>ZielB</ModellElementName>
      <ModellElementGroesse h="50" w="100" x="50" y="400"/>
      <ModellElementVerbindung Element="12" Typ="Auslaufend"/>
    </ModellElementTransportZiel>
    <ModellElementEnde id="11">
      <ModellElementGroesse h="50" w="100" x="250" y="350"/>
      <ModellElementVerbindung Element="12" Typ="Einlaufend"/>
      <ModellElementVerbindung Element="13" Typ="Einlaufend"/>
    </ModellElementEnde>
    <ModellElementKante id="12">
      <ModellElementVerbindung Element1="10" Element2="11" Typ="Kante"/>
    </ModellElementKante>
    <ModellElementKante id="13">
      <ModellElementVerbindung Element1="9" Element2="11" Typ="Kante"/>
    </ModellElementKante>
    <ModellElementTransporterStart id="7">
      <ModellElementName>StartA</ModellElementName>
      <ModellElementGroesse h="50" w="100" x="450" y="50"/>
      <ModellElementVerbindung Element="8" Typ="Einlaufend"/>
      <ModellElementTransportRouteNachSequenz>1</ModellElementTransportRouteNachSequenz>
      <ModellElementTransportRoute>ZielA</ModellElementTransportRoute>
      <ModellElementTransporterTyp>Transporter</ModellElementTransporterTyp>
      <ModellElementTransporterMindestWartezahl>1</ModellElementTransporterMindestWartezahl>
      <ModellElementTransporterAnforderungsPrioritaet>4</ModellElementTransporterAnforderungsPrioritaet>
      <ModellElementTransporterWarteplaetze>1</ModellElementTransporterWarteplaetze>
      <ModellElementTransporterWartePrioritaet>2</ModellElementTransporterWartePrioritaet>
      <ModellElementTransporterPrioritaet Name="KundenA">w</ModellElementTransporterPrioritaet>
      <ModellElementTransporterPrioritaet Name="KundenB">w</ModellElementTransporterPrioritaet>
    </ModellElementTransporterStart>
    <ModellElementKante id="8">
      <ModellElementVerbindung Element1="3" Element2="7" Typ="Kante"/>
    </ModellElementKante>
    <ModellElementTransporterStart id="14">
      <ModellElementName>StartB</ModellElementName>
      <ModellElementGroesse h="50" w="100" x="450" y="200"/>
      <ModellElementVerbindung Element="15" Typ="Einlaufend"/>
      <ModellElementTransportRouteNachSequenz>1</ModellElementTransportRouteNachSequenz>
      <ModellElementTransportRoute>ZielA</ModellElementTransportRoute>
      <ModellElementTransporterTyp>Transporter</ModellElementTransporterTyp>
      <ModellElementTransporterMindestWartezahl>1</ModellElementTransporterMindestWartezahl>
      <ModellElementTransporterAnforderungsPrioritaet>3</ModellElementTransporterAnforderungsPrioritaet>
      <ModellElementTransporterWarteplaetze>1</ModellElementTransporterWarteplaetze>
      <ModellElementTransporterWartePrioritaet>2</ModellElementTransporterWartePrioritaet>
      <ModellElementTransporterPrioritaet Name="KundenA">w</ModellElementTransporterPrioritaet>
      <ModellElementTransporterPrioritaet Name="KundenB">w</ModellElementTransporterPrioritaet>
    </ModellElementTransporterStart>
    <ModellElementKante id="15">
      <ModellElementVerbindung Element1="4" Element2="14" Typ="Kante"/>
    </ModellElementKante>
    <ModellElementTransportParkplatz id="16">
      <ModellElementName>Garage</ModellElementName>
      <ModellElementGroesse h="50" w="100" x="450" y="350"/>
      <ModellElementTransporterTyp>Transporter</ModellElementTransporterTyp>
      <ModellElementTransporterWarteplaetze>3</ModellElementTransporterWarteplaetze>
      <ModellElementTransporterWartePrioritaet>1</ModellElementTransporterWartePrioritaet>
    </ModellElementTransportParkplatz>
  </ModellElemente>
  <KundentypenDaten>
    <KundenDaten Icon="user_red" Name="KundenB"/>
  </KundentypenDaten>
  <ModellFertigungsplaene>
    <ModellFertigungsplan Name="PlanA">
      <ModellFertigungsplanSchritt Ziel="ZielA"/>
    </ModellFertigungsplan>
    <ModellFertigungsplan Name="PlanB">
      <ModellFertigungsplanSchritt Ziel="ZielB"/>
    </ModellFertigungsplan>
  </ModellFertigungsplaene>
  <ModellTransporterListe>
    <ModellTransporter Name="Transporter">
      <ModellTransporterAnzahl Anzahl="2" Station="Garage"/>
      <ModellTransporterKapazitaet>1</ModellTransporterKapazitaet>
      <ModellTransporterEntfernung Start="Garage" Ziel="StartA">2</ModellTransporterEntfernung>
      <ModellTransporterEntfernung Start="Garage" Ziel="StartB">2</ModellTransporterEntfernung>
      <ModellTransporterEntfernung Start="Garage" Ziel="ZielA">2</ModellTransporterEntfernung>
      <ModellTransporterEntfernung Start="Garage" Ziel="ZielB">2</ModellTransporterEntfernung>
      <ModellTransporterEntfernung Start="StartA" Ziel="Garage">2</ModellTransporterEntfernung>
      <ModellTransporterEntfernung Start="StartA" Ziel="StartB">0</ModellTransporterEntfernung>
      <ModellTransporterEntfernung Start="StartA" Ziel="ZielA">1</ModellTransporterEntfernung>
      <ModellTransporterEntfernung Start="StartA" Ziel="ZielB">1</ModellTransporterEntfernung>
      <ModellTransporterEntfernung Start="StartB" Ziel="Garage">2</ModellTransporterEntfernung>
      <ModellTransporterEntfernung Start="StartB" Ziel="StartA">0</ModellTransporterEntfernung>
      <ModellTransporterEntfernung Start="StartB" Ziel="ZielA">1</ModellTransporterEntfernung>
      <ModellTransporterEntfernung Start="StartB" Ziel="ZielB">1</ModellTransporterEntfernung>
      <ModellTransporterEntfernung Start="ZielA" Ziel="Garage">2</ModellTransporterEntfernung>
      <ModellTransporterEntfernung Start="ZielA" Ziel="StartA">1</ModellTransporterEntfernung>
      <ModellTransporterEntfernung Start="ZielA" Ziel="StartB">1</ModellTransporterEntfernung>
      <ModellTransporterEntfernung Start="ZielA" Ziel="ZielB">0</ModellTransporterEntfernung>
      <ModellTransporterEntfernung Start="ZielB" Ziel="Garage">2</ModellTransporterEntfernung>
      <ModellTransporterEntfernung Start="ZielB" Ziel="StartA">1</ModellTransporterEntfernung>
      <ModellTransporterEntfernung Start="ZielB" Ziel="StartB">1</ModellTransporterEntfernung>
      <ModellTransporterEntfernung Start="ZielB" Ziel="ZielA">0</ModellTransporterEntfernung>
      <ModellTransporterTransferzeiten>distance*30</ModellTransporterTransferzeiten>
    </ModellTransporter>
  </ModellTransporterListe>
</Modell>
