<?xml version="1.0" encoding="UTF-8" standalone="no"?>
<!DOCTYPE Modell SYSTEM "https://www.mathematik.tu-clausthal.de/fileadmin/AG-StochastischeModelle/simulator/Simulator.dtd">
<Modell xmlns="https://www.mathematik.tu-clausthal.de" xmlns:xsi="http://www.w3.org/2001/XMLSchema-instance" xsi:schemaLocation="https://www.mathematik.tu-clausthal.de https://www.mathematik.tu-clausthal.de/fileadmin/AG-StochastischeModelle/simulator/Simulator.xsd">
  <ModellVersion>0.2.0</ModellVersion>
  <ModellName/>
  <ModellBeschreibung/>
  <ModellKunden Aktiv="1">2000000</ModellKunden>
  <ModellAufwaermphase>0.05</ModellAufwaermphase>
  <ModellAbbruchbedingung Aktiv="0"/>
  <ModellAbbruchzeit Aktiv="0">10:00:00:00</ModellAbbruchzeit>
  <ModellElemente>
    <ModellElementQuelle id="1">
      <ModellElementName>Kunden</ModellElementName>
      <ModellElementGroesse h="50" w="100" x="50" y="50"/>
      <ModellElementVerbindung Element="7" Typ="Auslaufend"/>
      <ModellElementVerteilung Zeitbasis="Sekunden">Exponentialverteilung (60)</ModellElementVerteilung>
    </ModellElementQuelle>
    <ModellElementVerzoegerung id="2">
      <ModellElementGroesse h="50" w="100" x="200" y="50"/>
      <ModellElementVerbindung Element="7" Typ="Einlaufend"/>
      <ModellElementVerbindung Element="8" Typ="Auslaufend"/>
      <ModellElementVerteilung Typ="Bedienzeit" Zeitbasis="Sekunden">Exponentialverteilung (50)</ModellElementVerteilung>
    </ModellElementVerzoegerung>
    <ModellElementVariable id="3">
      <ModellElementGroesse h="50" w="100" x="350" y="50"/>
      <ModellElementVerbindung Element="8" Typ="Einlaufend"/>
      <ModellElementVerbindung Element="9" Typ="Auslaufend"/>
      <ModellElementVariablenzuweisung Variable="clientdata(1)">p</ModellElementVariablenzuweisung>
    </ModellElementVariable>
    <ModellElementVariable id="4">
      <ModellElementGroesse h="50" w="100" x="650" y="50"/>
      <ModellElementVerbindung Element="10" Typ="Einlaufend"/>
      <ModellElementVerbindung Element="11" Typ="Auslaufend"/>
      <ModellElementVariablenzuweisung Variable="t">clientdata(1)</ModellElementVariablenzuweisung>
    </ModellElementVariable>
    <ModellElementVerzoegerung id="5">
      <ModellElementGroesse h="50" w="100" x="500" y="50"/>
      <ModellElementVerbindung Element="9" Typ="Einlaufend"/>
      <ModellElementVerbindung Element="10" Typ="Auslaufend"/>
      <ModellElementVerteilung Typ="Bedienzeit" Zeitbasis="Sekunden">Exponentialverteilung (100)</ModellElementVerteilung>
    </ModellElementVerzoegerung>
    <ModellElementEnde id="6">
      <ModellElementGroesse h="50" w="100" x="800" y="50"/>
      <ModellElementVerbindung Element="11" Typ="Einlaufend"/>
    </ModellElementEnde>
    <ModellElementKante id="7">
      <ModellElementName>Ankünfte (Kunden)</ModellElementName>
      <ModellElementVerbindung Element1="1" Element2="2" Typ="Kante"/>
    </ModellElementKante>
    <ModellElementKante id="8">
      <ModellElementVerbindung Element1="2" Element2="3" Typ="Kante"/>
    </ModellElementKante>
    <ModellElementKante id="9">
      <ModellElementVerbindung Element1="3" Element2="5" Typ="Kante"/>
    </ModellElementKante>
    <ModellElementKante id="10">
      <ModellElementVerbindung Element1="5" Element2="4" Typ="Kante"/>
    </ModellElementKante>
    <ModellElementKante id="11">
      <ModellElementVerbindung Element1="4" Element2="6" Typ="Kante"/>
    </ModellElementKante>
  </ModellElemente>
  <Ressourcen/>
  <KundentypenDaten/>
  <ModellZeitplaene/>
</Modell>
