<?xml version="1.0" encoding="UTF-8" standalone="no"?>
<!DOCTYPE Modell SYSTEM "http://www.tu-clausthal.de/fileadmin/simulator/Simulator.dtd">
<Modell xmlns="http://www.tu-clausthal.de" xmlns:xsi="http://www.w3.org/2001/XMLSchema-instance" xsi:schemaLocation="http://www.tu-clausthal.de http://www.tu-clausthal.de/fileadmin/simulator/Simulator.xsd">
  <ModellVersion>0.1.1</ModellVersion>
  <ModellName>Warteschlangensystemdesign</ModellName>
  <ModellBeschreibung>Vergleich mit diesen analytischen Modellen:
https://www.mathematik.tu-clausthal.de/interaktiv/warteschlangentheorie/warteschlangenrechnerdesign/
mit lambda=1,8 (Kunden/Minute) und mu=1 (Kunde/Minute).

Analytische Ergebnisse:

Gemeinsame Warteschlange:
Mittlere Anzahl an Kunden im System E[N]=9,47
Mittlere Wartezeit E[W]=4,26

Getrennte Warteschlangen:
Mittlere Anzahl an Kunden im System E[N]=18
Mittlere Wartezeit E[W]=9

2er Batche:
Mittlere Anzahl an Kunden im System E[N]=14,45
Mittlere Wartezeit E[W]=7,03

Schnellerer Bediener:
Mittlere Anzahl an Kunden im System E[N]=9
Mittlere Wartezeit E[W]=4,5</ModellBeschreibung>
  <ModellKunden>10000000</ModellKunden>
  <ModellAufwaermphase>0.05</ModellAufwaermphase>
  <ModellElemente>
    <ModellElementQuelle id="1">
      <ModellElementName>Kunden</ModellElementName>
      <ModellElementGroesse h="50" w="100" x="50" y="300"/>
      <ModellElementVerbindung Element="3" Typ="Auslaufend"/>
      <ModellElementVerteilung Zeitbasis="Sekunden">Exponentialverteilung (33.33)</ModellElementVerteilung>
    </ModellElementQuelle>
    <ModellElementDuplizieren id="2">
      <ModellElementGroesse h="50" w="100" x="300" y="300"/>
      <ModellElementVerbindung Element="3" Typ="Einlaufend"/>
      <ModellElementVerbindung Element="12" Typ="Auslaufend"/>
      <ModellElementVerbindung Element="7" Typ="Auslaufend"/>
      <ModellElementVerbindung Element="10" Typ="Auslaufend"/>
      <ModellElementVerbindung Element="18" Typ="Auslaufend"/>
    </ModellElementDuplizieren>
    <ModellElementKante id="3">
      <ModellElementName>Ankünfte (Kunden)</ModellElementName>
      <ModellElementVerbindung Element1="1" Element2="2" Typ="Kante"/>
    </ModellElementKante>
    <ModellElementBedienstation id="4">
      <ModellElementName>2 Bediener</ModellElementName>
      <ModellElementGroesse h="50" w="100" x="800" y="50"/>
      <ModellElementVerbindung Element="13" Typ="Einlaufend"/>
      <ModellElementVerbindung Element="23" Typ="Auslaufend"/>
      <ModellElementVerteilung Typ="Bedienzeiten" Zeitbasis="Sekunden">Exponentialverteilung (60)</ModellElementVerteilung>
      <ModellElementPrioritaet Kundentyp="Kunden">w</ModellElementPrioritaet>
      <ModellElementBediener Anzahl="1" Gruppe="Kasse1"/>
      <ModellElementBedienerPrioritaet>1</ModellElementBedienerPrioritaet>
    </ModellElementBedienstation>
    <ModellElementBedienstation id="5">
      <ModellElementName>1 Bediener (a)</ModellElementName>
      <ModellElementGroesse h="50" w="100" x="800" y="200"/>
      <ModellElementVerbindung Element="8" Typ="Einlaufend"/>
      <ModellElementVerbindung Element="24" Typ="Auslaufend"/>
      <ModellElementVerteilung Typ="Bedienzeiten" Zeitbasis="Sekunden">Exponentialverteilung (60)</ModellElementVerteilung>
      <ModellElementPrioritaet Kundentyp="Kunden">w</ModellElementPrioritaet>
      <ModellElementBediener Anzahl="1" Gruppe="Kasse2a"/>
      <ModellElementBedienerPrioritaet>1</ModellElementBedienerPrioritaet>
    </ModellElementBedienstation>
    <ModellElementBedienstation id="6">
      <ModellElementName>1 Bediener (b)</ModellElementName>
      <ModellElementGroesse h="50" w="100" x="800" y="300"/>
      <ModellElementVerbindung Element="9" Typ="Einlaufend"/>
      <ModellElementVerbindung Element="25" Typ="Auslaufend"/>
      <ModellElementVerteilung Typ="Bedienzeiten" Zeitbasis="Sekunden">Exponentialverteilung (60)</ModellElementVerteilung>
      <ModellElementPrioritaet Kundentyp="Kunden">w</ModellElementPrioritaet>
      <ModellElementBediener Anzahl="1" Gruppe="Kasse2b"/>
      <ModellElementBedienerPrioritaet>1</ModellElementBedienerPrioritaet>
    </ModellElementBedienstation>
    <ModellElementEcke id="11">
      <ModellElementGroesse h="10" w="10" x="595" y="70"/>
      <ModellElementVerbindung Element="12" Typ="Einlaufend"/>
      <ModellElementVerbindung Element="13" Typ="Auslaufend"/>
    </ModellElementEcke>
    <ModellElementKante id="12">
      <ModellElementName>Original</ModellElementName>
      <ModellElementVerbindung Element1="2" Element2="11" Typ="Kante"/>
    </ModellElementKante>
    <ModellElementKante id="13">
      <ModellElementVerbindung Element1="11" Element2="4" Typ="Kante"/>
    </ModellElementKante>
    <ModellElementBedienstation id="14">
      <ModellElementName>2 mu</ModellElementName>
      <ModellElementGroesse h="50" w="100" x="800" y="450"/>
      <ModellElementVerbindung Element="19" Typ="Einlaufend"/>
      <ModellElementVerbindung Element="26" Typ="Auslaufend"/>
      <ModellElementVerteilung Typ="Bedienzeiten" Zeitbasis="Sekunden">Exponentialverteilung (30)</ModellElementVerteilung>
      <ModellElementPrioritaet Kundentyp="Kunden">w</ModellElementPrioritaet>
      <ModellElementBediener Anzahl="1" Gruppe="Kasse3"/>
      <ModellElementBedienerPrioritaet>1</ModellElementBedienerPrioritaet>
    </ModellElementBedienstation>
    <ModellElementBedienstation id="15">
      <ModellElementName>2er Batch</ModellElementName>
      <ModellElementGroesse h="50" w="100" x="800" y="600"/>
      <ModellElementVerbindung Element="21" Typ="Einlaufend"/>
      <ModellElementVerbindung Element="27" Typ="Auslaufend"/>
      <ModellElementBatch Maximum="2" Minimum="2"/>
      <ModellElementVerteilung Typ="Bedienzeiten" Zeitbasis="Sekunden">Exponentialverteilung (60)</ModellElementVerteilung>
      <ModellElementPrioritaet Kundentyp="Kunden">w</ModellElementPrioritaet>
      <ModellElementBediener Anzahl="1" Gruppe="Kasse4"/>
      <ModellElementBedienerPrioritaet>1</ModellElementBedienerPrioritaet>
    </ModellElementBedienstation>
    <ModellElementEcke id="16">
      <ModellElementGroesse h="10" w="10" x="595" y="470"/>
      <ModellElementVerbindung Element="10" Typ="Einlaufend"/>
      <ModellElementVerbindung Element="19" Typ="Auslaufend"/>
    </ModellElementEcke>
    <ModellElementEcke id="17">
      <ModellElementGroesse h="10" w="10" x="595" y="620"/>
      <ModellElementVerbindung Element="18" Typ="Einlaufend"/>
      <ModellElementVerbindung Element="21" Typ="Auslaufend"/>
    </ModellElementEcke>
    <ModellElementKante id="19">
      <ModellElementVerbindung Element1="16" Element2="14" Typ="Kante"/>
    </ModellElementKante>
    <ModellElementKante id="21">
      <ModellElementVerbindung Element1="17" Element2="15" Typ="Kante"/>
    </ModellElementKante>
    <ModellElementEnde id="22">
      <ModellElementGroesse h="50" w="100" x="1150" y="380"/>
      <ModellElementVerbindung Element="23" Typ="Einlaufend"/>
      <ModellElementVerbindung Element="24" Typ="Einlaufend"/>
      <ModellElementVerbindung Element="25" Typ="Einlaufend"/>
      <ModellElementVerbindung Element="26" Typ="Einlaufend"/>
      <ModellElementVerbindung Element="27" Typ="Einlaufend"/>
    </ModellElementEnde>
    <ModellElementKante id="23">
      <ModellElementVerbindung Element1="4" Element2="22" Typ="Kante"/>
    </ModellElementKante>
    <ModellElementKante id="24">
      <ModellElementVerbindung Element1="5" Element2="22" Typ="Kante"/>
    </ModellElementKante>
    <ModellElementKante id="25">
      <ModellElementVerbindung Element1="6" Element2="22" Typ="Kante"/>
    </ModellElementKante>
    <ModellElementKante id="26">
      <ModellElementVerbindung Element1="14" Element2="22" Typ="Kante"/>
    </ModellElementKante>
    <ModellElementKante id="27">
      <ModellElementVerbindung Element1="15" Element2="22" Typ="Kante"/>
    </ModellElementKante>
    <ModellElementText id="28">
      <ModellElementName>Zwischenankunftszeit E[I]=33 Sek.</ModellElementName>
      <ModellElementGroesse h="19" w="213" x="50" y="265"/>
      <ModellElementSchriftgrosse>14</ModellElementSchriftgrosse>
      <ModellElementFarbe>0,0,0</ModellElementFarbe>
    </ModellElementText>
    <ModellElementText id="57">
      <ModellElementName>2 parallele Bediener, eine Warteschlange, E[S]=60 Sek.</ModellElementName>
      <ModellElementGroesse h="19" w="384" x="600" y="20"/>
      <ModellElementSchriftgrosse fett="1">14</ModellElementSchriftgrosse>
      <ModellElementFarbe>0,0,0</ModellElementFarbe>
    </ModellElementText>
    <ModellElementText id="29">
      <ModellElementName>2 parallele Bediener, 2 Warteschlangen, E[S]=60 Sek.</ModellElementName>
      <ModellElementGroesse h="19" w="370" x="600" y="170"/>
      <ModellElementSchriftgrosse fett="1">14</ModellElementSchriftgrosse>
      <ModellElementFarbe>0,0,0</ModellElementFarbe>
    </ModellElementText>
    <ModellElementText id="30">
      <ModellElementName>1 Bediener, 1 Warteschlangen, E[S]=30 Sek.</ModellElementName>
      <ModellElementGroesse h="19" w="305" x="600" y="420"/>
      <ModellElementSchriftgrosse fett="1">14</ModellElementSchriftgrosse>
      <ModellElementFarbe>0,0,0</ModellElementFarbe>
    </ModellElementText>
    <ModellElementText id="31">
      <ModellElementName>1 Bediener, 1 Warteschlangen, E[S]=30 Sek., Batch=2</ModellElementName>
      <ModellElementGroesse h="19" w="369" x="600" y="570"/>
      <ModellElementSchriftgrosse fett="1">14</ModellElementSchriftgrosse>
      <ModellElementFarbe>0,0,0</ModellElementFarbe>
    </ModellElementText>
    <ModellElementText id="32">
      <ModellElementName>Warteschlangensystemdesign</ModellElementName>
      <ModellElementGroesse h="23" w="265" x="50" y="15"/>
      <ModellElementSchriftgrosse fett="1">18</ModellElementSchriftgrosse>
      <ModellElementFarbe>0,0,0</ModellElementFarbe>
    </ModellElementText>
    <ModellElementVerzweigen id="33">
      <ModellElementName>50% / 50%</ModellElementName>
      <ModellElementGroesse h="50" w="100" x="600" y="250"/>
      <ModellElementVerzweigungsmodus>Zufall</ModellElementVerzweigungsmodus>
      <ModellElementVerbindung Element="7" Typ="Einlaufend"/>
      <ModellElementVerbindung Element="8" Rate="1" Typ="Auslaufend"/>
      <ModellElementVerbindung Element="9" Rate="1" Typ="Auslaufend"/>
    </ModellElementVerzweigen>
    <ModellElementKante id="8">
      <ModellElementName>Rate 1 (50%)</ModellElementName>
      <ModellElementVerbindung Element1="33" Element2="5" Typ="Kante"/>
    </ModellElementKante>
    <ModellElementKante id="9">
      <ModellElementName>Rate 1 (50%)</ModellElementName>
      <ModellElementVerbindung Element1="33" Element2="6" Typ="Kante"/>
    </ModellElementKante>
    <ModellElementKante id="7">
      <ModellElementName>Kopie 1</ModellElementName>
      <ModellElementVerbindung Element1="2" Element2="33" Typ="Kante"/>
    </ModellElementKante>
    <ModellElementKante id="10">
      <ModellElementName>Kopie 2</ModellElementName>
      <ModellElementVerbindung Element1="2" Element2="16" Typ="Kante"/>
    </ModellElementKante>
    <ModellElementKante id="18">
      <ModellElementName>Kopie 3</ModellElementName>
      <ModellElementVerbindung Element1="2" Element2="17" Typ="Kante"/>
    </ModellElementKante>
  </ModellElemente>
  <Ressourcen>
    <Ressource Name="Kasse1">2</Ressource>
    <Ressource Name="Kasse2a">1</Ressource>
    <Ressource Name="Kasse2b">1</Ressource>
    <Ressource Name="Kasse3">1</Ressource>
    <Ressource Name="Kasse4">1</Ressource>
  </Ressourcen>
</Modell>
