<?xml version="1.0" encoding="UTF-8" standalone="no"?>
<!DOCTYPE Modell SYSTEM "http://www.tu-clausthal.de/fileadmin/simulator/Simulator.dtd">
<Modell xmlns="http://www.tu-clausthal.de" xmlns:xsi="http://www.w3.org/2001/XMLSchema-instance" xsi:schemaLocation="http://www.tu-clausthal.de http://www.tu-clausthal.de/fileadmin/simulator/Simulator.xsd">
  <ModellVersion>0.1.1</ModellVersion>
  <ModellName>Warteschlangensystemdesign - Warteschlangen mit Steuerung</ModellName>
  <ModellBeschreibung>Vergleich mit diesen analytischen Modellen:
https://www.mathematik.tu-clausthal.de/interaktiv/warteschlangentheorie/warteschlangenrechnerdesign/
mit lambda=1,8 (Kunden/Minute) und mu=1 (Kunde/Minute).

Analytische Ergebnisse:

Gemeinsame Warteschlange:
Mittlere Anzahl an Kunden im System E[N]=9,47
Mittlere Wartezeit E[W]=4,26

Getrennte Warteschlangen:
Mittlere Anzahl an Kunden im System E[N]=18
Mittlere Wartezeit E[W]=9

2er Batche:
Mittlere Anzahl an Kunden im System E[N]=14,45
Mittlere Wartezeit E[W]=7,03

Schnellerer Bediener:
Mittlere Anzahl an Kunden im System E[N]=9
Mittlere Wartezeit E[W]=4,5</ModellBeschreibung>
  <ModellKunden>10000000</ModellKunden>
  <ModellAufwaermphase>0.05</ModellAufwaermphase>
  <ModellElemente>
    <ModellElementQuelle id="1">
      <ModellElementName>Kunden</ModellElementName>
      <ModellElementGroesse h="50" w="100" x="50" y="385"/>
      <ModellElementVerbindung Element="3" Typ="Auslaufend"/>
      <ModellElementVerteilung Zeitbasis="Sekunden">Exponentialverteilung (33.33)</ModellElementVerteilung>
    </ModellElementQuelle>
    <ModellElementDuplizieren id="2">
      <ModellElementGroesse h="50" w="100" x="350" y="385"/>
      <ModellElementVerbindung Element="3" Typ="Einlaufend"/>
      <ModellElementVerbindung Element="12" Typ="Auslaufend"/>
      <ModellElementVerbindung Element="16" Typ="Auslaufend"/>
      <ModellElementVerbindung Element="14" Typ="Auslaufend"/>
    </ModellElementDuplizieren>
    <ModellElementKante id="3">
      <ModellElementName>Ankünfte (Kunden)</ModellElementName>
      <ModellElementVerbindung Element1="1" Element2="2" Typ="Kante"/>
    </ModellElementKante>
    <ModellElementBedienstation id="4">
      <ModellElementName>2 Bediener</ModellElementName>
      <ModellElementGroesse h="50" w="100" x="1150" y="85"/>
      <ModellElementVerbindung Element="13" Typ="Einlaufend"/>
      <ModellElementVerbindung Element="23" Typ="Auslaufend"/>
      <ModellElementVerteilung Typ="Bedienzeiten" Zeitbasis="Sekunden">Exponentialverteilung (60)</ModellElementVerteilung>
      <ModellElementPrioritaet Kundentyp="Kunden">w</ModellElementPrioritaet>
      <ModellElementBediener Anzahl="1" Gruppe="Kasse1"/>
      <ModellElementBedienerPrioritaet>1</ModellElementBedienerPrioritaet>
    </ModellElementBedienstation>
    <ModellElementBedienstation id="5">
      <ModellElementName>1 Bediener (a)</ModellElementName>
      <ModellElementGroesse h="50" w="100" x="1150" y="235"/>
      <ModellElementVerbindung Element="8" Typ="Einlaufend"/>
      <ModellElementVerbindung Element="24" Typ="Auslaufend"/>
      <ModellElementVerteilung Typ="Bedienzeiten" Zeitbasis="Sekunden">Exponentialverteilung (60)</ModellElementVerteilung>
      <ModellElementPrioritaet Kundentyp="Kunden">w</ModellElementPrioritaet>
      <ModellElementBediener Anzahl="1" Gruppe="Kasse2a"/>
      <ModellElementBedienerPrioritaet>1</ModellElementBedienerPrioritaet>
    </ModellElementBedienstation>
    <ModellElementBedienstation id="6">
      <ModellElementName>1 Bediener (b)</ModellElementName>
      <ModellElementGroesse h="50" w="100" x="1150" y="335"/>
      <ModellElementVerbindung Element="9" Typ="Einlaufend"/>
      <ModellElementVerbindung Element="25" Typ="Auslaufend"/>
      <ModellElementVerteilung Typ="Bedienzeiten" Zeitbasis="Sekunden">Exponentialverteilung (60)</ModellElementVerteilung>
      <ModellElementPrioritaet Kundentyp="Kunden">w</ModellElementPrioritaet>
      <ModellElementBediener Anzahl="1" Gruppe="Kasse2b"/>
      <ModellElementBedienerPrioritaet>1</ModellElementBedienerPrioritaet>
    </ModellElementBedienstation>
    <ModellElementEnde id="22">
      <ModellElementGroesse h="50" w="100" x="1500" y="385"/>
      <ModellElementVerbindung Element="23" Typ="Einlaufend"/>
      <ModellElementVerbindung Element="24" Typ="Einlaufend"/>
      <ModellElementVerbindung Element="25" Typ="Einlaufend"/>
      <ModellElementVerbindung Element="27" Typ="Einlaufend"/>
      <ModellElementVerbindung Element="30" Typ="Einlaufend"/>
    </ModellElementEnde>
    <ModellElementKante id="23">
      <ModellElementVerbindung Element1="4" Element2="22" Typ="Kante"/>
    </ModellElementKante>
    <ModellElementKante id="24">
      <ModellElementVerbindung Element1="5" Element2="22" Typ="Kante"/>
    </ModellElementKante>
    <ModellElementKante id="25">
      <ModellElementVerbindung Element1="6" Element2="22" Typ="Kante"/>
    </ModellElementKante>
    <ModellElementText id="28">
      <ModellElementName>Zwischenankunftszeit E[I]=33 Sek.</ModellElementName>
      <ModellElementGroesse h="19" w="213" x="50" y="350"/>
      <ModellElementSchriftgrosse>14</ModellElementSchriftgrosse>
      <ModellElementFarbe>0,0,0</ModellElementFarbe>
    </ModellElementText>
    <ModellElementText id="57">
      <ModellElementName>2 parallele Bediener, eine Warteschlange, E[S]=60 Sek.</ModellElementName>
      <ModellElementGroesse h="19" w="384" x="950" y="55"/>
      <ModellElementSchriftgrosse fett="1">14</ModellElementSchriftgrosse>
      <ModellElementFarbe>0,0,0</ModellElementFarbe>
    </ModellElementText>
    <ModellElementText id="29">
      <ModellElementName>2 parallele Bediener, 2 Warteschlangen, E[S]=60 Sek.</ModellElementName>
      <ModellElementGroesse h="19" w="370" x="950" y="205"/>
      <ModellElementSchriftgrosse fett="1">14</ModellElementSchriftgrosse>
      <ModellElementFarbe>0,0,0</ModellElementFarbe>
    </ModellElementText>
    <ModellElementText id="32">
      <ModellElementName>Warteschlangensystemdesign - Warteschlangen mit Steuerung</ModellElementName>
      <ModellElementGroesse h="23" w="551" x="50" y="50"/>
      <ModellElementSchriftgrosse fett="1">18</ModellElementSchriftgrosse>
      <ModellElementFarbe>0,0,0</ModellElementFarbe>
    </ModellElementText>
    <ModellElementZuweisung id="33">
      <ModellElementName>Kunden A</ModellElementName>
      <ModellElementGroesse h="50" w="100" x="700" y="85"/>
      <ModellElementVerbindung Element="12" Typ="Einlaufend"/>
      <ModellElementVerbindung Element="13" Typ="Auslaufend"/>
    </ModellElementZuweisung>
    <ModellElementZuweisung id="34">
      <ModellElementName>Kunden B</ModellElementName>
      <ModellElementGroesse h="50" w="100" x="700" y="285"/>
      <ModellElementVerbindung Element="16" Typ="Einlaufend"/>
      <ModellElementVerbindung Element="7" Typ="Auslaufend"/>
    </ModellElementZuweisung>
    <ModellElementKante id="12">
      <ModellElementName>Original</ModellElementName>
      <ModellElementVerbindung Element1="2" Element2="33" Typ="Kante"/>
    </ModellElementKante>
    <ModellElementKante id="13">
      <ModellElementName>Neuer Kundentyp: Kunden A</ModellElementName>
      <ModellElementVerbindung Element1="33" Element2="4" Typ="Kante"/>
    </ModellElementKante>
    <ModellElementKante id="16">
      <ModellElementName>Kopie 1</ModellElementName>
      <ModellElementVerbindung Element1="2" Element2="34" Typ="Kante"/>
    </ModellElementKante>
    <ModellElementBedienstation id="63">
      <ModellElementName>1 Bediener (c)</ModellElementName>
      <ModellElementGroesse h="50" w="100" x="1150" y="485"/>
      <ModellElementVerbindung Element="20" Typ="Einlaufend"/>
      <ModellElementVerbindung Element="11" Typ="Einlaufend"/>
      <ModellElementVerbindung Element="27" Typ="Auslaufend"/>
      <ModellElementVerteilung Typ="Bedienzeiten" Zeitbasis="Sekunden">Exponentialverteilung (60)</ModellElementVerteilung>
      <ModellElementPrioritaet Kundentyp="Kunden">w</ModellElementPrioritaet>
      <ModellElementPrioritaet Kundentyp="Kunden A">w</ModellElementPrioritaet>
      <ModellElementPrioritaet Kundentyp="Kunden B">w</ModellElementPrioritaet>
      <ModellElementPrioritaet Kundentyp="Kunden C">w</ModellElementPrioritaet>
      <ModellElementBediener Anzahl="1" Gruppe="Kasse3a"/>
      <ModellElementBedienerPrioritaet>1</ModellElementBedienerPrioritaet>
    </ModellElementBedienstation>
    <ModellElementBedienstation id="64">
      <ModellElementName>1 Bediener (d)</ModellElementName>
      <ModellElementGroesse h="50" w="100" x="1150" y="585"/>
      <ModellElementVerbindung Element="21" Typ="Einlaufend"/>
      <ModellElementVerbindung Element="15" Typ="Einlaufend"/>
      <ModellElementVerbindung Element="30" Typ="Auslaufend"/>
      <ModellElementVerteilung Typ="Bedienzeiten" Zeitbasis="Sekunden">Exponentialverteilung (60)</ModellElementVerteilung>
      <ModellElementPrioritaet Kundentyp="Kunden">w</ModellElementPrioritaet>
      <ModellElementPrioritaet Kundentyp="Kunden A">w</ModellElementPrioritaet>
      <ModellElementPrioritaet Kundentyp="Kunden B">w</ModellElementPrioritaet>
      <ModellElementPrioritaet Kundentyp="Kunden C">w</ModellElementPrioritaet>
      <ModellElementBediener Anzahl="1" Gruppe="Kasse3b"/>
      <ModellElementBedienerPrioritaet>1</ModellElementBedienerPrioritaet>
    </ModellElementBedienstation>
    <ModellElementText id="87">
      <ModellElementName>2 parallele Bediener, 2 Warteschlangen, E[S]=60 Sek.</ModellElementName>
      <ModellElementGroesse h="19" w="370" x="950" y="455"/>
      <ModellElementSchriftgrosse fett="1">14</ModellElementSchriftgrosse>
      <ModellElementFarbe>0,0,0</ModellElementFarbe>
    </ModellElementText>
    <ModellElementZuweisung id="92">
      <ModellElementName>Kunden C</ModellElementName>
      <ModellElementGroesse h="50" w="100" x="550" y="535"/>
      <ModellElementVerbindung Element="14" Typ="Einlaufend"/>
      <ModellElementVerbindung Element="10" Typ="Auslaufend"/>
    </ModellElementZuweisung>
    <ModellElementKante id="14">
      <ModellElementName>Kopie 2</ModellElementName>
      <ModellElementVerbindung Element1="2" Element2="92" Typ="Kante"/>
    </ModellElementKante>
    <ModellElementKante id="27">
      <ModellElementVerbindung Element1="63" Element2="22" Typ="Kante"/>
    </ModellElementKante>
    <ModellElementKante id="30">
      <ModellElementVerbindung Element1="64" Element2="22" Typ="Kante"/>
    </ModellElementKante>
    <ModellElementText id="31">
      <ModellElementName>Zufällige Wahl der Kasse</ModellElementName>
      <ModellElementGroesse h="19" w="159" x="920" y="370"/>
      <ModellElementSchriftgrosse kursiv="1">14</ModellElementSchriftgrosse>
      <ModellElementFarbe>0,0,0</ModellElementFarbe>
    </ModellElementText>
    <ModellElementText id="124">
      <ModellElementName>Wahl der kürzeren Schlange</ModellElementName>
      <ModellElementGroesse h="19" w="182" x="855" y="610"/>
      <ModellElementSchriftgrosse kursiv="1">14</ModellElementSchriftgrosse>
      <ModellElementFarbe>0,0,0</ModellElementFarbe>
    </ModellElementText>
    <ModellElementText id="35">
      <ModellElementName>Die Wahl der kürzeren Warteschlange (Kunden C) ist</ModellElementName>
      <ModellElementGroesse h="19" w="339" x="400" y="635"/>
      <ModellElementSchriftgrosse kursiv="1">14</ModellElementSchriftgrosse>
      <ModellElementFarbe>0,0,0</ModellElementFarbe>
    </ModellElementText>
    <ModellElementText id="160">
      <ModellElementName>fast so gut, wie eine gemeinsame Warteschlange (Kunden A),</ModellElementName>
      <ModellElementGroesse h="19" w="389" x="400" y="655"/>
      <ModellElementSchriftgrosse kursiv="1">14</ModellElementSchriftgrosse>
      <ModellElementFarbe>0,0,0</ModellElementFarbe>
    </ModellElementText>
    <ModellElementText id="321">
      <ModellElementName>aber nur fast so gut.</ModellElementName>
      <ModellElementGroesse h="19" w="128" x="400" y="675"/>
      <ModellElementSchriftgrosse kursiv="1">14</ModellElementSchriftgrosse>
      <ModellElementFarbe>0,0,0</ModellElementFarbe>
    </ModellElementText>
    <ModellElementVerzweigen id="36">
      <ModellElementName>50% / 50%</ModellElementName>
      <ModellElementGroesse h="50" w="100" x="950" y="285"/>
      <ModellElementVerzweigungsmodus>Zufall</ModellElementVerzweigungsmodus>
      <ModellElementVerbindung Element="7" Typ="Einlaufend"/>
      <ModellElementVerbindung Element="8" Rate="1" Typ="Auslaufend"/>
      <ModellElementVerbindung Element="9" Rate="1" Typ="Auslaufend"/>
    </ModellElementVerzweigen>
    <ModellElementKante id="7">
      <ModellElementName>Neuer Kundentyp: Kunden B</ModellElementName>
      <ModellElementVerbindung Element1="34" Element2="36" Typ="Kante"/>
    </ModellElementKante>
    <ModellElementKante id="8">
      <ModellElementName>Rate 1 (50%)</ModellElementName>
      <ModellElementVerbindung Element1="36" Element2="5" Typ="Kante"/>
    </ModellElementKante>
    <ModellElementKante id="9">
      <ModellElementName>Rate 1 (50%)</ModellElementName>
      <ModellElementVerbindung Element1="36" Element2="6" Typ="Kante"/>
    </ModellElementKante>
    <ModellElementVerzweigen id="17">
      <ModellElementName>50% / 50%</ModellElementName>
      <ModellElementGroesse h="50" w="100" x="800" y="735"/>
      <ModellElementVerzweigungsmodus>Zufall</ModellElementVerzweigungsmodus>
      <ModellElementVerbindung Element="18" Typ="Einlaufend"/>
      <ModellElementVerbindung Element="20" Rate="1" Typ="Auslaufend"/>
      <ModellElementVerbindung Element="21" Rate="1" Typ="Auslaufend"/>
    </ModellElementVerzweigen>
    <ModellElementKante id="20">
      <ModellElementName>Rate 1 (50%)</ModellElementName>
      <ModellElementVerbindung Element1="17" Element2="63" Typ="Kante"/>
    </ModellElementKante>
    <ModellElementKante id="21">
      <ModellElementName>Rate 1 (50%)</ModellElementName>
      <ModellElementVerbindung Element1="17" Element2="64" Typ="Kante"/>
    </ModellElementKante>
    <ModellElementVerzweigen id="26">
      <ModellElementName>Kürzere Schl.</ModellElementName>
      <ModellElementGroesse h="50" w="100" x="800" y="535"/>
      <ModellElementVerzweigungsmodus>Bedingung</ModellElementVerzweigungsmodus>
      <ModellElementVerbindung Element="10" Typ="Einlaufend"/>
      <ModellElementVerbindung Bedingung="NQ(63)&lt;NQ(64)" Element="11" Typ="Auslaufend"/>
      <ModellElementVerbindung Bedingung="NQ(64)&lt;NQ(63)" Element="15" Typ="Auslaufend"/>
      <ModellElementVerbindung Element="18" Typ="Auslaufend"/>
    </ModellElementVerzweigen>
    <ModellElementKante id="10">
      <ModellElementName>Neuer Kundentyp: Kunden C</ModellElementName>
      <ModellElementVerbindung Element1="92" Element2="26" Typ="Kante"/>
    </ModellElementKante>
    <ModellElementKante id="11">
      <ModellElementName>Bedingung 1</ModellElementName>
      <ModellElementVerbindung Element1="26" Element2="63" Typ="Kante"/>
    </ModellElementKante>
    <ModellElementKante id="15">
      <ModellElementName>Bedingung 2</ModellElementName>
      <ModellElementVerbindung Element1="26" Element2="64" Typ="Kante"/>
    </ModellElementKante>
    <ModellElementKante id="18">
      <ModellElementName>Fall "sonst"</ModellElementName>
      <ModellElementVerbindung Element1="26" Element2="17" Typ="Kante"/>
    </ModellElementKante>
  </ModellElemente>
  <Ressourcen>
    <Ressource Name="Kasse1">2</Ressource>
    <Ressource Name="Kasse2a">1</Ressource>
    <Ressource Name="Kasse2b">1</Ressource>
    <Ressource Name="Kasse3a">1</Ressource>
    <Ressource Name="Kasse3b">1</Ressource>
  </Ressourcen>
</Modell>
